Words,Features,# of words in apple,# of unique words in all documents,Condition prob of given word in apple
apple,810,5206,2844,0.100745342
crack,4,5206,2844,0.000621118
ad,4,5206,2844,0.000621118
carrier,1,5206,2844,0.000248447
support,14,5206,2844,0.001863354
announc,4,5206,2844,0.000621118
hilariou,1,5206,2844,0.000248447
video,12,5206,2844,0.001614907
duet,1,5206,2844,0.000248447
pretty,8,5206,2844,0.001118012
much,14,5206,2844,0.001863354
sum,1,5206,2844,0.000248447
love,23,5206,2844,0.002981366
affair,1,5206,2844,0.000248447
made,13,5206,2844,0.00173913
easy,4,5206,2844,0.000621118
switch,3,5206,2844,0.000496894
realize,3,5206,2844,0.000496894
reason,1,5206,2844,0.000248447
twitter,21,5206,2844,0.002732919
thank,45,5206,2844,0.005714286
current,1,5206,2844,0.000248447
blackberry,16,5206,2844,0.002111801
user,11,5206,2844,0.001490683
little,7,5206,2844,0.000993789
disappoint,7,5206,2844,0.000993789
move,6,5206,2844,0.000869565
android,8,5206,2844,0.001118012
strangest,1,5206,2844,0.000248447
thing,13,5206,2844,0.00173913
said,6,5206,2844,0.000869565
glad,7,5206,2844,0.000993789
gave,2,5206,2844,0.000372671
sense,1,5206,2844,0.000248447
humor,1,5206,2844,0.000248447
great,34,5206,2844,0.004347826
close,4,5206,2844,0.000621118
personal,1,5206,2844,0.000248447
event,3,5206,2844,0.000496894
tonight,2,5206,2844,0.000372671
regent,2,5206,2844,0.000372671
store,64,5206,2844,0.008074534
compani,3,5206,2844,0.000496894
experience,5,5206,2844,0.000745342
best,11,5206,2844,0.001490683
customer,22,5206,2844,0.002857143
service,26,5206,2844,0.003354037
aside,1,5206,2844,0.000248447
apply,1,5206,2844,0.000248447
hope,6,5206,2844,0.000869565
call,18,5206,2844,0.002360248
think,15,5206,2844,0.001987578
magical,3,5206,2844,0.000496894
dy,3,5206,2844,0.000496894
suggest,3,5206,2844,0.000496894
find,7,5206,2844,0.000993789
whore,2,5206,2844,0.000372671
hide,2,5206,2844,0.000372671
body,1,5206,2844,0.000248447
register,2,5206,2844,0.000372671
developer,2,5206,2844,0.000372671
actually,7,5206,2844,0.000993789
help,10,5206,2844,0.00136646
greatly,2,5206,2844,0.000372671
appreciate,2,5206,2844,0.000372671
deal,5,5206,2844,0.000745342
first,18,5206,2844,0.002360248
model,4,5206,2844,0.000621118
offer,2,5206,2844,0.000372671
refurbish,1,5206,2844,0.000248447
come,12,5206,2844,0.001614907
dark,3,5206,2844,0.000496894
side,2,5206,2844,0.000372671
send,17,5206,2844,0.002236025
free,7,5206,2844,0.000993789
publicly,4,5206,2844,0.000621118
ceremoniously,2,5206,2844,0.000372671
burn,2,5206,2844,0.000372671
version,3,5206,2844,0.000496894
locate,1,5206,2844,0.000248447
wipe,1,5206,2844,0.000248447
stolen,1,5206,2844,0.000248447
garden,2,5206,2844,0.000372671
replac,8,5206,2844,0.001118012
lunch,2,5206,2844,0.000372671
break,4,5206,2844,0.000621118
today,17,5206,2844,0.002236025
warranty,2,5206,2844,0.000372671
replace,3,5206,2844,0.000496894
bound,1,5206,2844,0.000248447
playbook,1,5206,2844,0.000248447
team,3,5206,2844,0.000496894
amaz,12,5206,2844,0.001614907
featur,3,5206,2844,0.000496894
education,2,5206,2844,0.000372671
sweet,6,5206,2844,0.000869565
want,21,5206,2844,0.002732919
done,14,5206,2844,0.001863354
right,14,5206,2844,0.001863354
useless,2,5206,2844,0.000372671
day,10,5206,2844,0.00136646
unexpect,1,5206,2844,0.000248447
workshop,1,5206,2844,0.000248447
Yesterday,2,5206,2844,0.000372671
awesome,7,5206,2844,0.000993789
amount,1,5206,2844,0.000248447
info,2,5206,2844,0.000372671
question,2,5206,2844,0.000372671
people,11,5206,2844,0.001490683
bitch,3,5206,2844,0.000496894
smartest,2,5206,2844,0.000372671
phone,47,5206,2844,0.005962733
ever,15,5206,2844,0.001987578
happy,7,5206,2844,0.000993789
point,4,5206,2844,0.000621118
mentor,1,5206,2844,0.000248447
triple,1,5206,2844,0.000248447
umber,7,5206,2844,0.000993789
well,14,5206,2844,0.001863354
mobile,5,5206,2844,0.000745342
device,7,5206,2844,0.000993789
talk,8,5206,2844,0.001118012
desktop,2,5206,2844,0.000372671
coach,1,5206,2844,0.000248447
bring,3,5206,2844,0.000496894
wish,5,5206,2844,0.000745342
sell,11,5206,2844,0.001490683
million,20,5206,2844,0.002608696
unit,2,5206,2844,0.000372671
weekend,17,5206,2844,0.002236025
job,25,5206,2844,0.003229814
brilliance,1,5206,2844,0.000248447
live,5,5206,2844,0.000745342
apologize,1,5206,2844,0.000248447
download,10,5206,2844,0.00136646
prove,2,5206,2844,0.000372671
popular,1,5206,2844,0.000248447
look,9,5206,2844,0.001242236
argument,1,5206,2844,0.000248447
incredible,4,5206,2844,0.000621118
better,18,5206,2844,0.002360248
save,6,5206,2844,0.000869565
unwant,1,5206,2844,0.000248447
seen,5,5206,2844,0.000745342
light,3,5206,2844,0.000496894
fix,10,5206,2844,0.00136646
battery,22,5206,2844,0.002857143
drain,6,5206,2844,0.000869565
problem,13,5206,2844,0.00173913
replacement,3,5206,2844,0.000496894
work,27,5206,2844,0.003478261
like,32,5206,2844,0.004099379
champ,2,5206,2844,0.000372671
currently,0,5206,2844,0.000124224
order,5,5206,2844,0.000745342
brand,3,5206,2844,0.000496894
Year,11,5206,2844,0.001490683
miss,11,5206,2844,0.001490683
time,36,5206,2844,0.004596273
bless,2,5206,2844,0.000372671
know,16,5206,2844,0.002111801
brother,2,5206,2844,0.000372671
girlfriend,1,5206,2844,0.000248447
least,2,5206,2844,0.000372671
wait,20,5206,2844,0.002608696
music,8,5206,2844,0.001118012
glass,1,5206,2844,0.000248447
debut,1,5206,2844,0.000248447
technology,6,5206,2844,0.000869565
unreal,1,5206,2844,0.000248447
update,41,5206,2844,0.005217391
another,9,5206,2844,0.001242236
mention,1,5206,2844,0.000248447
get,14,5206,2844,0.001863354
forward,3,5206,2844,0.000496894
stick,1,5206,2844,0.000248447
longer,4,5206,2844,0.000621118
pay,1,5206,2844,0.000248447
text,10,5206,2844,0.00136646
hate,9,5206,2844,0.001242236
computer,10,5206,2844,0.00136646
need,29,5206,2844,0.003726708
mack,1,5206,2844,0.000248447
flawless,2,5206,2844,0.000372671
cloud,5,5206,2844,0.000745342
totally,3,5206,2844,0.000496894
email,6,5206,2844,0.000869565
company,4,5206,2844,0.000621118
alway,5,5206,2844,0.000745342
upgrade,20,5206,2844,0.002608696
nice,8,5206,2844,0.001118012
tech,23,5206,2844,0.002981366
mall,0,5206,2844,0.000124224
faster,1,5206,2844,0.000248447
even,14,5206,2844,0.001863354
though,5,5206,2844,0.000745342
hubby,2,5206,2844,0.000372671
geek,1,5206,2844,0.000248447
make,25,5206,2844,0.003229814
thankful,2,5206,2844,0.000372671
go,13,5206,2844,0.00173913
beyond,1,5206,2844,0.000248447
sick,2,5206,2844,0.000372671
play,5,5206,2844,0.000745342
camera,3,5206,2844,0.000496894
Yeah,3,5206,2844,0.000496894
chang,5,5206,2844,0.000745342
life,8,5206,2844,0.001118012
safari,1,5206,2844,0.000248447
reader,1,5206,2844,0.000248447
own,1,5206,2844,0.000248447
worldwide,2,5206,2844,0.000372671
case,7,5206,2844,0.000993789
hand,2,5206,2844,0.000372671
walk,2,5206,2844,0.000372671
laid,1,5206,2844,0.000248447
next,11,5206,2844,0.001490683
last,11,5206,2844,0.001490683
us,14,5206,2844,0.001863354
disruption,1,5206,2844,0.000248447
lost,10,5206,2844,0.00136646
gig,1,5206,2844,0.000248447
keep,9,5206,2844,0.001242236
Yessss,0,5206,2844,0.000124224
especially,1,5206,2844,0.000248447
slide,1,5206,2844,0.000248447
screen,11,5206,2844,0.001490683
good,13,5206,2844,0.00173913
second,3,5206,2844,0.000496894
madness,1,5206,2844,0.000248447
invest,1,5206,2844,0.000248447
gear,2,5206,2844,0.000372671
sent,4,5206,2844,0.000621118
grandma,1,5206,2844,0.000248447
post,7,5206,2844,0.000993789
card,8,5206,2844,0.001118012
sorry,2,5206,2844,0.000372671
put,1,5206,2844,0.000248447
wash,2,5206,2844,0.000372671
kind,1,5206,2844,0.000248447
equivalent,1,5206,2844,0.000248447
blend,2,5206,2844,0.000372671
hear,7,5206,2844,0.000993789
still,15,5206,2844,0.001987578
alive,0,5206,2844,0.000124224
launder,0,5206,2844,0.000124224
finest,1,5206,2844,0.000248447
moment,1,5206,2844,0.000248447
dry,1,5206,2844,0.000248447
organic,1,5206,2844,0.000248447
rice,1,5206,2844,0.000248447
boot,1,5206,2844,0.000248447
system,5,5206,2844,0.000745342
smash,3,5206,2844,0.000496894
lock,3,5206,2844,0.000496894
open,6,5206,2844,0.000869565
unlock,3,5206,2844,0.000496894
word,3,5206,2844,0.000496894
sale,9,5206,2844,0.001242236
four,8,5206,2844,0.001118012
easter,3,5206,2844,0.000496894
egg,3,5206,2844,0.000496894
pull,8,5206,2844,0.001118012
middle,4,5206,2844,0.000621118
bottom,5,5206,2844,0.000745342
feature,12,5206,2844,0.001614907
simply,2,5206,2844,0.000372671
must,8,5206,2844,0.001118012
admit,1,5206,2844,0.000248447
camper,1,5206,2844,0.000248447
tone,3,5206,2844,0.000496894
ring,2,5206,2844,0.000372671
drake,1,5206,2844,0.000248447
receiv,2,5206,2844,0.000372671
ipod,20,5206,2844,0.002608696
wife,1,5206,2844,0.000248447
upgrad,7,5206,2844,0.000993789
alone,2,5206,2844,0.000372671
worth,2,5206,2844,0.000372671
continu,2,5206,2844,0.000372671
enhance,1,5206,2844,0.000248447
honor,6,5206,2844,0.000869565
truly,2,5206,2844,0.000372671
loss,1,5206,2844,0.000248447
geniu,23,5206,2844,0.002981366
notifi,1,5206,2844,0.000248447
arriv,1,5206,2844,0.000248447
local,1,5206,2844,0.000248447
office,4,5206,2844,0.000621118
deliver,3,5206,2844,0.000496894
sunday,1,5206,2844,0.000248447
magic,1,5206,2844,0.000248447
meet,1,5206,2844,0.000248447
butler,1,5206,2844,0.000248447
click,5,5206,2844,0.000745342
link,5,5206,2844,0.000745342
never,10,5206,2844,0.00136646
feel,5,5206,2844,0.000745342
worst,6,5206,2844,0.000869565
speaker,1,5206,2844,0.000248447
spoil,1,5206,2844,0.000248447
luck,2,5206,2844,0.000372671
surviv,1,5206,2844,0.000248447
addict,1,5206,2844,0.000248447
welcome,2,5206,2844,0.000372671
club,1,5206,2844,0.000248447
innovation,3,5206,2844,0.000496894
exhibit,1,5206,2844,0.000248447
instead,2,5206,2844,0.000372671
watch,5,5206,2844,0.000745342
game,2,5206,2844,0.000372671
sport,1,5206,2844,0.000248447
hiss,1,5206,2844,0.000248447
berry,1,5206,2844,0.000248447
power,7,5206,2844,0.000993789
guy,5,5206,2844,0.000745342
witchcraft,1,5206,2844,0.000248447
lead,3,5206,2844,0.000496894
notification,4,5206,2844,0.000621118
search,3,5206,2844,0.000496894
cover,2,5206,2844,0.000372671
mail,5,5206,2844,0.000745342
wifi,2,5206,2844,0.000372671
sync,10,5206,2844,0.00136646
backup,3,5206,2844,0.000496894
integrate,4,5206,2844,0.000621118
jame,3,5206,2844,0.000496894
stewart,2,5206,2844,0.000372671
story,2,5206,2844,0.000372671
importance,2,5206,2844,0.000372671
architecture,2,5206,2844,0.000372671
retail,3,5206,2844,0.000496894
success,6,5206,2844,0.000869565
world,13,5206,2844,0.00173913
impressive,1,5206,2844,0.000248447
metro,1,5206,2844,0.000248447
centre,1,5206,2844,0.000248447
cable,1,5206,2844,0.000248447
book,4,5206,2844,0.000621118
grati,2,5206,2844,0.000372671
show,13,5206,2844,0.00173913
hairline,2,5206,2844,0.000372671
happen,6,5206,2844,0.000869565
edge,1,5206,2844,0.000248447
taken,2,5206,2844,0.000372671
min,1,5206,2844,0.000248447
write,1,5206,2844,0.000248447
convert,2,5206,2844,0.000372671
grass,1,5206,2844,0.000248447
greener,1,5206,2844,0.000248447
backside,2,5206,2844,0.000372671
impress,2,5206,2844,0.000372671
space,3,5206,2844,0.000496894
creative,1,5206,2844,0.000248447
product,15,5206,2844,0.001987578
inspire,1,5206,2844,0.000248447
unbelievable,1,5206,2844,0.000248447
present,1,5206,2844,0.000248447
requir,0,5206,2844,0.000124224
finally,2,5206,2844,0.000372671
stupid,4,5206,2844,0.000621118
learn,2,5206,2844,0.000372671
lesson,0,5206,2844,0.000124224
absolutely,4,5206,2844,0.000621118
invent,4,5206,2844,0.000621118
parent,1,5206,2844,0.000248447
listen,4,5206,2844,0.000621118
create,2,5206,2844,0.000372671
folder,5,5206,2844,0.000745342
within,1,5206,2844,0.000248447
photo,11,5206,2844,0.001490683
album,5,5206,2844,0.000745342
thorn,1,5206,2844,0.000248447
workstation,1,5206,2844,0.000248447
di,2,5206,2844,0.000372671
month,6,5206,2844,0.000869565
long,3,5206,2844,0.000496894
hello,12,5206,2844,0.001614907
really,27,5206,2844,0.003478261
throw,2,5206,2844,0.000372671
trash,1,5206,2844,0.000248447
upload,1,5206,2844,0.000248447
issue,17,5206,2844,0.002236025
submit,1,5206,2844,0.000248447
idea,2,5206,2844,0.000372671
beta,1,5206,2844,0.000248447
crazy,2,5206,2844,0.000372671
crop,1,5206,2844,0.000248447
prop,1,5206,2844,0.000248447
employee,1,5206,2844,0.000248447
charge,6,5206,2844,0.000869565
back,19,5206,2844,0.002484472
plate,1,5206,2844,0.000248447
mouse,6,5206,2844,0.000869565
voice,8,5206,2844,0.001118012
recognition,2,5206,2844,0.000372671
step,3,5206,2844,0.000496894
previou,1,5206,2844,0.000248447
attempt,2,5206,2844,0.000372671
bravo,1,5206,2844,0.000248447
sprint,5,5206,2844,0.000745342
expect,1,5206,2844,0.000248447
touch,15,5206,2844,0.001987578
coolness,1,5206,2844,0.000248447
apparently,5,5206,2844,0.000745342
storage,4,5206,2844,0.000621118
tell,9,5206,2844,0.001242236
full,7,5206,2844,0.000993789
expensive,2,5206,2844,0.000372671
went,6,5206,2844,0.000869565
loyalty,2,5206,2844,0.000372671
kill,4,5206,2844,0.000621118
tune,1,5206,2844,0.000248447
lonely,1,5206,2844,0.000248447
silly,1,5206,2844,0.000248447
hurry,2,5206,2844,0.000372671
release,9,5206,2844,0.001242236
exchange,1,5206,2844,0.000248447
cord,2,5206,2844,0.000372671
airdrop,1,5206,2844,0.000248447
fail,16,5206,2844,0.002111801
immediate,1,5206,2844,0.000248447
declin,1,5206,2844,0.000248447
request,1,5206,2844,0.000248447
every,13,5206,2844,0.00173913
article,5,5206,2844,0.000745342
fuck,29,5206,2844,0.003726708
lion,9,5206,2844,0.001242236
future,3,5206,2844,0.000496894
complain,4,5206,2844,0.000621118
Yellow,2,5206,2844,0.000372671
tint,2,5206,2844,0.000372671
contact,8,5206,2844,0.001118012
picture,1,5206,2844,0.000248447
list,4,5206,2844,0.000621118
simple,5,5206,2844,0.000745342
major,2,5206,2844,0.000372671
ask,1,5206,2844,0.000248447
dream,2,5206,2844,0.000372671
electric,1,5206,2844,0.000248447
sleep,1,5206,2844,0.000248447
answer,3,5206,2844,0.000496894
opportunity,1,5206,2844,0.000248447
surprise,1,5206,2844,0.000248447
error,3,5206,2844,0.000496894
alert,1,5206,2844,0.000248447
authorize,3,5206,2844,0.000496894
button,4,5206,2844,0.000621118
evil,2,5206,2844,0.000372671
lord,1,5206,2844,0.000248447
blaze,1,5206,2844,0.000248447
inferno,0,5206,2844,0.000124224
obviously,1,5206,2844,0.000248447
noth,7,5206,2844,0.000993789
perfect,1,5206,2844,0.000248447
opposite,1,5206,2844,0.000248447
please,18,5206,2844,0.002360248
delete,1,5206,2844,0.000248447
dick,2,5206,2844,0.000372671
sign,3,5206,2844,0.000496894
seriously,6,5206,2844,0.000869565
of,1,5206,2844,0.000248447
clue,1,5206,2844,0.000248447
mean,2,5206,2844,0.000372671
authorization,1,5206,2844,0.000248447
harder,3,5206,2844,0.000496894
purchas,6,5206,2844,0.000869565
shit,12,5206,2844,0.001614907
data,6,5206,2844,0.000869565
media,2,5206,2844,0.000372671
take,8,5206,2844,0.001118012
rebuild,0,5206,2844,0.000124224
vega,1,5206,2844,0.000248447
give,9,5206,2844,0.001242236
hour,18,5206,2844,0.002360248
wonky,1,5206,2844,0.000248447
dear,13,5206,2844,0.00173913
destroy,2,5206,2844,0.000372671
productivity,1,5206,2844,0.000248447
lack,3,5206,2844,0.000496894
frustrate,1,5206,2844,0.000248447
ruin,1,5206,2844,0.000248447
turn,12,5206,2844,0.001614907
utterly,2,5206,2844,0.000372671
pile,1,5206,2844,0.000248447
sure,6,5206,2844,0.000869565
duff,1,5206,2844,0.000248447
almost,1,5206,2844,0.000248447
week,6,5206,2844,0.000869565
paid,4,5206,2844,0.000621118
match,1,5206,2844,0.000248447
remov,2,5206,2844,0.000372671
hard,3,5206,2844,0.000496894
suck,6,5206,2844,0.000869565
interest,4,5206,2844,0.000621118
note,3,5206,2844,0.000496894
removable,1,5206,2844,0.000248447
launch,7,5206,2844,0.000993789
can,1,5206,2844,0.000248447
jackass,1,5206,2844,0.000248447
shoot,1,5206,2844,0.000248447
shuffle,1,5206,2844,0.000248447
sound,5,5206,2844,0.000745342
quality,4,5206,2844,0.000621118
painfully,2,5206,2844,0.000372671
crap,3,5206,2844,0.000496894
downgrade,1,5206,2844,0.000248447
wise,1,5206,2844,0.000248447
slow,4,5206,2844,0.000621118
stuck,5,5206,2844,0.000745342
half,5,5206,2844,0.000745342
thankfully,1,5206,2844,0.000248447
damage,2,5206,2844,0.000372671
thorough,1,5206,2844,0.000248447
cost,2,5206,2844,0.000372671
mightily,0,5206,2844,0.000124224
include,1,5206,2844,0.000248447
song,4,5206,2844,0.000621118
compilation,1,5206,2844,0.000248447
artist,2,5206,2844,0.000372671
name,7,5206,2844,0.000993789
exclaim,1,5206,2844,0.000248447
whole,1,5206,2844,0.000248447
total,1,5206,2844,0.000248447
chao,1,5206,2844,0.000248447
street,1,5206,2844,0.000248447
ethiopian,1,5206,2844,0.000248447
feed,1,5206,2844,0.000248447
station,1,5206,2844,0.000248447
believe,2,5206,2844,0.000372671
cool,1,5206,2844,0.000248447
purchase,5,5206,2844,0.000745342
survey,1,5206,2844,0.000248447
correction,0,5206,2844,0.000124224
kudo,1,5206,2844,0.000248447
alamo,1,5206,2844,0.000248447
ranch,1,5206,2844,0.000248447
resolve,3,5206,2844,0.000496894
hero,1,5206,2844,0.000248447
stand,1,5206,2844,0.000248447
line,15,5206,2844,0.001987578
newest,1,5206,2844,0.000248447
sucker,1,5206,2844,0.000248447
braille,1,5206,2844,0.000248447
bump,1,5206,2844,0.000248447
crush,1,5206,2844,0.000248447
already,7,5206,2844,0.000993789
schedule,3,5206,2844,0.000496894
summer,2,5206,2844,0.000372671
thursday,1,5206,2844,0.000248447
available,7,5206,2844,0.000993789
appointment,2,5206,2844,0.000372671
allow,3,5206,2844,0.000496894
push,2,5206,2844,0.000372671
Yap,1,5206,2844,0.000248447
message,7,5206,2844,0.000993789
icon,3,5206,2844,0.000496894
includ,1,5206,2844,0.000248447
require,1,5206,2844,0.000248447
reservation,6,5206,2844,0.000869565
crappy,2,5206,2844,0.000372671
keyboard,4,5206,2844,0.000621118
around,1,5206,2844,0.000248447
progress,1,5206,2844,0.000248447
function,2,5206,2844,0.000372671
page,12,5206,2844,0.001614907
awful,2,5206,2844,0.000372671
interrupt,1,5206,2844,0.000248447
piece,4,5206,2844,0.000621118
dollar,1,5206,2844,0.000248447
charg,3,5206,2844,0.000496894
slowly,1,5206,2844,0.000248447
solve,1,5206,2844,0.000248447
pick,3,5206,2844,0.000496894
set,3,5206,2844,0.000496894
calendar,2,5206,2844,0.000372671
item,5,5206,2844,0.000745342
program,2,5206,2844,0.000372671
software,4,5206,2844,0.000621118
repair,3,5206,2844,0.000496894
proper,2,5206,2844,0.000372671
consolidation,1,5206,2844,0.000248447
stop,7,5206,2844,0.000993789
lose,4,5206,2844,0.000621118
bought,1,5206,2844,0.000248447
ship,1,5206,2844,0.000248447
enable,1,5206,2844,0.000248447
plan,3,5206,2844,0.000496894
handle,1,5206,2844,0.000248447
prevent,1,5206,2844,0.000248447
audio,2,5206,2844,0.000372671
operate,1,5206,2844,0.000248447
properly,4,5206,2844,0.000621118
hater,1,5206,2844,0.000248447
buttery,1,5206,2844,0.000248447
finish,1,5206,2844,0.000248447
fast,1,5206,2844,0.000248447
signal,3,5206,2844,0.000496894
rapidly,1,5206,2844,0.000248447
canon,3,5206,2844,0.000496894
compact,1,5206,2844,0.000248447
flash,2,5206,2844,0.000372671
goe,3,5206,2844,0.000496894
damn,7,5206,2844,0.000993789
term,1,5206,2844,0.000248447
condition,1,5206,2844,0.000248447
read,6,5206,2844,0.000869565
late,4,5206,2844,0.000621118
screw,4,5206,2844,0.000621118
alarm,2,5206,2844,0.000372671
dose,1,5206,2844,0.000248447
decide,2,5206,2844,0.000372671
freeze,4,5206,2844,0.000621118
wont,2,5206,2844,0.000372671
annoy,4,5206,2844,0.000621118
officially,3,5206,2844,0.000496894
boycot,2,5206,2844,0.000372671
curse,2,5206,2844,0.000372671
wast,4,5206,2844,0.000621118
seek,1,5206,2844,0.000248447
japan,2,5206,2844,0.000372671
australia,3,5206,2844,0.000496894
patent,2,5206,2844,0.000372671
intensifi,1,5206,2844,0.000248447
injunction,1,5206,2844,0.000248447
sought,1,5206,2844,0.000248447
dead,4,5206,2844,0.000621118
restore,11,5206,2844,0.001490683
pain,1,5206,2844,0.000248447
room,1,5206,2844,0.000248447
undo,2,5206,2844,0.000372671
garbage,1,5206,2844,0.000248447
avail,1,5206,2844,0.000248447
site,1,5206,2844,0.000248447
browser,1,5206,2844,0.000248447
trouble,6,5206,2844,0.000869565
brightness,2,5206,2844,0.000372671
remember,3,5206,2844,0.000496894
enter,1,5206,2844,0.000248447
market,6,5206,2844,0.000869565
piss,7,5206,2844,0.000993789
certain,1,5206,2844,0.000248447
worse,2,5206,2844,0.000372671
newton,1,5206,2844,0.000248447
hockey,1,5206,2844,0.000248447
puck,1,5206,2844,0.000248447
painful,2,5206,2844,0.000372671
invention,1,5206,2844,0.000248447
account,3,5206,2844,0.000496894
suddenly,1,5206,2844,0.000248447
address,2,5206,2844,0.000372671
someone,7,5206,2844,0.000993789
window,6,5206,2844,0.000869565
compatible,1,5206,2844,0.000248447
care,2,5206,2844,0.000372671
restor,1,5206,2844,0.000248447
restriction,1,5206,2844,0.000248447
none,2,5206,2844,0.000372671
seemingly,1,5206,2844,0.000248447
endless,1,5206,2844,0.000248447
loop,3,5206,2844,0.000496894
investigate,1,5206,2844,0.000248447
terrible,3,5206,2844,0.000496894
apology,1,5206,2844,0.000248447
busy,3,5206,2844,0.000496894
stylu,1,5206,2844,0.000248447
forever,1,5206,2844,0.000248447
outside,2,5206,2844,0.000372671
daughter,3,5206,2844,0.000496894
drive,1,5206,2844,0.000248447
nut,1,5206,2844,0.000248447
blame,2,5206,2844,0.000372671
honest,1,5206,2844,0.000248447
complete,2,5206,2844,0.000372671
poor,1,5206,2844,0.000248447
slip,1,5206,2844,0.000248447
except,3,5206,2844,0.000496894
cute,1,5206,2844,0.000248447
eyelash,1,5206,2844,0.000248447
bat,1,5206,2844,0.000248447
shag,1,5206,2844,0.000248447
snatch,1,5206,2844,0.000248447
dependent,1,5206,2844,0.000248447
network,13,5206,2844,0.00173913
connection,2,5206,2844,0.000372671
utter,1,5206,2844,0.000248447
frustration,0,5206,2844,0.000124224
amus,1,5206,2844,0.000248447
seem,7,5206,2844,0.000993789
render,1,5206,2844,0.000248447
machine,1,5206,2844,0.000248447
incapable,1,5206,2844,0.000248447
zero,1,5206,2844,0.000248447
useful,2,5206,2844,0.000372671
commit,1,5206,2844,0.000248447
rain,1,5206,2844,0.000248447
soon,4,5206,2844,0.000621118
share,5,5206,2844,0.000745342
reminder,2,5206,2844,0.000372671
also,11,5206,2844,0.001490683
webpage,1,5206,2844,0.000248447
modify,1,5206,2844,0.000248447
crashe,2,5206,2844,0.000372671
congratulation,2,5206,2844,0.000372671
incompatible,2,5206,2844,0.000372671
vertical,1,5206,2844,0.000248447
mission,1,5206,2844,0.000248447
control,2,5206,2844,0.000372671
horizontal,1,5206,2844,0.000248447
business,3,5206,2844,0.000496894
nauseou,0,5206,2844,0.000124224
explain,2,5206,2844,0.000372671
distribut,1,5206,2844,0.000248447
succee,1,5206,2844,0.000248447
early,1,5206,2844,0.000248447
file,4,5206,2844,0.000621118
disappear,1,5206,2844,0.000248447
hurt,1,5206,2844,0.000248447
li,2,5206,2844,0.000372671
definitely,3,5206,2844,0.000496894
check,8,5206,2844,0.001118012
usage,1,5206,2844,0.000248447
huge,3,5206,2844,0.000496894
podcast,3,5206,2844,0.000496894
drop,3,5206,2844,0.000496894
ball,3,5206,2844,0.000496894
perhap,1,5206,2844,0.000248447
star,1,5206,2844,0.000248447
war,2,5206,2844,0.000372671
brain,2,5206,2844,0.000372671
password,1,5206,2844,0.000248447
protect,1,5206,2844,0.000248447
quickly,1,5206,2844,0.000248447
see,2,5206,2844,0.000372671
bar,1,5206,2844,0.000248447
return,4,5206,2844,0.000621118
anyway,1,5206,2844,0.000248447
start,3,5206,2844,0.000496894
knew,1,5206,2844,0.000248447
pink,1,5206,2844,0.000248447
hold,11,5206,2844,0.001490683
hindi,1,5206,2844,0.000248447
cheer,1,5206,2844,0.000248447
indian,1,5206,2844,0.000248447
language,1,5206,2844,0.000248447
warn,1,5206,2844,0.000248447
spontaneously,2,5206,2844,0.000372671
loose,2,5206,2844,0.000372671
might,2,5206,2844,0.000372671
fault,4,5206,2844,0.000621118
hopefully,3,5206,2844,0.000496894
figure,3,5206,2844,0.000496894
copy,3,5206,2844,0.000496894
hell,7,5206,2844,0.000993789
unhappy,2,5206,2844,0.000372671
change,7,5206,2844,0.000993789
input,2,5206,2844,0.000372671
number,2,5206,2844,0.000372671
handl,2,5206,2844,0.000372671
blue,3,5206,2844,0.000496894
minute,7,5206,2844,0.000993789
dupe,1,5206,2844,0.000248447
disappointment,2,5206,2844,0.000372671
inventor,1,5206,2844,0.000248447
excit,1,5206,2844,0.000248447
tragic,1,5206,2844,0.000248447
impression,1,5206,2844,0.000248447
dissent,1,5206,2844,0.000248447
multiple,1,5206,2844,0.000248447
connect,8,5206,2844,0.001118012
server,5,5206,2844,0.000745342
exercise,1,5206,2844,0.000248447
rename,2,5206,2844,0.000372671
bottleneck,1,5206,2844,0.000248447
chance,1,5206,2844,0.000248447
headphone,1,5206,2844,0.000248447
blast,1,5206,2844,0.000248447
ear,1,5206,2844,0.000248447
quite,1,5206,2844,0.000248447
obnoxiou,1,5206,2844,0.000248447
cloudy,1,5206,2844,0.000248447
techy,1,5206,2844,0.000248447
process,1,5206,2844,0.000248447
command,2,5206,2844,0.000372671
design,8,5206,2844,0.001118012
appropriately,2,5206,2844,0.000372671
project,3,5206,2844,0.000496894
resource,2,5206,2844,0.000372671
reliable,0,5206,2844,0.000124224
spoke,0,5206,2844,0.000124224
blare,1,5206,2844,0.000248447
direct,1,5206,2844,0.000248447
wrong,1,5206,2844,0.000248447
suspect,1,5206,2844,0.000248447
perfectly,1,5206,2844,0.000248447
ail,0,5206,2844,0.000124224
stink,0,5206,2844,0.000124224
inform,1,5206,2844,0.000248447
migrate,1,5206,2844,0.000248447
many,6,5206,2844,0.000869565
complaint,1,5206,2844,0.000248447
image,2,5206,2844,0.000372671
rape,1,5206,2844,0.000248447
small,1,5206,2844,0.000248447
realise,1,5206,2844,0.000248447
base,2,5206,2844,0.000372671
petty,1,5206,2844,0.000248447
original,1,5206,2844,0.000248447
location,3,5206,2844,0.000496894
domain,1,5206,2844,0.000248447
empty,1,5206,2844,0.000248447
skin,1,5206,2844,0.000248447
represent,1,5206,2844,0.000248447
tear,1,5206,2844,0.000248447
thunderbolt,1,5206,2844,0.000248447
try,8,5206,2844,0.001118012
throat,1,5206,2844,0.000248447
slower,1,5206,2844,0.000248447
nexu,1,5206,2844,0.000248447
force,2,5206,2844,0.000372671
stuff,1,5206,2844,0.000248447
upset,1,5206,2844,0.000248447
inconvenienc,1,5206,2844,0.000248447
finance,2,5206,2844,0.000372671
greedy,1,5206,2844,0.000248447
bastard,1,5206,2844,0.000248447
santa,2,5206,2844,0.000372671
jolly,1,5206,2844,0.000248447
white,1,5206,2844,0.000248447
spend,2,5206,2844,0.000372671
recover,2,5206,2844,0.000372671
immobile,1,5206,2844,0.000248447
ponder,1,5206,2844,0.000248447
difficulti,1,5206,2844,0.000248447
serv,1,5206,2844,0.000248447
sydney,2,5206,2844,0.000372671
train,1,5206,2844,0.000248447
extend,1,5206,2844,0.000248447
clock,3,5206,2844,0.000496894
tire,2,5206,2844,0.000372671
figur,2,5206,2844,0.000372671
test,1,5206,2844,0.000248447
frozen,1,5206,2844,0.000248447
perpetual,1,5206,2844,0.000248447
run,2,5206,2844,0.000372671
dodgy,1,5206,2844,0.000248447
hire,2,5206,2844,0.000372671
staff,0,5206,2844,0.000124224
took,3,5206,2844,0.000496894
told,4,5206,2844,0.000621118
needless,1,5206,2844,0.000248447
hotel,1,5206,2844,0.000248447
relax,0,5206,2844,0.000124224
overall,0,5206,2844,0.000124224
however,1,5206,2844,0.000248447
home,8,5206,2844,0.001118012
online,3,5206,2844,0.000496894
surely,2,5206,2844,0.000372671
cause,2,5206,2844,0.000372671
dilation,1,5206,2844,0.000248447
suburb,1,5206,2844,0.000248447
pin,1,5206,2844,0.000248447
state,2,5206,2844,0.000372671
clarence,0,5206,2844,0.000124224
thoma,1,5206,2844,0.000248447
toss,1,5206,2844,0.000248447
decade,1,5206,2844,0.000248447
workflow,1,5206,2844,0.000248447
standard,1,5206,2844,0.000248447
receipt,1,5206,2844,0.000248447
print,1,5206,2844,0.000248447
playlist,3,5206,2844,0.000496894
bummer,0,5206,2844,0.000124224
Yahoo,2,5206,2844,0.000372671
fantasy,1,5206,2844,0.000248447
football,1,5206,2844,0.000248447
crash,2,5206,2844,0.000372671
nansen,3,5206,2844,0.000496894
clean,2,5206,2844,0.000372671
duplicate,2,5206,2844,0.000372671
magically,1,5206,2844,0.000248447
reappear,1,5206,2844,0.000248447
key,1,5206,2844,0.000248447
often,4,5206,2844,0.000621118
mine,2,5206,2844,0.000372671
gone,4,5206,2844,0.000621118
sister,1,5206,2844,0.000248447
family,3,5206,2844,0.000496894
sloppy,1,5206,2844,0.000248447
known,1,5206,2844,0.000248447
protection,1,5206,2844,0.000248447
laptop,2,5206,2844,0.000372671
cancer,2,5206,2844,0.000372671
maybe,3,5206,2844,0.000496894
wireless,3,5206,2844,0.000496894
worri,1,5206,2844,0.000248447
say,6,5206,2844,0.000869565
toledo,1,5206,2844,0.000248447
equipment,1,5206,2844,0.000248447
broke,1,5206,2844,0.000248447
guess,3,5206,2844,0.000496894
tri,2,5206,2844,0.000372671
anymore,2,5206,2844,0.000372671
durable,1,5206,2844,0.000248447
able,1,5206,2844,0.000248447
newsstand,7,5206,2844,0.000993789
serve,1,5206,2844,0.000248447
purpose,1,5206,2844,0.000248447
easier,2,5206,2844,0.000372671
fruit,2,5206,2844,0.000372671
compar,1,5206,2844,0.000248447
google,23,5206,2844,0.002981366
crowd,1,5206,2844,0.000248447
agree,2,5206,2844,0.000372671
meant,1,5206,2844,0.000248447
buy,4,5206,2844,0.000621118
internet,3,5206,2844,0.000496894
confus,1,5206,2844,0.000248447
consider,7,5206,2844,0.000993789
plu,2,5206,2844,0.000372671
stable,1,5206,2844,0.000248447
reach,1,5206,2844,0.000248447
use,1,5206,2844,0.000248447
completely,1,5206,2844,0.000248447
warm,1,5206,2844,0.000248447
sometime,1,5206,2844,0.000248447
wall,1,5206,2844,0.000248447
remind,2,5206,2844,0.000372671
rest,1,5206,2844,0.000248447
brick,2,5206,2844,0.000372671
install,4,5206,2844,0.000621118
former,1,5206,2844,0.000248447
owner,2,5206,2844,0.000372671
baby,11,5206,2844,0.001490683
delet,1,5206,2844,0.000248447
tiger,2,5206,2844,0.000372671
wood,1,5206,2844,0.000248447
impossible,1,5206,2844,0.000248447
retrieve,1,5206,2844,0.000248447
overbear,1,5206,2844,0.000248447
polici,1,5206,2844,0.000248447
disaster,0,5206,2844,0.000124224
su,1,5206,2844,0.000248447
insurance,1,5206,2844,0.000248447
manag,1,5206,2844,0.000248447
beautiful,4,5206,2844,0.000621118
one,3,5206,2844,0.000496894
arrogant,2,5206,2844,0.000372671
inept,2,5206,2844,0.000372671
combo,2,5206,2844,0.000372671
fade,1,5206,2844,0.000248447
black,3,5206,2844,0.000496894
begin,1,5206,2844,0.000248447
vibrate,2,5206,2844,0.000372671
continuously,1,5206,2844,0.000248447
reboot,1,5206,2844,0.000248447
lame,0,5206,2844,0.000124224
roll,4,5206,2844,0.000621118
equal,1,5206,2844,0.000248447
credit,2,5206,2844,0.000372671
redeem,1,5206,2844,0.000248447
fair,1,5206,2844,0.000248447
less,3,5206,2844,0.000496894
improve,2,5206,2844,0.000372671
monday,1,5206,2844,0.000248447
access,2,5206,2844,0.000372671
premise,1,5206,2844,0.000248447
outlook,1,5206,2844,0.000248447
thunderbird,1,5206,2844,0.000248447
chrome,1,5206,2844,0.000248447
visual,1,5206,2844,0.000248447
merchandis,1,5206,2844,0.000248447
elegance,1,5206,2844,0.000248447
sequence,1,5206,2844,0.000248447
terminal,1,5206,2844,0.000248447
person,4,5206,2844,0.000621118
nonstop,1,5206,2844,0.000248447
mute,1,5206,2844,0.000248447
randomly,1,5206,2844,0.000248447
activate,1,5206,2844,0.000248447
cant,1,5206,2844,0.000248447
occur,1,5206,2844,0.000248447
folk,4,5206,2844,0.000621118
cut,1,5206,2844,0.000248447
manage,3,5206,2844,0.000496894
subscription,2,5206,2844,0.000372671
solution,1,5206,2844,0.000248447
promis,2,5206,2844,0.000372671
similar,2,5206,2844,0.000372671
bell,1,5206,2844,0.000248447
monopolistic,1,5206,2844,0.000248447
forget,1,5206,2844,0.000248447
bloody,1,5206,2844,0.000248447
stump,1,5206,2844,0.000248447
catastrophically,1,5206,2844,0.000248447
canada,1,5206,2844,0.000248447
direction,1,5206,2844,0.000248447
exclusive,1,5206,2844,0.000248447
john,1,5206,2844,0.000248447
jean,1,5206,2844,0.000248447
french,2,5206,2844,0.000372671
report,4,5206,2844,0.000621118
theft,1,5206,2844,0.000248447
bode,1,5206,2844,0.000248447
night,2,5206,2844,0.000372671
charger,1,5206,2844,0.000248447
houston,0,5206,2844,0.000124224
together,1,5206,2844,0.000248447
ford,1,5206,2844,0.000248447
focu,1,5206,2844,0.000248447
movi,1,5206,2844,0.000248447
jihad,1,5206,2844,0.000248447
adobe,1,5206,2844,0.000248447
record,4,5206,2844,0.000621118
quarter,3,5206,2844,0.000496894
bunch,2,5206,2844,0.000372671
professional,2,5206,2844,0.000372671
guesser,2,5206,2844,0.000372671
analyst,2,5206,2844,0.000372671
releas,1,5206,2844,0.000248447
possible,1,5206,2844,0.000248447
latter,2,5206,2844,0.000372671
spec,1,5206,2844,0.000248447
price,2,5206,2844,0.000372671
takeaway,2,5206,2844,0.000372671
earn,3,5206,2844,0.000496894
stay,5,5206,2844,0.000745342
competitive,2,5206,2844,0.000372671
headline,2,5206,2844,0.000372671
lower,1,5206,2844,0.000248447
pamper,10,5206,2844,0.00136646
memori,10,5206,2844,0.00136646
expand,1,5206,2844,0.000248447
countri,2,5206,2844,0.000372671
december,1,5206,2844,0.000248447
coincidence,1,5206,2844,0.000248447
virtual,1,5206,2844,0.000248447
assistant,1,5206,2844,0.000248447
robot,1,5206,2844,0.000248447
result,1,5206,2844,0.000248447
depend,1,5206,2844,0.000248447
increas,1,5206,2844,0.000248447
revenue,1,5206,2844,0.000248447
recession,4,5206,2844,0.000621118
rather,1,5206,2844,0.000248447
friend,4,5206,2844,0.000621118
choose,1,5206,2844,0.000248447
profile,2,5206,2844,0.000372671
amazon,22,5206,2844,0.002857143
log,1,5206,2844,0.000248447
troublemaker,1,5206,2844,0.000248447
struggl,1,5206,2844,0.000248447
blow,1,5206,2844,0.000248447
mind,1,5206,2844,0.000248447
gizmo,1,5206,2844,0.000248447
shut,1,5206,2844,0.000248447
wednesday,1,5206,2844,0.000248447
memorial,3,5206,2844,0.000496894
cranial,1,5206,2844,0.000248447
insertion,1,5206,2844,0.000248447
implant,0,5206,2844,0.000124224
official,2,5206,2844,0.000372671
seven,1,5206,2844,0.000248447
rule,2,5206,2844,0.000372671
weekly,1,5206,2844,0.000248447
twit,1,5206,2844,0.000248447
Young,1,5206,2844,0.000248447
foolish,2,5206,2844,0.000372671
ownership,1,5206,2844,0.000248447
resilience,1,5206,2844,0.000248447
smell,1,5206,2844,0.000248447
lawsuit,1,5206,2844,0.000248447
morn,1,5206,2844,0.000248447
remote,1,5206,2844,0.000248447
keynote,2,5206,2844,0.000372671
presentation,1,5206,2844,0.000248447
nobody,1,5206,2844,0.000248447
pith,1,5206,2844,0.000248447
navigate,1,5206,2844,0.000248447
voicemail,2,5206,2844,0.000372671
sincerely,2,5206,2844,0.000372671
household,2,5206,2844,0.000372671
mini,2,5206,2844,0.000372671
airport,3,5206,2844,0.000496894
usable,2,5206,2844,0.000372671
shari,1,5206,2844,0.000248447
explor,1,5206,2844,0.000248447
speak,1,5206,2844,0.000248447
symbol,1,5206,2844,0.000248447
relate,1,5206,2844,0.000248447
nostalgia,2,5206,2844,0.000372671
contract,4,5206,2844,0.000621118
factory,2,5206,2844,0.000372671
holder,7,5206,2844,0.000993789
spot,7,5206,2844,0.000993789
setup,5,5206,2844,0.000745342
nike,1,5206,2844,0.000248447
dedicate,1,5206,2844,0.000248447
memory,1,5206,2844,0.000248447
brilliant,0,5206,2844,0.000124224
evolution,0,5206,2844,0.000124224
inanimate,1,5206,2844,0.000248447
object,1,5206,2844,0.000248447
notic,0,5206,2844,0.000124224
tweet,12,5206,2844,0.001614907
closet,1,5206,2844,0.000248447
generation,1,5206,2844,0.000248447
contend,1,5206,2844,0.000248447
utility,1,5206,2844,0.000248447
balk,1,5206,2844,0.000248447
acquisition,1,5206,2844,0.000248447
billion,2,5206,2844,0.000372671
battl,1,5206,2844,0.000248447
consumer,1,5206,2844,0.000248447
thought,1,5206,2844,0.000248447
unique,1,5206,2844,0.000248447
wonder,3,5206,2844,0.000496894
tablet,1,5206,2844,0.000248447
battle,3,5206,2844,0.000496894
community,4,5206,2844,0.000621118
unconventional,1,5206,2844,0.000248447
leadership,1,5206,2844,0.000248447
secret,1,5206,2844,0.000248447
entire,1,5206,2844,0.000248447
giant,1,5206,2844,0.000248447
attend,0,5206,2844,0.000124224
donate,1,5206,2844,0.000248447
pancreatic,1,5206,2844,0.000248447
research,1,5206,2844,0.000248447
plank,1,5206,2844,0.000248447
daily,1,5206,2844,0.000248447
tripl,1,5206,2844,0.000248447
came,2,5206,2844,0.000372671
duplication,1,5206,2844,0.000248447
import,1,5206,2844,0.000248447
categorize,1,5206,2844,0.000248447
broken,2,5206,2844,0.000372671
place,2,5206,2844,0.000372671
section,1,5206,2844,0.000248447
let,1,5206,2844,0.000248447
fine,2,5206,2844,0.000372671
straight,1,5206,2844,0.000248447
poop,2,5206,2844,0.000372671
sarcasm,1,5206,2844,0.000248447
built-in,1,5206,2844,0.000248447
helpful,1,5206,2844,0.000248447
spell,0,5206,2844,0.000124224
document,1,5206,2844,0.000248447
finger,3,5206,2844,0.000496894
cross,1,5206,2844,0.000248447
left,3,5206,2844,0.000496894
nugget,1,5206,2844,0.000248447
behind,1,5206,2844,0.000248447
october,1,5206,2844,0.000248447
weird,1,5206,2844,0.000248447
verge,2,5206,2844,0.000372671
karaoke,1,5206,2844,0.000248447
american,1,5206,2844,0.000248447
define,1,5206,2844,0.000248447
disagree,1,5206,2844,0.000248447
hungry,1,5206,2844,0.000248447
founder,2,5206,2844,0.000372671
found,2,5206,2844,0.000372671
sink,1,5206,2844,0.000248447
alto,1,5206,2844,0.000248447
downtown,1,5206,2844,0.000248447
dude,1,5206,2844,0.000248447
fattest,1,5206,2844,0.000248447
hook,1,5206,2844,0.000248447
memo,1,5206,2844,0.000248447
scrub,1,5206,2844,0.000248447
journalist,1,5206,2844,0.000248447
babi,1,5206,2844,0.000248447
poll,2,5206,2844,0.000372671
ban,3,5206,2844,0.000496894
buzz,2,5206,2844,0.000372671
trip,2,5206,2844,0.000372671
colleague,1,5206,2844,0.000248447
overboard,1,5206,2844,0.000248447
misread,1,5206,2844,0.000248447
Yelp,1,5206,2844,0.000248447
review,1,5206,2844,0.000248447
thai,1,5206,2844,0.000248447
financial,1,5206,2844,0.000248447
purely,1,5206,2844,0.000248447
shift,1,5206,2844,0.000248447
sling,1,5206,2844,0.000248447
spontaneou,1,5206,2844,0.000248447
danc,1,5206,2844,0.000248447
outfit,1,5206,2844,0.000248447
girl,0,5206,2844,0.000124224
part,1,5206,2844,0.000248447
imagine,2,5206,2844,0.000372671
map,1,5206,2844,0.000248447
graphic,1,5206,2844,0.000248447
website,2,5206,2844,0.000372671
court,2,5206,2844,0.000372671
style,1,5206,2844,0.000248447
dumb,2,5206,2844,0.000372671
mortar,1,5206,2844,0.000248447
london,1,5206,2844,0.000248447
fit,1,5206,2844,0.000248447
mirror,1,5206,2844,0.000248447
school,1,5206,2844,0.000248447
couple,1,5206,2844,0.000248447
kid,1,5206,2844,0.000248447
hardware,2,5206,2844,0.000372671
promise,2,5206,2844,0.000372671
freak,1,5206,2844,0.000248447
past,1,5206,2844,0.000248447
away,0,5206,2844,0.000124224
follow,1,5206,2844,0.000248447
growth,2,5206,2844,0.000372671
area,2,5206,2844,0.000372671
msg,1,5206,2844,0.000248447
tomorrow,1,5206,2844,0.000248447
reserve,1,5206,2844,0.000248447
imminent,1,5206,2844,0.000248447
sold,12,5206,2844,0.001614907
overwhelm,1,5206,2844,0.000248447
reaction,1,5206,2844,0.000248447
death,3,5206,2844,0.000496894
telegraph,1,5206,2844,0.000248447
insert,1,5206,2844,0.000248447
all-time,1,5206,2844,0.000248447
high,1,5206,2844,0.000248447
hang,2,5206,2844,0.000372671
tacoma,2,5206,2844,0.000372671
beatle,2,5206,2844,0.000372671
front,2,5206,2844,0.000372671
shirt,1,5206,2844,0.000248447
reunion,1,5206,2844,0.000248447
tighten,1,5206,2844,0.000248447
pro,1,5206,2844,0.000248447
jacob,1,5206,2844,0.000248447
notify,2,5206,2844,0.000372671
clown,2,5206,2844,0.000372671
spin,1,5206,2844,0.000248447
wheel,1,5206,2844,0.000248447
reinvent,1,5206,2844,0.000248447
lookup,1,5206,2844,0.000248447
easiest,0,5206,2844,0.000124224
brady,1,5206,2844,0.000248447
surpris,1,5206,2844,0.000248447
mark,2,5206,2844,0.000372671
comparison,2,5206,2844,0.000372671
segregate,1,5206,2844,0.000248447
internode,1,5206,2844,0.000248447
piracy,1,5206,2844,0.000248447
mainly,1,5206,2844,0.000248447
platform,1,5206,2844,0.000248447
obscure,1,5206,2844,0.000248447
infamou,1,5206,2844,0.000248447
hall,1,5206,2844,0.000248447
pass,2,5206,2844,0.000372671
nookie,1,5206,2844,0.000248447
joel,1,5206,2844,0.000248447
circumstance,1,5206,2844,0.000248447
suffer,1,5206,2844,0.000248447
period,2,5206,2844,0.000372671
goodwill,1,5206,2844,0.000248447
paul,2,5206,2844,0.000372671
chat,1,5206,2844,0.000248447
advisor,1,5206,2844,0.000248447
tribute,2,5206,2844,0.000372671
faulty,1,5206,2844,0.000248447
gain,1,5206,2844,0.000248447
advertis,1,5206,2844,0.000248447
balloon,1,5206,2844,0.000248447
respect,2,5206,2844,0.000372671
alternative,1,5206,2844,0.000248447
india,1,5206,2844,0.000248447
squad,1,5206,2844,0.000248447
peep,1,5206,2844,0.000248447
algorithm,1,5206,2844,0.000248447
shrewd,1,5206,2844,0.000248447
root,1,5206,2844,0.000248447
horse,1,5206,2844,0.000248447
flower,0,5206,2844,0.000124224
shower,1,5206,2844,0.000248447
beg,1,5206,2844,0.000248447
valuable,1,5206,2844,0.000248447
analysi,1,5206,2844,0.000248447
trend,1,5206,2844,0.000248447
profit,2,5206,2844,0.000372671
proud,1,5206,2844,0.000248447
predict,2,5206,2844,0.000372671
stage,1,5206,2844,0.000248447
september,1,5206,2844,0.000248447
head,0,5206,2844,0.000124224
detail,2,5206,2844,0.000372671
auto,2,5206,2844,0.000372671
renewal,2,5206,2844,0.000372671
settle,1,5206,2844,0.000248447
content,2,5206,2844,0.000372671
coffer,1,5206,2844,0.000248447
hit,1,5206,2844,0.000248447
smart,1,5206,2844,0.000248447
engage,1,5206,2844,0.000248447
partner,2,5206,2844,0.000372671
social,1,5206,2844,0.000248447
activity,1,5206,2844,0.000248447
messag,1,5206,2844,0.000248447
kinda,2,5206,2844,0.000372671
relevant,1,5206,2844,0.000248447
junkie,1,5206,2844,0.000248447
buri,1,5206,2844,0.000248447
ability,1,5206,2844,0.000248447
inconvenient,1,5206,2844,0.000248447
cofounder,1,5206,2844,0.000248447
stood,1,5206,2844,0.000248447
provide,2,5206,2844,0.000372671
chase,1,5206,2844,0.000248447
cream,1,5206,2844,0.000248447
sandwich,1,5206,2844,0.000248447
Yesss,0,5206,2844,0.000124224
situation,1,5206,2844,0.000248447
gulp,0,5206,2844,0.000124224
pack,2,5206,2844,0.000372671
session,2,5206,2844,0.000372671
indicator,2,5206,2844,0.000372671
management,2,5206,2844,0.000372671
entrepreneur,1,5206,2844,0.000248447
startup,1,5206,2844,0.000248447
bangla,1,5206,2844,0.000248447
bengali,1,5206,2844,0.000248447
galaxy,2,5206,2844,0.000372671
globally,0,5206,2844,0.000124224
traffic,1,5206,2844,0.000248447
gift,1,5206,2844,0.000248447
opinion,1,5206,2844,0.000248447
careful,1,5206,2844,0.000248447
chip,1,5206,2844,0.000248447
guarantee,1,5206,2844,0.000248447
failure,1,5206,2844,0.000248447
principal,4,5206,2844,0.000621118
global,4,5206,2844,0.000621118
player,4,5206,2844,0.000621118
active,4,5206,2844,0.000621118
kobo,4,5206,2844,0.000621118
underplay,2,5206,2844,0.000372671
invisible,1,5206,2844,0.000248447
hospital,1,5206,2844,0.000248447
single,2,5206,2844,0.000372671
mourn,1,5206,2844,0.000248447
dock,1,5206,2844,0.000248447
scroll,1,5206,2844,0.000248447
title,1,5206,2844,0.000248447
font,1,5206,2844,0.000248447
across,1,5206,2844,0.000248447
main,1,5206,2844,0.000248447
wayne,0,5206,2844,0.000124224
leav,3,5206,2844,0.000496894
correct,1,5206,2844,0.000248447
child,1,5206,2844,0.000248447
poorly,1,5206,2844,0.000248447
painless,1,5206,2844,0.000248447
choice,1,5206,2844,0.000248447
form,1,5206,2844,0.000248447
component,4,5206,2844,0.000621118
continue,3,5206,2844,0.000496894
bite,3,5206,2844,0.000496894
upcom,1,5206,2844,0.000248447
afro-american,2,5206,2844,0.000372671
emoticon,2,5206,2844,0.000372671
angry,4,5206,2844,0.000621118
omission,1,5206,2844,0.000248447
advanc,1,5206,2844,0.000248447
printer,1,5206,2844,0.000248447
mighty,1,5206,2844,0.000248447
alcohol,1,5206,2844,0.000248447
act,1,5206,2844,0.000248447
timeline,1,5206,2844,0.000248447
history,0,5206,2844,0.000124224
challeng,1,5206,2844,0.000248447
possibly,1,5206,2844,0.000248447
accessori,1,5206,2844,0.000248447
policy,1,5206,2844,0.000248447
intellectual,1,5206,2844,0.000248447
property,1,5206,2844,0.000248447
infringement,1,5206,2844,0.000248447
claim,1,5206,2844,0.000248447
unauthorize,1,5206,2844,0.000248447
likely,1,5206,2844,0.000248447
suit,2,5206,2844,0.000372671
accus,1,5206,2844,0.000248447
roar,1,5206,2844,0.000248447
unveil,1,5206,2844,0.000248447
placement,1,5206,2844,0.000248447
effort,1,5206,2844,0.000248447
Yield,1,5206,2844,0.000248447
stock,1,5206,2844,0.000248447
promot,1,5206,2844,0.000248447
magazine,2,5206,2844,0.000372671
add,1,5206,2844,0.000248447
escort,2,5206,2844,0.000372671
legal,2,5206,2844,0.000372671
discovery,1,5206,2844,0.000248447
public,1,5206,2844,0.000248447
leopard,1,5206,2844,0.000248447
functionality,1,5206,2844,0.000248447
identity,1,5206,2844,0.000248447
logo,1,5206,2844,0.000248447
revis,1,5206,2844,0.000248447
doubt,1,5206,2844,0.000248447
enough,1,5206,2844,0.000248447
cope,1,5206,2844,0.000248447
defraud,1,5206,2844,0.000248447
win,0,5206,2844,0.000124224
salute,1,5206,2844,0.000248447
dog,1,5206,2844,0.000248447
earlier,1,5206,2844,0.000248447
upstair,1,5206,2844,0.000248447
soho,1,5206,2844,0.000248447
sudden,1,5206,2844,0.000248447
sprung,1,5206,2844,0.000248447
attention,1,5206,2844,0.000248447
digital,0,5206,2844,0.000124224
california,1,5206,2844,0.000248447
joseph,1,5206,2844,0.000248447
patiently,1,5206,2844,0.000248447
end,1,5206,2844,0.000248447
reply,1,5206,2844,0.000248447
insist,1,5206,2844,0.000248447
favorite,1,5206,2844,0.000248447
color,1,5206,2844,0.000248447
average,1,5206,2844,0.000248447
speed,1,5206,2844,0.000248447
swallow,1,5206,2844,0.000248447
python,1,5206,2844,0.000248447
denounce,1,5206,2844,0.000248447
nuance,1,5206,2844,0.000248447
cheap,1,5206,2844,0.000248447
improvement,1,5206,2844,0.000248447
implementation,1,5206,2844,0.000248447
monitor,1,5206,2844,0.000248447
either,1,5206,2844,0.000248447
heard,1,5206,2844,0.000248447
partnership,1,5206,2844,0.000248447
governor,0,5206,2844,0.000124224
declare,0,5206,2844,0.000124224
hoe,0,5206,2844,0.000124224
nearest,0,5206,2844,0.000124224
beef,0,5206,2844,0.000124224
subscribe,0,5206,2844,0.000124224
default,0,5206,2844,0.000124224
limit,0,5206,2844,0.000124224
older,0,5206,2844,0.000124224
ethernet,0,5206,2844,0.000124224
drew,0,5206,2844,0.000124224
respond,0,5206,2844,0.000124224
everywhere,0,5206,2844,0.000124224
factori,0,5206,2844,0.000124224
concrete,0,5206,2844,0.000124224
evidence,0,5206,2844,0.000124224
blogger,0,5206,2844,0.000124224
differ,0,5206,2844,0.000124224
reli,0,5206,2844,0.000124224
wank,0,5206,2844,0.000124224
student,0,5206,2844,0.000124224
discount,0,5206,2844,0.000124224
rep,0,5206,2844,0.000124224
accent,0,5206,2844,0.000124224
speech,0,5206,2844,0.000124224
translator,0,5206,2844,0.000124224
overhaul,0,5206,2844,0.000124224
response,0,5206,2844,0.000124224
bake,0,5206,2844,0.000124224
documentary,0,5206,2844,0.000124224
brought,0,5206,2844,0.000124224
constrain,0,5206,2844,0.000124224
appear,0,5206,2844,0.000124224
inventory,0,5206,2844,0.000124224
center,0,5206,2844,0.000124224
trick,0,5206,2844,0.000124224
fully,0,5206,2844,0.000124224
controll,0,5206,2844,0.000124224
antitrust,0,5206,2844,0.000124224
homepage,0,5206,2844,0.000124224
renam,0,5206,2844,0.000124224
legacy,0,5206,2844,0.000124224
strange,0,5206,2844,0.000124224
group,0,5206,2844,0.000124224
paperboy,0,5206,2844,0.000124224
fixe,0,5206,2844,0.000124224
client,0,5206,2844,0.000124224
throne,0,5206,2844,0.000124224
silicon,0,5206,2844,0.000124224
valley,0,5206,2844,0.000124224
visit,0,5206,2844,0.000124224
final,0,5206,2844,0.000124224
portion,0,5206,2844,0.000124224
procee,0,5206,2844,0.000124224
native,0,5206,2844,0.000124224
editor,0,5206,2844,0.000124224
volume,0,5206,2844,0.000124224
switcher,0,5206,2844,0.000124224
slider,0,5206,2844,0.000124224
proof,0,5206,2844,0.000124224
woke,0,5206,2844,0.000124224
door,0,5206,2844,0.000124224
arrival,0,5206,2844,0.000124224
tuesday,0,5206,2844,0.000124224
option,0,5206,2844,0.000124224
stronger,0,5206,2844,0.000124224
deaf,0,5206,2844,0.000124224
ally,0,5206,2844,0.000124224
silver,0,5206,2844,0.000124224
importantly,0,5206,2844,0.000124224
handy,0,5206,2844,0.000124224
funny,0,5206,2844,0.000124224
configure,0,5206,2844,0.000124224
racism,0,5206,2844,0.000124224
christma,0,5206,2844,0.000124224
self,0,5206,2844,0.000124224
landscape,0,5206,2844,0.000124224
mode,0,5206,2844,0.000124224
dalla,0,5206,2844,0.000124224
strategy,0,5206,2844,0.000124224
beware,0,5206,2844,0.000124224
west,0,5206,2844,0.000124224
14th,0,5206,2844,0.000124224
fact,0,5206,2844,0.000124224
roger,0,5206,2844,0.000124224
spray,0,5206,2844,0.000124224
paint,0,5206,2844,0.000124224
macintosh,0,5206,2844,0.000124224
discontinu,0,5206,2844,0.000124224
bid,0,5206,2844,0.000124224
designer,0,5206,2844,0.000124224
buddy,0,5206,2844,0.000124224
pic,0,5206,2844,0.000124224
toggle,0,5206,2844,0.000124224
earth,0,5206,2844,0.000124224
security,0,5206,2844,0.000124224
salesperson,0,5206,2844,0.000124224
matter,0,5206,2844,0.000124224
sticky,0,5206,2844,0.000124224
pill,0,5206,2844,0.000124224
advance,0,5206,2844,0.000124224
weather,0,5206,2844,0.000124224
hopeful,0,5206,2844,0.000124224
interconnect,0,5206,2844,0.000124224
austin,0,5206,2844,0.000124224
umbrella,0,5206,2844,0.000124224
staf,0,5206,2844,0.000124224
bore,0,5206,2844,0.000124224
intrigu,0,5206,2844,0.000124224
suggestion,0,5206,2844,0.000124224
thu,0,5206,2844,0.000124224
spent,0,5206,2844,0.000124224
afford,0,5206,2844,0.000124224
mansion,0,5206,2844,0.000124224
madden,0,5206,2844,0.000124224
selection,0,5206,2844,0.000124224
stripe,0,5206,2844,0.000124224
dough,0,5206,2844,0.000124224
otherwise,0,5206,2844,0.000124224
heart,0,5206,2844,0.000124224
hectic,0,5206,2844,0.000124224
mom,0,5206,2844,0.000124224
bear,0,5206,2844,0.000124224
lincoln,0,5206,2844,0.000124224
sail,0,5206,2844,0.000124224
phoenix,0,5206,2844,0.000124224
rock,0,5206,2844,0.000124224
house,0,5206,2844,0.000124224
chill,0,5206,2844,0.000124224
bee,0,5206,2844,0.000124224
japanese,0,5206,2844,0.000124224
privacy,0,5206,2844,0.000124224
pear,0,5206,2844,0.000124224
tree,0,5206,2844,0.000124224
fall,0,5206,2844,0.000124224
type,0,5206,2844,0.000124224
perry,0,5206,2844,0.000124224
rick,0,5206,2844,0.000124224
riesl,0,5206,2844,0.000124224
lightbulb,0,5206,2844,0.000124224
ready,0,5206,2844,0.000124224
tampa,0,5206,2844,0.000124224
martin,0,5206,2844,0.000124224
town,0,5206,2844,0.000124224
buccaneer,0,5206,2844,0.000124224
teach,0,5206,2844,0.000124224
different,0,5206,2844,0.000124224
therefore,0,5206,2844,0.000124224
percent,0,5206,2844,0.000124224
clearance,0,5206,2844,0.000124224
scripture,0,5206,2844,0.000124224
patio,0,5206,2844,0.000124224
furniture,0,5206,2844,0.000124224
bag,0,5206,2844,0.000124224
angel,0,5206,2844,0.000124224
peeler,0,5206,2844,0.000124224
washer,0,5206,2844,0.000124224
board,0,5206,2844,0.000124224
cyst,0,5206,2844,0.000124224
knee,0,5206,2844,0.000124224
conveyor,0,5206,2844,0.000124224
hardy,0,5206,2844,0.000124224
mesh,0,5206,2844,0.000124224
jacket,0,5206,2844,0.000124224
motorcycle,0,5206,2844,0.000124224
vodka,0,5206,2844,0.000124224
fancy,0,5206,2844,0.000124224
hemp,0,5206,2844,0.000124224
jewelry,0,5206,2844,0.000124224
instruction,0,5206,2844,0.000124224
fuel,0,5206,2844,0.000124224
knot,0,5206,2844,0.000124224
money,0,5206,2844,0.000124224
chosen,0,5206,2844,0.000124224
trivia,0,5206,2844,0.000124224
build,0,5206,2844,0.000124224
leap,0,5206,2844,0.000124224
boost,0,5206,2844,0.000124224
manager,0,5206,2844,0.000124224
sleek,0,5206,2844,0.000124224
superb,0,5206,2844,0.000124224
desire,0,5206,2844,0.000124224
Yummy,0,5206,2844,0.000124224
refer,0,5206,2844,0.000124224
prime,0,5206,2844,0.000124224
await,0,5206,2844,0.000124224
searche,0,5206,2844,0.000124224
debt,0,5206,2844,0.000124224
fallen,0,5206,2844,0.000124224
five,0,5206,2844,0.000124224
photography,0,5206,2844,0.000124224
biggest,0,5206,2844,0.000124224
threat,0,5206,2844,0.000124224
king,0,5206,2844,0.000124224
readable,0,5206,2844,0.000124224
emphasi,0,5206,2844,0.000124224
wallet,0,5206,2844,0.000124224
effect,0,5206,2844,0.000124224
efficient,0,5206,2844,0.000124224
browse,0,5206,2844,0.000124224
infinite,0,5206,2844,0.000124224
bookcase,0,5206,2844,0.000124224
difficult,0,5206,2844,0.000124224
benefit,0,5206,2844,0.000124224
bully,0,5206,2844,0.000124224
hangout,0,5206,2844,0.000124224
icecream,0,5206,2844,0.000124224
salmonella,0,5206,2844,0.000124224
hotspot,0,5206,2844,0.000124224
orbital,0,5206,2844,0.000124224
laser,0,5206,2844,0.000124224
wooden,0,5206,2844,0.000124224
deliciou,0,5206,2844,0.000124224
ditch,0,5206,2844,0.000124224
launche,0,5206,2844,0.000124224
closely,0,5206,2844,0.000124224
collaborate,0,5206,2844,0.000124224
pleas,0,5206,2844,0.000124224
press,0,5206,2844,0.000124224
conference,0,5206,2844,0.000124224
slick,0,5206,2844,0.000124224
college,0,5206,2844,0.000124224
scream,0,5206,2844,0.000124224
changer,0,5206,2844,0.000124224
ahead,0,5206,2844,0.000124224
reveal,0,5206,2844,0.000124224
closer,0,5206,2844,0.000124224
face,0,5206,2844,0.000124224
pleasure,0,5206,2844,0.000124224
fantastic,0,5206,2844,0.000124224
globe,0,5206,2844,0.000124224
probably,0,5206,2844,0.000124224
hookup,0,5206,2844,0.000124224
teas,0,5206,2844,0.000124224
accompany,0,5206,2844,0.000124224
usual,0,5206,2844,0.000124224
neat,0,5206,2844,0.000124224
frame,0,5206,2844,0.000124224
generator,0,5206,2844,0.000124224
prettier,0,5206,2844,0.000124224
introduc,0,5206,2844,0.000124224
inside,0,5206,2844,0.000124224
beneficial,0,5206,2844,0.000124224
tool,0,5206,2844,0.000124224
doc,0,5206,2844,0.000124224
particularly,0,5206,2844,0.000124224
theme,0,5206,2844,0.000124224
sentence,0,5206,2844,0.000124224
rite,0,5206,2844,0.000124224
accord,0,5206,2844,0.000124224
beam,0,5206,2844,0.000124224
alright,0,5206,2844,0.000124224
decision,0,5206,2844,0.000124224
ugly,0,5206,2844,0.000124224
taste,0,5206,2844,0.000124224
blog,0,5206,2844,0.000124224
outdate,0,5206,2844,0.000124224
instant,0,5206,2844,0.000124224
raise,0,5206,2844,0.000124224
detection,0,5206,2844,0.000124224
essential,0,5206,2844,0.000124224
crave,0,5206,2844,0.000124224
adopt,0,5206,2844,0.000124224
philosophy,0,5206,2844,0.000124224
polish,0,5206,2844,0.000124224
port,0,5206,2844,0.000124224
catchy,0,5206,2844,0.000124224
advertisement,0,5206,2844,0.000124224
carry,0,5206,2844,0.000124224
november,0,5206,2844,0.000124224
pant,0,5206,2844,0.000124224
literally,0,5206,2844,0.000124224
blown,0,5206,2844,0.000124224
combination,0,5206,2844,0.000124224
introduction,0,5206,2844,0.000124224
party,0,5206,2844,0.000124224
regular,0,5206,2844,0.000124224
interval,0,5206,2844,0.000124224
real,0,5206,2844,0.000124224
executive,0,5206,2844,0.000124224
capabiliti,0,5206,2844,0.000124224
select,0,5206,2844,0.000124224
transfer,0,5206,2844,0.000124224
dig,0,5206,2844,0.000124224
quick,0,5206,2844,0.000124224
politely,0,5206,2844,0.000124224
goodbye,0,5206,2844,0.000124224
taught,0,5206,2844,0.000124224
decent,0,5206,2844,0.000124224
positive,0,5206,2844,0.000124224
directly,0,5206,2844,0.000124224
layout,0,5206,2844,0.000124224
aggregate,0,5206,2844,0.000124224
source,0,5206,2844,0.000124224
spiral,0,5206,2844,0.000124224
inbuilt,0,5206,2844,0.000124224
panoramic,0,5206,2844,0.000124224
panorama,0,5206,2844,0.000124224
tasty,0,5206,2844,0.000124224
toy,0,5206,2844,0.000124224
gallery,0,5206,2844,0.000124224
shutter,0,5206,2844,0.000124224
insane,0,5206,2844,0.000124224
thumb,0,5206,2844,0.000124224
edit,0,5206,2844,0.000124224
three,0,5206,2844,0.000124224
score,0,5206,2844,0.000124224
along,0,5206,2844,0.000124224
delay,0,5206,2844,0.000124224
watchdog,0,5206,2844,0.000124224
study,0,5206,2844,0.000124224
guide,0,5206,2844,0.000124224
display,0,5206,2844,0.000124224
peanut,0,5206,2844,0.000124224
neither,0,5206,2844,0.000124224
pea,0,5206,2844,0.000124224
discuss,0,5206,2844,0.000124224
retard,0,5206,2844,0.000124224
planet,0,5206,2844,0.000124224
pinch,0,5206,2844,0.000124224
zoom,0,5206,2844,0.000124224
superior,0,5206,2844,0.000124224
bookmark,0,5206,2844,0.000124224
redesign,0,5206,2844,0.000124224
conversation,0,5206,2844,0.000124224
automatically,0,5206,2844,0.000124224
doorstep,0,5206,2844,0.000124224
excellent,0,5206,2844,0.000124224
commercial,0,5206,2844,0.000124224
announcement,0,5206,2844,0.000124224
dictation,0,5206,2844,0.000124224
smooth,0,5206,2844,0.000124224
responsive,0,5206,2844,0.000124224
widget,0,5206,2844,0.000124224
navigation,0,5206,2844,0.000124224
built,0,5206,2844,0.000124224
stack,0,5206,2844,0.000124224
richer,0,5206,2844,0.000124224
wallpaper,0,5206,2844,0.000124224
curiou,0,5206,2844,0.000124224
highlight,0,5206,2844,0.000124224
mull,0,5206,2844,0.000124224
shore,0,5206,2844,0.000124224
bout,0,5206,2844,0.000124224
accessibility,0,5206,2844,0.000124224
dump,0,5206,2844,0.000124224
ton,0,5206,2844,0.000124224
spam,0,5206,2844,0.000124224
awkward,0,5206,2844,0.000124224
load,0,5206,2844,0.000124224
blackout,0,5206,2844,0.000124224
threaten,0,5206,2844,0.000124224
august,0,5206,2844,0.000124224
uphill,0,5206,2844,0.000124224
parker,0,5206,2844,0.000124224
lecture,0,5206,2844,0.000124224
economic,0,5206,2844,0.000124224
hypocritical,0,5206,2844,0.000124224
melt,0,5206,2844,0.000124224
letdown,0,5206,2844,0.000124224
introduce,0,5206,2844,0.000124224
singaporean,0,5206,2844,0.000124224
facial,0,5206,2844,0.000124224
demo,0,5206,2844,0.000124224
goof,0,5206,2844,0.000124224
interference,0,5206,2844,0.000124224
headache,0,5206,2844,0.000124224
visigoth,0,5206,2844,0.000124224
froze,0,5206,2844,0.000124224
new,0,5206,2844,0.000124224
laughable,0,5206,2844,0.000124224
encrypt,0,5206,2844,0.000124224
maximize,0,5206,2844,0.000124224
collection,0,5206,2844,0.000124224
background,0,5206,2844,0.000124224
horrible,0,5206,2844,0.000124224
stream,0,5206,2844,0.000124224
code,0,5206,2844,0.000124224
skill,0,5206,2844,0.000124224
perform,0,5206,2844,0.000124224
date,0,5206,2844,0.000124224
impact,0,5206,2844,0.000124224
illustrate,0,5206,2844,0.000124224
peril,0,5206,2844,0.000124224
demonstration,0,5206,2844,0.000124224
admirably,0,5206,2844,0.000124224
revolution,0,5206,2844,0.000124224
stalk,0,5206,2844,0.000124224
performance,0,5206,2844,0.000124224
leave,0,5206,2844,0.000124224
fold,0,5206,2844,0.000124224
beat,0,5206,2844,0.000124224
iteration,0,5206,2844,0.000124224
several,0,5206,2844,0.000124224
revamp,0,5206,2844,0.000124224
compete,0,5206,2844,0.000124224
pittsburgh,0,5206,2844,0.000124224
recruit,0,5206,2844,0.000124224
hands-on,0,5206,2844,0.000124224
latest,0,5206,2844,0.000124224
theater,0,5206,2844,0.000124224
dubai,0,5206,2844,0.000124224
unwrap,0,5206,2844,0.000124224
vagina,0,5206,2844,0.000124224
encryption,0,5206,2844,0.000124224
menu,0,5206,2844,0.000124224
butt,0,5206,2844,0.000124224
unite,0,5206,2844,0.000124224
republish,0,5206,2844,0.000124224
index,0,5206,2844,0.000124224
perk,0,5206,2844,0.000124224
empire,0,5206,2844,0.000124224
avenue,0,5206,2844,0.000124224
outbound,0,5206,2844,0.000124224
rede,0,5206,2844,0.000124224
understand,0,5206,2844,0.000124224
flight,0,5206,2844,0.000124224
travel,0,5206,2844,0.000124224
downward,0,5206,2844,0.000124224
novelty,0,5206,2844,0.000124224
important,0,5206,2844,0.000124224
density,0,5206,2844,0.000124224
real-time,0,5206,2844,0.000124224
collaboration,0,5206,2844,0.000124224
transition,0,5206,2844,0.000124224
joke,0,5206,2844,0.000124224
slogan,0,5206,2844,0.000124224
industry,0,5206,2844,0.000124224
witness,0,5206,2844,0.000124224
astound,0,5206,2844,0.000124224
seal,0,5206,2844,0.000124224
supreme,0,5206,2844,0.000124224
console,0,5206,2844,0.000124224
traditional,0,5206,2844,0.000124224
secure,0,5206,2844,0.000124224
queri,0,5206,2844,0.000124224
track,0,5206,2844,0.000124224
land,0,5206,2844,0.000124224
conversion,0,5206,2844,0.000124224
cap,0,5206,2844,0.000124224
commodity,0,5206,2844,0.000124224
advertiser,0,5206,2844,0.000124224
arrive,0,5206,2844,0.000124224
curve,0,5206,2844,0.000124224
rival,0,5206,2844,0.000124224
url,0,5206,2844,0.000124224
webmaster,0,5206,2844,0.000124224
chicago,0,5206,2844,0.000124224
recap,0,5206,2844,0.000124224
host,0,5206,2844,0.000124224
africa,0,5206,2844,0.000124224
political,0,5206,2844,0.000124224
revue,0,5206,2844,0.000124224
companion,0,5206,2844,0.000124224
controller,0,5206,2844,0.000124224
announce,0,5206,2844,0.000124224
payment,0,5206,2844,0.000124224
environment,0,5206,2844,0.000124224
solar,0,5206,2844,0.000124224
plant,0,5206,2844,0.000124224
block,0,5206,2844,0.000124224
receive,0,5206,2844,0.000124224
juice,0,5206,2844,0.000124224
run-down,0,5206,2844,0.000124224
tip,0,5206,2844,0.000124224
crawl,0,5206,2844,0.000124224
creep,0,5206,2844,0.000124224
wake,0,5206,2844,0.000124224
honeycomb,0,5206,2844,0.000124224
gingerbread,0,5206,2844,0.000124224
referral,0,5206,2844,0.000124224
hack,0,5206,2844,0.000124224
wisely,0,5206,2844,0.000124224
sheet,0,5206,2844,0.000124224
xma,0,5206,2844,0.000124224
confirm,0,5206,2844,0.000124224
enhancement,0,5206,2844,0.000124224
texa,0,5206,2844,0.000124224
instrument,0,5206,2844,0.000124224
core,0,5206,2844,0.000124224
newer,0,5206,2844,0.000124224
processor,0,5206,2844,0.000124224
competition,0,5206,2844,0.000124224
venture,0,5206,2844,0.000124224
rumor,0,5206,2844,0.000124224
asap,0,5206,2844,0.000124224
application,0,5206,2844,0.000124224
overview,0,5206,2844,0.000124224
acceleration,0,5206,2844,0.000124224
telecom,0,5206,2844,0.000124224
pure,0,5206,2844,0.000124224
society,0,5206,2844,0.000124224
empowerment,0,5206,2844,0.000124224
lightly,0,5206,2844,0.000124224
determine,0,5206,2844,0.000124224
firm,0,5206,2844,0.000124224
investment,0,5206,2844,0.000124224
solely,0,5206,2844,0.000124224
spencer,0,5206,2844,0.000124224
restrict,0,5206,2844,0.000124224
engine,0,5206,2844,0.000124224
cach,0,5206,2844,0.000124224
retailer,0,5206,2844,0.000124224
jump,0,5206,2844,0.000124224
promotion,0,5206,2844,0.000124224
fortunately,0,5206,2844,0.000124224
sadly,0,5206,2844,0.000124224
copi,0,5206,2844,0.000124224
captain,0,5206,2844,0.000124224
movie,0,5206,2844,0.000124224
intro,0,5206,2844,0.000124224
destination,0,5206,2844,0.000124224
rant,0,5206,2844,0.000124224
pathetic,0,5206,2844,0.000124224
afterthought,0,5206,2844,0.000124224
suite,0,5206,2844,0.000124224
variety,0,5206,2844,0.000124224
way,0,5206,2844,0.000124224
engineer,0,5206,2844,0.000124224
intend,0,5206,2844,0.000124224
become,0,5206,2844,0.000124224
famou,0,5206,2844,0.000124224
criticize,0,5206,2844,0.000124224
trounc,0,5206,2844,0.000124224
discover,0,5206,2844,0.000124224
critical,0,5206,2844,0.000124224
information,0,5206,2844,0.000124224
belong,0,5206,2844,0.000124224
digitally,0,5206,2844,0.000124224
underly,0,5206,2844,0.000124224
eatable,0,5206,2844,0.000124224
eclair,0,5206,2844,0.000124224
reshape,0,5206,2844,0.000124224
feat,0,5206,2844,0.000124224
freestyle,0,5206,2844,0.000124224
manhole,0,5206,2844,0.000124224
round,0,5206,2844,0.000124224
china,0,5206,2844,0.000124224
googl,0,5206,2844,0.000124224
women,0,5206,2844,0.000124224
resemble,0,5206,2844,0.000124224
momma,0,5206,2844,0.000124224
fellow,0,5206,2844,0.000124224
michigander,0,5206,2844,0.000124224
michigan,0,5206,2844,0.000124224
circle,0,5206,2844,0.000124224
hacker,0,5206,2844,0.000124224
marketer,0,5206,2844,0.000124224
division,0,5206,2844,0.000124224
development,0,5206,2844,0.000124224
spring,0,5206,2844,0.000124224
drink,0,5206,2844,0.000124224
barometer,0,5206,2844,0.000124224
bunny,0,5206,2844,0.000124224
watson,0,5206,2844,0.000124224
unlike,0,5206,2844,0.000124224
repli,0,5206,2844,0.000124224
thread,0,5206,2844,0.000124224
weaken,0,5206,2844,0.000124224
undoubtedly,0,5206,2844,0.000124224
tough,0,5206,2844,0.000124224
demon,0,5206,2844,0.000124224
cast,0,5206,2844,0.000124224
wide,0,5206,2844,0.000124224
mike,0,5206,2844,0.000124224
smile,0,5206,2844,0.000124224
shout,0,5206,2844,0.000124224
universe,0,5206,2844,0.000124224
explod,0,5206,2844,0.000124224
advantage,0,5206,2844,0.000124224
profound,0,5206,2844,0.000124224
massive,0,5206,2844,0.000124224
nexuss,0,5206,2844,0.000124224
lazy,0,5206,2844,0.000124224
short,0,5206,2844,0.000124224
supply,0,5206,2844,0.000124224
roundup,0,5206,2844,0.000124224
snippet,0,5206,2844,0.000124224
prod,0,5206,2844,0.000124224
gadget,0,5206,2844,0.000124224
uncategorize,0,5206,2844,0.000124224
availability,0,5206,2844,0.000124224
peter,0,5206,2844,0.000124224
mango,0,5206,2844,0.000124224
emb,0,5206,2844,0.000124224
redirect,0,5206,2844,0.000124224
artisan,0,5206,2844,0.000124224
experiment,0,5206,2844,0.000124224
mouth,0,5206,2844,0.000124224
relive,0,5206,2844,0.000124224
rebuttal,0,5206,2844,0.000124224
bridge,0,5206,2844,0.000124224
pretend,0,5206,2844,0.000124224
steal,0,5206,2844,0.000124224
crew,0,5206,2844,0.000124224
coverage,0,5206,2844,0.000124224
health,0,5206,2844,0.000124224
dust,0,5206,2844,0.000124224
children,0,5206,2844,0.000124224
gun,0,5206,2844,0.000124224
parisian,0,5206,2844,0.000124224
debate,0,5206,2844,0.000124224
vote,0,5206,2844,0.000124224
somebody,0,5206,2844,0.000124224
imitation,0,5206,2844,0.000124224
flattery,0,5206,2844,0.000124224
junkyard,0,5206,2844,0.000124224
examine,0,5206,2844,0.000124224
bounce,0,5206,2844,0.000124224
lover,0,5206,2844,0.000124224
beate,0,5206,2844,0.000124224
village,0,5206,2844,0.000124224
intent,0,5206,2844,0.000124224
coupon,0,5206,2844,0.000124224
reward,0,5206,2844,0.000124224
despite,0,5206,2844,0.000124224
monumental,0,5206,2844,0.000124224
conspiracy,0,5206,2844,0.000124224
threw,0,5206,2844,0.000124224
pleasant,0,5206,2844,0.000124224
indee,0,5206,2844,0.000124224
laugh,0,5206,2844,0.000124224
tap,0,5206,2844,0.000124224
private,0,5206,2844,0.000124224
brows,0,5206,2844,0.000124224
eye,0,5206,2844,0.000124224
inspiration,0,5206,2844,0.000124224
duly,0,5206,2844,0.000124224
innovator,0,5206,2844,0.000124224
recent,0,5206,2844,0.000124224
position,0,5206,2844,0.000124224
amaze,0,5206,2844,0.000124224
freshen,0,5206,2844,0.000124224
buggy,0,5206,2844,0.000124224
bookworm,0,5206,2844,0.000124224
abstract,0,5206,2844,0.000124224
limitless,0,5206,2844,0.000124224
librari,0,5206,2844,0.000124224
bill,0,5206,2844,0.000124224
gross,0,5206,2844,0.000124224
develop,0,5206,2844,0.000124224
notch,0,5206,2844,0.000124224
backdrop,0,5206,2844,0.000124224
lot,0,5206,2844,0.000124224
resolution,0,5206,2844,0.000124224
maryland,0,5206,2844,0.000124224
mica,0,5206,2844,0.000124224
catch,0,5206,2844,0.000124224
recently,0,5206,2844,0.000124224
prep,0,5206,2844,0.000124224
unifi,0,5206,2844,0.000124224
europe,0,5206,2844,0.000124224
asia,0,5206,2844,0.000124224
hugo,0,5206,2844,0.000124224
buddi,0,5206,2844,0.000124224
cent,0,5206,2844,0.000124224
capture,0,5206,2844,0.000124224
continuou,0,5206,2844,0.000124224
lapse,0,5206,2844,0.000124224
glitch,0,5206,2844,0.000124224
beirut,0,5206,2844,0.000124224
tag,0,5206,2844,0.000124224
hipster,0,5206,2844,0.000124224
filter,0,5206,2844,0.000124224
irony,0,5206,2844,0.000124224
marketplace,0,5206,2844,0.000124224
preview,0,5206,2844,0.000124224
scale,0,5206,2844,0.000124224
guest,0,5206,2844,0.000124224
mostly,0,5206,2844,0.000124224
chinese,0,5206,2844,0.000124224
show-off,0,5206,2844,0.000124224
reverse,0,5206,2844,0.000124224
crime,0,5206,2844,0.000124224
wear,0,5206,2844,0.000124224
capability,0,5206,2844,0.000124224
measure,0,5206,2844,0.000124224
campaign,0,5206,2844,0.000124224
tagger,0,5206,2844,0.000124224
sticker,0,5206,2844,0.000124224
cheque,0,5206,2844,0.000124224
echelon,0,5206,2844,0.000124224
asian,0,5206,2844,0.000124224
rise,0,5206,2844,0.000124224
democrat,0,5206,2844,0.000124224
join,0,5206,2844,0.000124224
grey,0,5206,2844,0.000124224
chairman,0,5206,2844,0.000124224
greater,0,5206,2844,0.000124224
asset,0,5206,2844,0.000124224
heavy,0,5206,2844,0.000124224
park,0,5206,2844,0.000124224
summit,0,5206,2844,0.000124224
reflect,0,5206,2844,0.000124224
culture,0,5206,2844,0.000124224
poker,0,5206,2844,0.000124224
fight,0,5206,2844,0.000124224
university,0,5206,2844,0.000124224
propose,0,5206,2844,0.000124224
eyelid,0,5206,2844,0.000124224
twitche,0,5206,2844,0.000124224
passe,0,5206,2844,0.000124224
pour,0,5206,2844,0.000124224
singapore,0,5206,2844,0.000124224
pacific,0,5206,2844,0.000124224
region,0,5206,2844,0.000124224
parkway,0,5206,2844,0.000124224
novena,0,5206,2844,0.000124224
premier,0,5206,2844,0.000124224
healthcare,0,5206,2844,0.000124224
impatient,0,5206,2844,0.000124224
arriver,0,5206,2844,0.000124224
salisbury,0,5206,2844,0.000124224
tournament,0,5206,2844,0.000124224
fire,0,5206,2844,0.000124224
fringe,0,5206,2844,0.000124224
pulse,0,5206,2844,0.000124224
para,0,5206,2844,0.000124224
ringgit,0,5206,2844,0.000124224
european,0,5206,2844,0.000124224
currenci,0,5206,2844,0.000124224
strengthen,0,5206,2844,0.000124224
outweigh,0,5206,2844,0.000124224
higher,0,5206,2844,0.000124224
ey,0,5206,2844,0.000124224
thailand,0,5206,2844,0.000124224
factor,0,5206,2844,0.000124224
agency,0,5206,2844,0.000124224
originally,0,5206,2844,0.000124224
guardian,0,5206,2844,0.000124224
shop,0,5206,2844,0.000124224
strategi,0,5206,2844,0.000124224
pace,0,5206,2844,0.000124224
spain,0,5206,2844,0.000124224
downside,0,5206,2844,0.000124224
rumour,0,5206,2844,0.000124224
dive,0,5206,2844,0.000124224
bond,0,5206,2844,0.000124224
strait,0,5206,2844,0.000124224
wheat,0,5206,2844,0.000124224
monopoly,0,5206,2844,0.000124224
swap,0,5206,2844,0.000124224
compliance,0,5206,2844,0.000124224
leas,0,5206,2844,0.000124224
programme,0,5206,2844,0.000124224
rachel,0,5206,2844,0.000124224
specify,0,5206,2844,0.000124224
license,0,5206,2844,0.000124224
surfactant,0,5206,2844,0.000124224
sauce,0,5206,2844,0.000124224
tout,0,5206,2844,0.000124224
beau,0,5206,2844,0.000124224
panda,0,5206,2844,0.000124224
affect,0,5206,2844,0.000124224
rank,0,5206,2844,0.000124224
vendor,0,5206,2844,0.000124224
degree,0,5206,2844,0.000124224
format,0,5206,2844,0.000124224
annotate,0,5206,2844,0.000124224
bibliography,0,5206,2844,0.000124224
jew,0,5206,2844,0.000124224
jesu,0,5206,2844,0.000124224
5206,0,5206,2844,0.000124224
hitler,0,5206,2844,0.000124224
lab,0,5206,2844,0.000124224
harvard,0,5206,2844,0.000124224
mindfulness,0,5206,2844,0.000124224
technique,0,5206,2844,0.000124224
jewel,0,5206,2844,0.000124224
swear,0,5206,2844,0.000124224
nada,0,5206,2844,0.000124224
dealt,0,5206,2844,0.000124224
method,0,5206,2844,0.000124224
profitable,0,5206,2844,0.000124224
duke,0,5206,2844,0.000124224
homeless,0,5206,2844,0.000124224
Youth,0,5206,2844,0.000124224
domestic,0,5206,2844,0.000124224
violence,0,5206,2844,0.000124224
newbi,0,5206,2844,0.000124224
river,0,5206,2844,0.000124224
waste,0,5206,2844,0.000124224
will,0,5206,2844,0.000124224
hail,0,5206,2844,0.000124224
encounter,0,5206,2844,0.000124224
agenda,0,5206,2844,0.000124224
funniest,0,5206,2844,0.000124224
sushi,0,5206,2844,0.000124224
lawyer,0,5206,2844,0.000124224
police,0,5206,2844,0.000124224
okay,0,5206,2844,0.000124224
feedback,0,5206,2844,0.000124224
settlement,0,5206,2844,0.000124224
plaintiff,0,5206,2844,0.000124224
role,0,5206,2844,0.000124224
insolvency,0,5206,2844,0.000124224
reconnaissance,0,5206,2844,0.000124224
caution,0,5206,2844,0.000124224
cyanogen,0,5206,2844,0.000124224
deep,0,5206,2844,0.000124224
participate,0,5206,2844,0.000124224
certification,0,5206,2844,0.000124224
spanish,0,5206,2844,0.000124224
medical,0,5206,2844,0.000124224
buffalo,0,5206,2844,0.000124224
pavilion,0,5206,2844,0.000124224
claw,0,5206,2844,0.000124224
relevance,0,5206,2844,0.000124224
rich,0,5206,2844,0.000124224
excel,0,5206,2844,0.000124224
productive,0,5206,2844,0.000124224
communication,0,5206,2844,0.000124224
underrate,0,5206,2844,0.000124224
dish,0,5206,2844,0.000124224
handset,0,5206,2844,0.000124224
explorer,0,5206,2844,0.000124224
eate,0,5206,2844,0.000124224
priceless,0,5206,2844,0.000124224
vancouver,0,5206,2844,0.000124224
evangelist,0,5206,2844,0.000124224
cash,0,5206,2844,0.000124224
coast,0,5206,2844,0.000124224
portland,0,5206,2844,0.000124224
safe,0,5206,2844,0.000124224
safety,0,5206,2844,0.000124224
technologi,0,5206,2844,0.000124224
encourage,0,5206,2844,0.000124224
career,0,5206,2844,0.000124224
enjoy,0,5206,2844,0.000124224
compell,0,5206,2844,0.000124224
self-service,0,5206,2844,0.000124224
registration,0,5206,2844,0.000124224
curate,0,5206,2844,0.000124224
greenwich,0,5206,2844,0.000124224
later,0,5206,2844,0.000124224
charity,0,5206,2844,0.000124224
philanthropy,0,5206,2844,0.000124224
scientist,0,5206,2844,0.000124224
extent,0,5206,2844,0.000124224
sponsor,0,5206,2844,0.000124224
delegate,0,5206,2844,0.000124224
validate,0,5206,2844,0.000124224
target,0,5206,2844,0.000124224
touchscreen,0,5206,2844,0.000124224
campu,0,5206,2844,0.000124224
mixer,0,5206,2844,0.000124224
science,0,5206,2844,0.000124224
fiction,0,5206,2844,0.000124224
playful,0,5206,2844,0.000124224
faculty,0,5206,2844,0.000124224
pois,0,5206,2844,0.000124224
action,0,5206,2844,0.000124224
contender,0,5206,2844,0.000124224
combine,0,5206,2844,0.000124224
interface,0,5206,2844,0.000124224
became,0,5206,2844,0.000124224
citizenship,0,5206,2844,0.000124224
member,0,5206,2844,0.000124224
border,0,5206,2844,0.000124224
utiliti,0,5206,2844,0.000124224
enterprise,0,5206,2844,0.000124224
scalability,0,5206,2844,0.000124224
unfair,0,5206,2844,0.000124224
assessment,0,5206,2844,0.000124224
sage,0,5206,2844,0.000124224
dynamic,0,5206,2844,0.000124224
opportuniti,0,5206,2844,0.000124224
tour,0,5206,2844,0.000124224
helsinki,0,5206,2844,0.000124224
finland,0,5206,2844,0.000124224
sugar-coate,0,5206,2844,0.000124224
blatant,0,5206,2844,0.000124224
propaganda,0,5206,2844,0.000124224
composite,0,5206,2844,0.000124224
individual,0,5206,2844,0.000124224
technological,0,5206,2844,0.000124224
futuristic,0,5206,2844,0.000124224
desir,0,5206,2844,0.000124224
provid,0,5206,2844,0.000124224
fund,0,5206,2844,0.000124224
sweatshop,0,5206,2844,0.000124224
gate,0,5206,2844,0.000124224
foundation,0,5206,2844,0.000124224
courtesy,0,5206,2844,0.000124224
inspir,0,5206,2844,0.000124224
surface,0,5206,2844,0.000124224
vulnerability,0,5206,2844,0.000124224
framework,0,5206,2844,0.000124224
eclips,0,5206,2844,0.000124224
violate,0,5206,2844,0.000124224
u.,0,5206,2844,0.000124224
law,0,5206,2844,0.000124224
netscape,0,5206,2844,0.000124224
victim,0,5206,2844,0.000124224
racketeer,0,5206,2844,0.000124224
outlaw,0,5206,2844,0.000124224
worker,0,5206,2844,0.000124224
chief,0,5206,2844,0.000124224
mole,0,5206,2844,0.000124224
messy,0,5206,2844,0.000124224
nightmare,0,5206,2844,0.000124224
creepy,0,5206,2844,0.000124224
enrage,0,5206,2844,0.000124224
produce,0,5206,2844,0.000124224
lobby,0,5206,2844,0.000124224
politician,0,5206,2844,0.000124224
acceptable,0,5206,2844,0.000124224
sit,0,5206,2844,0.000124224
compare,0,5206,2844,0.000124224
albatross,0,5206,2844,0.000124224
neck,0,5206,2844,0.000124224
happier,0,5206,2844,0.000124224
comp,0,5206,2844,0.000124224
discussion,0,5206,2844,0.000124224
grab,0,5206,2844,0.000124224
nearly,0,5206,2844,0.000124224
dine,0,5206,2844,0.000124224
lean,0,5206,2844,0.000124224
concept,0,5206,2844,0.000124224
corporation,0,5206,2844,0.000124224
difference,0,5206,2844,0.000124224
kick,0,5206,2844,0.000124224
alongside,0,5206,2844,0.000124224
colour,0,5206,2844,0.000124224
blew,0,5206,2844,0.000124224
water,0,5206,2844,0.000124224
interoperability,0,5206,2844,0.000124224
backward,0,5206,2844,0.000124224
compatibility,0,5206,2844,0.000124224
stephen,0,5206,2844,0.000124224
cesspit,0,5206,2844,0.000124224
extreme,0,5206,2844,0.000124224
avoid,0,5206,2844,0.000124224
negative,0,5206,2844,0.000124224
comment,0,5206,2844,0.000124224
distrust,0,5206,2844,0.000124224
angst,0,5206,2844,0.000124224
fixation,0,5206,2844,0.000124224
wave,0,5206,2844,0.000124224
bye-bye,0,5206,2844,0.000124224
preach,0,5206,2844,0.000124224
value,0,5206,2844,0.000124224
excuse,0,5206,2844,0.000124224
instantly,0,5206,2844,0.000124224
manually,0,5206,2844,0.000124224
unproductive,0,5206,2844,0.000124224
forc,0,5206,2844,0.000124224
enemi,0,5206,2844,0.000124224
pray,0,5206,2844,0.000124224
licens,0,5206,2844,0.000124224
baffle,0,5206,2844,0.000124224
moron,0,5206,2844,0.000124224
arrogance,0,5206,2844,0.000124224
compliment,0,5206,2844,0.000124224
obituari,0,5206,2844,0.000124224
riskiest,0,5206,2844,0.000124224
attribut,0,5206,2844,0.000124224
undergo,0,5206,2844,0.000124224
trial,0,5206,2844,0.000124224
alleg,0,5206,2844,0.000124224
practice,0,5206,2844,0.000124224
conclud,0,5206,2844,0.000124224
march,0,5206,2844,0.000124224
ultimate,0,5206,2844,0.000124224
catastrophe,0,5206,2844,0.000124224
plot,0,5206,2844,0.000124224
loathe,0,5206,2844,0.000124224
unable,0,5206,2844,0.000124224
german,0,5206,2844,0.000124224
federal,0,5206,2844,0.000124224
trojan,0,5206,2844,0.000124224
spy,0,5206,2844,0.000124224
exception,0,5206,2844,0.000124224
slack,0,5206,2844,0.000124224
mandarin,0,5206,2844,0.000124224
studi,0,5206,2844,0.000124224
cisco,0,5206,2844,0.000124224
sledgehammer,0,5206,2844,0.000124224
sake,0,5206,2844,0.000124224
friendship,0,5206,2844,0.000124224
aggressive,0,5206,2844,0.000124224
criticise,0,5206,2844,0.000124224
face-to-face,0,5206,2844,0.000124224
corporate,0,5206,2844,0.000124224
bonobo,0,5206,2844,0.000124224
monkey,0,5206,2844,0.000124224
ass,0,5206,2844,0.000124224
linux,0,5206,2844,0.000124224
extremist,0,5206,2844,0.000124224
attack,0,5206,2844,0.000124224
freedom,0,5206,2844,0.000124224
age,0,5206,2844,0.000124224
faith,0,5206,2844,0.000124224
lift,0,5206,2844,0.000124224
clear,0,5206,2844,0.000124224
disable,0,5206,2844,0.000124224
third,0,5206,2844,0.000124224
unmindful,0,5206,2844,0.000124224
collect,0,5206,2844,0.000124224
letter,0,5206,2844,0.000124224
retire,0,5206,2844,0.000124224
techie,0,5206,2844,0.000124224
leader,0,5206,2844,0.000124224
darkness,0,5206,2844,0.000124224
bind,0,5206,2844,0.000124224
vista,0,5206,2844,0.000124224
unborn,0,5206,2844,0.000124224
prediction,0,5206,2844,0.000124224
dell,0,5206,2844,0.000124224
shitty,0,5206,2844,0.000124224
ghost,0,5206,2844,0.000124224
logic,0,5206,2844,0.000124224
enlighten,0,5206,2844,0.000124224
diaz,0,5206,2844,0.000124224
influential,0,5206,2844,0.000124224
hispanic,0,5206,2844,0.000124224
compiler,0,5206,2844,0.000124224
specialist,0,5206,2844,0.000124224
bangalore,0,5206,2844,0.000124224
spigot,0,5206,2844,0.000124224
paper,0,5206,2844,0.000124224
bogu,0,5206,2844,0.000124224
benchmark,0,5206,2844,0.000124224
testify,0,5206,2844,0.000124224
novel,0,5206,2844,0.000124224
copyright,0,5206,2844,0.000124224
advert,0,5206,2844,0.000124224
denali,0,5206,2844,0.000124224
technical,0,5206,2844,0.000124224
researcher,0,5206,2844,0.000124224
gentle,0,5206,2844,0.000124224
meekly,0,5206,2844,0.000124224
doom,0,5206,2844,0.000124224
supporter,0,5206,2844,0.000124224
quote,0,5206,2844,0.000124224
episode,0,5206,2844,0.000124224
hawaii,0,5206,2844,0.000124224
kickoff,0,5206,2844,0.000124224
ping,0,5206,2844,0.000124224
embrac,0,5206,2844,0.000124224
apache,0,5206,2844,0.000124224
azure,0,5206,2844,0.000124224
pareto,0,5206,2844,0.000124224
chart,0,5206,2844,0.000124224
procedural,0,5206,2844,0.000124224
syntax,0,5206,2844,0.000124224
talent,0,5206,2844,0.000124224
boast,0,5206,2844,0.000124224
temp,0,5206,2844,0.000124224
workforce,0,5206,2844,0.000124224
beeline,0,5206,2844,0.000124224
central,0,5206,2844,0.000124224
boxe,0,5206,2844,0.000124224
holiday,0,5206,2844,0.000124224
bundle,0,5206,2844,0.000124224
season,0,5206,2844,0.000124224
joint,0,5206,2844,0.000124224
vital,0,5206,2844,0.000124224
participation,0,5206,2844,0.000124224
weep,0,5206,2844,0.000124224
mercy,0,5206,2844,0.000124224
firmware,0,5206,2844,0.000124224
innovate,0,5206,2844,0.000124224
api,0,5206,2844,0.000124224
basic,0,5206,2844,0.000124224
broadly,0,5206,2844,0.000124224
insight,0,5206,2844,0.000124224
organization,0,5206,2844,0.000124224
interact,0,5206,2844,0.000124224
norway,0,5206,2844,0.000124224
chair,0,5206,2844,0.000124224
interview,0,5206,2844,0.000124224
minority,0,5206,2844,0.000124224
carnegie,0,5206,2844,0.000124224
mellon,0,5206,2844,0.000124224
incomparable,0,5206,2844,0.000124224
tangl,0,5206,2844,0.000124224
mess,0,5206,2844,0.000124224
desk,0,5206,2844,0.000124224
conductive,0,5206,2844,0.000124224
gesture,0,5206,2844,0.000124224
spare,0,5206,2844,0.000124224
arbitrary,0,5206,2844,0.000124224
everyday,0,5206,2844,0.000124224
booth,0,5206,2844,0.000124224
duty,0,5206,2844,0.000124224
modern,0,5206,2844,0.000124224
warfare,0,5206,2844,0.000124224
transform,0,5206,2844,0.000124224
dancer,0,5206,2844,0.000124224
nowhere,0,5206,2844,0.000124224
near,0,5206,2844,0.000124224
slash,0,5206,2844,0.000124224
quincy,0,5206,2844,0.000124224
washington,0,5206,2844,0.000124224
summary,0,5206,2844,0.000124224
feet,0,5206,2844,0.000124224
supplier,0,5206,2844,0.000124224
sustainability,0,5206,2844,0.000124224
movement,0,5206,2844,0.000124224
plastic,0,5206,2844,0.000124224
approach,0,5206,2844,0.000124224
durban,0,5206,2844,0.000124224
conflict,0,5206,2844,0.000124224
guru,0,5206,2844,0.000124224
institute,0,5206,2844,0.000124224
accuracy,0,5206,2844,0.000124224
integration,0,5206,2844,0.000124224
incorrect,0,5206,2844,0.000124224
association,0,5206,2844,0.000124224
undecid,0,5206,2844,0.000124224
minu,0,5206,2844,0.000124224
celebrity,0,5206,2844,0.000124224
impersonation,0,5206,2844,0.000124224
common,0,5206,2844,0.000124224
clothe,0,5206,2844,0.000124224
initiative,0,5206,2844,0.000124224
alternate,0,5206,2844,0.000124224
row,0,5206,2844,0.000124224
shortcut,0,5206,2844,0.000124224
bargain,0,5206,2844,0.000124224
bruise,0,5206,2844,0.000124224
expectation,0,5206,2844,0.000124224
deployment,0,5206,2844,0.000124224
securiti,0,5206,2844,0.000124224
interaction,0,5206,2844,0.000124224
engag,0,5206,2844,0.000124224
diss,0,5206,2844,0.000124224
e-commerce,0,5206,2844,0.000124224
expert,0,5206,2844,0.000124224
manipulate,0,5206,2844,0.000124224
swipe,0,5206,2844,0.000124224
dawn,0,5206,2844,0.000124224
evan,0,5206,2844,0.000124224
exec,0,5206,2844,0.000124224
seri,0,5206,2844,0.000124224
operation,0,5206,2844,0.000124224
holographic,0,5206,2844,0.000124224
vision,0,5206,2844,0.000124224
governance,0,5206,2844,0.000124224
exam,0,5206,2844,0.000124224
appli,0,5206,2844,0.000124224
critic,0,5206,2844,0.000124224
friendliness,0,5206,2844,0.000124224
branch,0,5206,2844,0.000124224
appliance,0,5206,2844,0.000124224
hybrid,0,5206,2844,0.000124224
gateway,0,5206,2844,0.000124224
fanatic,0,5206,2844,0.000124224
secur,0,5206,2844,0.000124224
certificate,0,5206,2844,0.000124224
brief,0,5206,2844,0.000124224
intelligence,0,5206,2844,0.000124224
studio,0,5206,2844,0.000124224
package,0,5206,2844,0.000124224
wonderful,0,5206,2844,0.000124224
orlando,0,5206,2844,0.000124224
automation,0,5206,2844,0.000124224
disney,0,5206,2844,0.000124224
course,0,5206,2844,0.000124224
persona,0,5206,2844,0.000124224
celebriti,0,5206,2844,0.000124224
road,0,5206,2844,0.000124224
newly,0,5206,2844,0.000124224
testimonial,0,5206,2844,0.000124224
seriou,0,5206,2844,0.000124224
view,0,5206,2844,0.000124224
connectivity,0,5206,2844,0.000124224
breakfast,0,5206,2844,0.000124224
slam,0,5206,2844,0.000124224
refine,0,5206,2844,0.000124224
regard,0,5206,2844,0.000124224
sugar,0,5206,2844,0.000124224
database,0,5206,2844,0.000124224
structure,0,5206,2844,0.000124224
accelerate,0,5206,2844,0.000124224
var,0,5206,2844,0.000124224
lucky,0,5206,2844,0.000124224
19th,0,5206,2844,0.000124224
department,0,5206,2844,0.000124224
justice,0,5206,2844,0.000124224
began,0,5206,2844,0.000124224
obsolete,0,5206,2844,0.000124224
flood,0,5206,2844,0.000124224
crisi,0,5206,2844,0.000124224
bangkok,0,5206,2844,0.000124224
county,0,5206,2844,0.000124224
automate,0,5206,2844,0.000124224
optimization,0,5206,2844,0.000124224
visibility,0,5206,2844,0.000124224
publish,0,5206,2844,0.000124224
cookbook,0,5206,2844,0.000124224
disguise,0,5206,2844,0.000124224
amateur,0,5206,2844,0.000124224
obviou,0,5206,2844,0.000124224
voucher,0,5206,2844,0.000124224
quarterly,0,5206,2844,0.000124224
implement,0,5206,2844,0.000124224
prompt,0,5206,2844,0.000124224
elevate,0,5206,2844,0.000124224
silently,0,5206,2844,0.000124224
academy,0,5206,2844,0.000124224
kenya,0,5206,2844,0.000124224
east,0,5206,2844,0.000124224
southern,0,5206,2844,0.000124224
multimedia,0,5206,2844,0.000124224
stravinsky,0,5206,2844,0.000124224
cd-rom,0,5206,2844,0.000124224
notebook,0,5206,2844,0.000124224
plug,0,5206,2844,0.000124224
installation,0,5206,2844,0.000124224
trashe,0,5206,2844,0.000124224
credential,0,5206,2844,0.000124224
director,0,5206,2844,0.000124224
consult,0,5206,2844,0.000124224
oracle,0,5206,2844,0.000124224
trade,0,5206,2844,0.000124224
packag,0,5206,2844,0.000124224
david,0,5206,2844,0.000124224
seize,0,5206,2844,0.000124224
boss,0,5206,2844,0.000124224
tile,0,5206,2844,0.000124224
heaven,0,5206,2844,0.000124224
gadgeteer,0,5206,2844,0.000124224
stimulate,0,5206,2844,0.000124224
playback,0,5206,2844,0.000124224
badge,0,5206,2844,0.000124224
additional,0,5206,2844,0.000124224
internal,0,5206,2844,0.000124224
greenest,0,5206,2844,0.000124224
danger,0,5206,2844,0.000124224
anonymou,0,5206,2844,0.000124224
example,0,5206,2844,0.000124224
pitman,0,5206,2844,0.000124224
customize,0,5206,2844,0.000124224
scam,0,5206,2844,0.000124224
viru,0,5206,2844,0.000124224
potential,0,5206,2844,0.000124224
qualification,0,5206,2844,0.000124224
lay,0,5206,2844,0.000124224
toulouse,0,5206,2844,0.000124224
achiev,0,5206,2844,0.000124224
mill,0,5206,2844,0.000124224
transaction,0,5206,2844,0.000124224
garner,0,5206,2844,0.000124224
organise,0,5206,2844,0.000124224
gold,0,5206,2844,0.000124224
tumble,0,5206,2844,0.000124224
dozen,0,5206,2844,0.000124224
organize,0,5206,2844,0.000124224
emergency,0,5206,2844,0.000124224
seat,0,5206,2844,0.000124224
delaware,0,5206,2844,0.000124224
projector,0,5206,2844,0.000124224
south,0,5206,2844,0.000124224
richmond,0,5206,2844,0.000124224
backyard,0,5206,2844,0.000124224
queue,0,5206,2844,0.000124224
workspace,0,5206,2844,0.000124224
ti,0,5206,2844,0.000124224
fri,0,5206,2844,0.000124224
balance,0,5206,2844,0.000124224
surpass,0,5206,2844,0.000124224
government,0,5206,2844,0.000124224
blob,0,5206,2844,0.000124224
milky,0,5206,2844,0.000124224
film,0,5206,2844,0.000124224
busyness,0,5206,2844,0.000124224
pocket,0,5206,2844,0.000124224
handheld,0,5206,2844,0.000124224
sterl,0,5206,2844,0.000124224
resume,0,5206,2844,0.000124224
consideration,0,5206,2844,0.000124224
algeria,0,5206,2844,0.000124224
britain,0,5206,2844,0.000124224
attract,0,5206,2844,0.000124224
shot,0,5206,2844,0.000124224
custom,0,5206,2844,0.000124224
sort,0,5206,2844,0.000124224
categori,0,5206,2844,0.000124224
wire,0,5206,2844,0.000124224
comput,0,5206,2844,0.000124224
escape,0,5206,2844,0.000124224
cake,0,5206,2844,0.000124224
involv,0,5206,2844,0.000124224
balm,0,5206,2844,0.000124224
royalti,0,5206,2844,0.000124224
pastel,0,5206,2844,0.000124224
physical,0,5206,2844,0.000124224
creator,0,5206,2844,0.000124224
driver,0,5206,2844,0.000124224
administrator,0,5206,2844,0.000124224
consultant,0,5206,2844,0.000124224
trainer,0,5206,2844,0.000124224
bank,0,5206,2844,0.000124224
hype,0,5206,2844,0.000124224
workload,0,5206,2844,0.000124224
qualify,0,5206,2844,0.000124224
todd,0,5206,2844,0.000124224
eight,0,5206,2844,0.000124224
adoption,0,5206,2844,0.000124224
practical,0,5206,2844,0.000124224
apron,0,5206,2844,0.000124224
foodie,0,5206,2844,0.000124224
sesame,0,5206,2844,0.000124224
national,0,5206,2844,0.000124224
geographic,0,5206,2844,0.000124224
tango,0,5206,2844,0.000124224
apollo,0,5206,2844,0.000124224
complicate,0,5206,2844,0.000124224
rescue,0,5206,2844,0.000124224
ensemble,0,5206,2844,0.000124224
incentive,0,5206,2844,0.000124224
belle,0,5206,2844,0.000124224
bug,0,5206,2844,0.000124224
tester,0,5206,2844,0.000124224
cerulean,0,5206,2844,0.000124224
size,0,5206,2844,0.000124224
freez,0,5206,2844,0.000124224
demonstrate,0,5206,2844,0.000124224
apart,0,5206,2844,0.000124224
genuine,0,5206,2844,0.000124224
fake,0,5206,2844,0.000124224
scammer,0,5206,2844,0.000124224
lure,0,5206,2844,0.000124224
grant,0,5206,2844,0.000124224
pinball,0,5206,2844,0.000124224
table,0,5206,2844,0.000124224
strongly,0,5206,2844,0.000124224
recommend,0,5206,2844,0.000124224
contest,0,5206,2844,0.000124224
chariti,0,5206,2844,0.000124224
unfortunately,0,5206,2844,0.000124224
catchment,0,5206,2844,0.000124224
cloth,0,5206,2844,0.000124224
alchemy,0,5206,2844,0.000124224
exclude,0,5206,2844,0.000124224
scribble,0,5206,2844,0.000124224
anti,0,5206,2844,0.000124224
expos,0,5206,2844,0.000124224
kept,0,5206,2844,0.000124224
fell,0,5206,2844,0.000124224
exist,0,5206,2844,0.000124224
realisation,0,5206,2844,0.000124224
complex,0,5206,2844,0.000124224
angle,0,5206,2844,0.000124224
contrast,0,5206,2844,0.000124224
portal,0,5206,2844,0.000124224
finalise,0,5206,2844,0.000124224
dodg,0,5206,2844,0.000124224
bullet,0,5206,2844,0.000124224
acquire,0,5206,2844,0.000124224
exact,0,5206,2844,0.000124224
favor,0,5206,2844,0.000124224
fresh,0,5206,2844,0.000124224
disclos,0,5206,2844,0.000124224
nascent,0,5206,2844,0.000124224
exploit,0,5206,2844,0.000124224
pose,0,5206,2844,0.000124224
rookie,0,5206,2844,0.000124224
veteran,0,5206,2844,0.000124224
tier,0,5206,2844,0.000124224
natural,0,5206,2844,0.000124224
ergonomic,0,5206,2844,0.000124224
guard,0,5206,2844,0.000124224
creation,0,5206,2844,0.000124224
range,0,5206,2844,0.000124224
tick,0,5206,2844,0.000124224
vouch,0,5206,2844,0.000124224
programmer,0,5206,2844,0.000124224
ethical,0,5206,2844,0.000124224
interactive,0,5206,2844,0.000124224
winner,0,5206,2844,0.000124224
sweepstake,0,5206,2844,0.000124224
log-in,0,5206,2844,0.000124224
competitor,0,5206,2844,0.000124224
dryad,0,5206,2844,0.000124224
mary,0,5206,2844,0.000124224
basically,0,5206,2844,0.000124224
glorifi,0,5206,2844,0.000124224
approache,0,5206,2844,0.000124224
wild,0,5206,2844,0.000124224
follower,0,5206,2844,0.000124224
giveaway,0,5206,2844,0.000124224
mock,0,5206,2844,0.000124224
circuit,0,5206,2844,0.000124224
saint,0,5206,2844,0.000124224
doughnut,0,5206,2844,0.000124224
dinner,0,5206,2844,0.000124224
techno,0,5206,2844,0.000124224
depot,0,5206,2844,0.000124224
shopper,0,5206,2844,0.000124224
distribution,0,5206,2844,0.000124224
philip,0,5206,2844,0.000124224
nobel,0,5206,2844,0.000124224
writer,0,5206,2844,0.000124224
squar,0,5206,2844,0.000124224
corner,0,5206,2844,0.000124224
wary,0,5206,2844,0.000124224
soft,0,5206,2844,0.000124224
proxy,0,5206,2844,0.000124224
unblock,0,5206,2844,0.000124224
plush,0,5206,2844,0.000124224
tutter,0,5206,2844,0.000124224
deploy,0,5206,2844,0.000124224
