Words,Features,# of words in google,# of unique words in all documents,Condition prob of given word in google
apple,23,4240,2844,0.003387916
crack,0,4240,2844,0.000141163
ad,1,4240,2844,0.000282326
carrier,8,4240,2844,0.001270469
support,3,4240,2844,0.000564653
announc,4,4240,2844,0.000705816
hilariou,0,4240,2844,0.000141163
video,20,4240,2844,0.002964427
duet,0,4240,2844,0.000141163
pretty,3,4240,2844,0.000564653
much,8,4240,2844,0.001270469
sum,0,4240,2844,0.000141163
love,10,4240,2844,0.001552795
affair,0,4240,2844,0.000141163
made,3,4240,2844,0.000564653
easy,0,4240,2844,0.000141163
switch,1,4240,2844,0.000282326
realize,0,4240,2844,0.000141163
reason,3,4240,2844,0.000564653
twitter,18,4240,2844,0.002682101
thank,5,4240,2844,0.000846979
current,2,4240,2844,0.00042349
blackberry,0,4240,2844,0.000141163
user,24,4240,2844,0.00352908
little,2,4240,2844,0.00042349
disappoint,0,4240,2844,0.000141163
move,2,4240,2844,0.00042349
android,324,4240,2844,0.045878035
strangest,0,4240,2844,0.000141163
thing,9,4240,2844,0.001411632
said,1,4240,2844,0.000282326
glad,1,4240,2844,0.000282326
gave,0,4240,2844,0.000141163
sense,0,4240,2844,0.000141163
humor,0,4240,2844,0.000141163
great,8,4240,2844,0.001270469
close,0,4240,2844,0.000141163
personal,1,4240,2844,0.000282326
event,5,4240,2844,0.000846979
tonight,4,4240,2844,0.000705816
regent,0,4240,2844,0.000141163
store,1,4240,2844,0.000282326
compani,0,4240,2844,0.000141163
experience,3,4240,2844,0.000564653
best,6,4240,2844,0.000988142
customer,2,4240,2844,0.00042349
service,5,4240,2844,0.000846979
aside,0,4240,2844,0.000141163
apply,0,4240,2844,0.000141163
hope,1,4240,2844,0.000282326
call,7,4240,2844,0.001129305
think,13,4240,2844,0.001976285
magical,0,4240,2844,0.000141163
dy,0,4240,2844,0.000141163
suggest,2,4240,2844,0.00042349
find,6,4240,2844,0.000988142
whore,1,4240,2844,0.000282326
hide,0,4240,2844,0.000141163
body,0,4240,2844,0.000141163
register,2,4240,2844,0.00042349
developer,2,4240,2844,0.00042349
actually,2,4240,2844,0.00042349
help,4,4240,2844,0.000705816
greatly,1,4240,2844,0.000282326
appreciate,0,4240,2844,0.000141163
deal,3,4240,2844,0.000564653
first,8,4240,2844,0.001270469
model,0,4240,2844,0.000141163
offer,4,4240,2844,0.000705816
refurbish,0,4240,2844,0.000141163
come,7,4240,2844,0.001129305
dark,0,4240,2844,0.000141163
side,0,4240,2844,0.000141163
send,3,4240,2844,0.000564653
free,2,4240,2844,0.00042349
publicly,0,4240,2844,0.000141163
ceremoniously,0,4240,2844,0.000141163
burn,1,4240,2844,0.000282326
version,5,4240,2844,0.000846979
locate,1,4240,2844,0.000282326
wipe,0,4240,2844,0.000141163
stolen,0,4240,2844,0.000141163
garden,0,4240,2844,0.000141163
replac,0,4240,2844,0.000141163
lunch,0,4240,2844,0.000141163
break,2,4240,2844,0.00042349
today,7,4240,2844,0.001129305
warranty,0,4240,2844,0.000141163
replace,2,4240,2844,0.00042349
bound,0,4240,2844,0.000141163
playbook,0,4240,2844,0.000141163
team,2,4240,2844,0.00042349
amaz,5,4240,2844,0.000846979
featur,0,4240,2844,0.000141163
education,0,4240,2844,0.000141163
sweet,1,4240,2844,0.000282326
want,18,4240,2844,0.002682101
done,5,4240,2844,0.000846979
right,4,4240,2844,0.000705816
useless,0,4240,2844,0.000141163
day,3,4240,2844,0.000564653
unexpect,0,4240,2844,0.000141163
workshop,0,4240,2844,0.000141163
Yesterday,0,4240,2844,0.000141163
awesome,9,4240,2844,0.001411632
amount,0,4240,2844,0.000141163
info,7,4240,2844,0.001129305
question,3,4240,2844,0.000564653
people,8,4240,2844,0.001270469
bitch,2,4240,2844,0.00042349
smartest,0,4240,2844,0.000141163
phone,48,4240,2844,0.006916996
ever,3,4240,2844,0.000564653
happy,0,4240,2844,0.000141163
point,1,4240,2844,0.000282326
mentor,0,4240,2844,0.000141163
triple,0,4240,2844,0.000141163
umber,0,4240,2844,0.000141163
well,3,4240,2844,0.000564653
mobile,11,4240,2844,0.001693958
device,12,4240,2844,0.001835121
talk,4,4240,2844,0.000705816
desktop,0,4240,2844,0.000141163
coach,0,4240,2844,0.000141163
bring,1,4240,2844,0.000282326
wish,0,4240,2844,0.000141163
sell,0,4240,2844,0.000141163
million,2,4240,2844,0.00042349
unit,0,4240,2844,0.000141163
weekend,0,4240,2844,0.000141163
job,1,4240,2844,0.000282326
brilliance,0,4240,2844,0.000141163
live,15,4240,2844,0.002258611
apologize,0,4240,2844,0.000141163
download,2,4240,2844,0.00042349
prove,0,4240,2844,0.000141163
popular,0,4240,2844,0.000141163
look,41,4240,2844,0.005928854
argument,1,4240,2844,0.000282326
incredible,0,4240,2844,0.000141163
better,7,4240,2844,0.001129305
save,1,4240,2844,0.000282326
unwant,0,4240,2844,0.000141163
seen,5,4240,2844,0.000846979
light,0,4240,2844,0.000141163
fix,0,4240,2844,0.000141163
battery,1,4240,2844,0.000282326
drain,0,4240,2844,0.000141163
problem,2,4240,2844,0.00042349
replacement,0,4240,2844,0.000141163
work,20,4240,2844,0.002964427
like,24,4240,2844,0.00352908
champ,0,4240,2844,0.000141163
currently,0,4240,2844,0.000141163
order,1,4240,2844,0.000282326
brand,2,4240,2844,0.00042349
Year,2,4240,2844,0.00042349
miss,2,4240,2844,0.00042349
time,17,4240,2844,0.002540937
bless,0,4240,2844,0.000141163
know,12,4240,2844,0.001835121
brother,0,4240,2844,0.000141163
girlfriend,0,4240,2844,0.000141163
least,1,4240,2844,0.000282326
wait,10,4240,2844,0.001552795
music,8,4240,2844,0.001270469
glass,0,4240,2844,0.000141163
debut,2,4240,2844,0.00042349
technology,4,4240,2844,0.000705816
unreal,0,4240,2844,0.000141163
update,21,4240,2844,0.00310559
another,1,4240,2844,0.000282326
mention,2,4240,2844,0.00042349
get,7,4240,2844,0.001129305
forward,2,4240,2844,0.00042349
stick,1,4240,2844,0.000282326
longer,0,4240,2844,0.000141163
pay,2,4240,2844,0.00042349
text,2,4240,2844,0.00042349
hate,3,4240,2844,0.000564653
computer,0,4240,2844,0.000141163
need,12,4240,2844,0.001835121
mack,0,4240,2844,0.000141163
flawless,0,4240,2844,0.000141163
cloud,6,4240,2844,0.000988142
totally,2,4240,2844,0.00042349
email,3,4240,2844,0.000564653
company,3,4240,2844,0.000564653
alway,3,4240,2844,0.000564653
upgrade,4,4240,2844,0.000705816
nice,13,4240,2844,0.001976285
tech,7,4240,2844,0.001129305
mall,0,4240,2844,0.000141163
faster,2,4240,2844,0.00042349
even,5,4240,2844,0.000846979
though,2,4240,2844,0.00042349
hubby,0,4240,2844,0.000141163
geek,0,4240,2844,0.000141163
make,17,4240,2844,0.002540937
thankful,0,4240,2844,0.000141163
go,3,4240,2844,0.000564653
beyond,3,4240,2844,0.000564653
sick,2,4240,2844,0.00042349
play,3,4240,2844,0.000564653
camera,10,4240,2844,0.001552795
Yeah,1,4240,2844,0.000282326
chang,1,4240,2844,0.000282326
life,2,4240,2844,0.00042349
safari,0,4240,2844,0.000141163
reader,0,4240,2844,0.000141163
own,0,4240,2844,0.000141163
worldwide,0,4240,2844,0.000141163
case,0,4240,2844,0.000141163
hand,6,4240,2844,0.000988142
walk,0,4240,2844,0.000141163
laid,0,4240,2844,0.000141163
next,8,4240,2844,0.001270469
last,1,4240,2844,0.000282326
us,10,4240,2844,0.001552795
disruption,0,4240,2844,0.000141163
lost,0,4240,2844,0.000141163
gig,0,4240,2844,0.000141163
keep,2,4240,2844,0.00042349
Yessss,0,4240,2844,0.000141163
especially,1,4240,2844,0.000282326
slide,0,4240,2844,0.000141163
screen,8,4240,2844,0.001270469
good,15,4240,2844,0.002258611
second,0,4240,2844,0.000141163
madness,0,4240,2844,0.000141163
invest,1,4240,2844,0.000282326
gear,0,4240,2844,0.000141163
sent,0,4240,2844,0.000141163
grandma,0,4240,2844,0.000141163
post,10,4240,2844,0.001552795
card,2,4240,2844,0.00042349
sorry,3,4240,2844,0.000564653
put,3,4240,2844,0.000564653
wash,0,4240,2844,0.000141163
kind,0,4240,2844,0.000141163
equivalent,0,4240,2844,0.000141163
blend,0,4240,2844,0.000141163
hear,0,4240,2844,0.000141163
still,4,4240,2844,0.000705816
alive,1,4240,2844,0.000282326
launder,0,4240,2844,0.000141163
finest,0,4240,2844,0.000141163
moment,1,4240,2844,0.000282326
dry,0,4240,2844,0.000141163
organic,0,4240,2844,0.000141163
rice,0,4240,2844,0.000141163
boot,0,4240,2844,0.000141163
system,4,4240,2844,0.000705816
smash,0,4240,2844,0.000141163
lock,1,4240,2844,0.000282326
open,0,4240,2844,0.000141163
unlock,12,4240,2844,0.001835121
word,1,4240,2844,0.000282326
sale,1,4240,2844,0.000282326
four,2,4240,2844,0.00042349
easter,0,4240,2844,0.000141163
egg,0,4240,2844,0.000141163
pull,0,4240,2844,0.000141163
middle,0,4240,2844,0.000141163
bottom,0,4240,2844,0.000141163
feature,26,4240,2844,0.003811406
simply,1,4240,2844,0.000282326
must,2,4240,2844,0.00042349
admit,1,4240,2844,0.000282326
camper,0,4240,2844,0.000141163
tone,0,4240,2844,0.000141163
ring,0,4240,2844,0.000141163
drake,0,4240,2844,0.000141163
receiv,0,4240,2844,0.000141163
ipod,0,4240,2844,0.000141163
wife,1,4240,2844,0.000282326
upgrad,0,4240,2844,0.000141163
alone,0,4240,2844,0.000141163
worth,2,4240,2844,0.00042349
continu,0,4240,2844,0.000141163
enhance,0,4240,2844,0.000141163
honor,0,4240,2844,0.000141163
truly,0,4240,2844,0.000141163
loss,1,4240,2844,0.000282326
geniu,0,4240,2844,0.000141163
notifi,1,4240,2844,0.000282326
arriv,1,4240,2844,0.000282326
local,1,4240,2844,0.000282326
office,0,4240,2844,0.000141163
deliver,0,4240,2844,0.000141163
sunday,0,4240,2844,0.000141163
magic,0,4240,2844,0.000141163
meet,1,4240,2844,0.000282326
butler,0,4240,2844,0.000141163
click,4,4240,2844,0.000705816
link,4,4240,2844,0.000705816
never,1,4240,2844,0.000282326
feel,3,4240,2844,0.000564653
worst,0,4240,2844,0.000141163
speaker,1,4240,2844,0.000282326
spoil,0,4240,2844,0.000141163
luck,0,4240,2844,0.000141163
surviv,0,4240,2844,0.000141163
addict,0,4240,2844,0.000141163
welcome,1,4240,2844,0.000282326
club,0,4240,2844,0.000141163
innovation,0,4240,2844,0.000141163
exhibit,0,4240,2844,0.000141163
instead,0,4240,2844,0.000141163
watch,6,4240,2844,0.000988142
game,9,4240,2844,0.001411632
sport,0,4240,2844,0.000141163
hiss,0,4240,2844,0.000141163
berry,0,4240,2844,0.000141163
power,9,4240,2844,0.001411632
guy,4,4240,2844,0.000705816
witchcraft,0,4240,2844,0.000141163
lead,0,4240,2844,0.000141163
notification,1,4240,2844,0.000282326
search,29,4240,2844,0.004234896
cover,2,4240,2844,0.00042349
mail,0,4240,2844,0.000141163
wifi,0,4240,2844,0.000141163
sync,2,4240,2844,0.00042349
backup,0,4240,2844,0.000141163
integrate,2,4240,2844,0.00042349
jame,0,4240,2844,0.000141163
stewart,0,4240,2844,0.000141163
story,0,4240,2844,0.000141163
importance,0,4240,2844,0.000141163
architecture,0,4240,2844,0.000141163
retail,1,4240,2844,0.000282326
success,0,4240,2844,0.000141163
world,0,4240,2844,0.000141163
impressive,0,4240,2844,0.000141163
metro,3,4240,2844,0.000564653
centre,0,4240,2844,0.000141163
cable,0,4240,2844,0.000141163
book,3,4240,2844,0.000564653
grati,0,4240,2844,0.000141163
show,6,4240,2844,0.000988142
hairline,0,4240,2844,0.000141163
happen,1,4240,2844,0.000282326
edge,0,4240,2844,0.000141163
taken,1,4240,2844,0.000282326
min,0,4240,2844,0.000141163
write,0,4240,2844,0.000141163
convert,0,4240,2844,0.000141163
grass,0,4240,2844,0.000141163
greener,0,4240,2844,0.000141163
backside,0,4240,2844,0.000141163
impress,3,4240,2844,0.000564653
space,1,4240,2844,0.000282326
creative,0,4240,2844,0.000141163
product,2,4240,2844,0.00042349
inspire,0,4240,2844,0.000141163
unbelievable,0,4240,2844,0.000141163
present,0,4240,2844,0.000141163
requir,1,4240,2844,0.000282326
finally,7,4240,2844,0.001129305
stupid,1,4240,2844,0.000282326
learn,3,4240,2844,0.000564653
lesson,0,4240,2844,0.000141163
absolutely,0,4240,2844,0.000141163
invent,1,4240,2844,0.000282326
parent,0,4240,2844,0.000141163
listen,0,4240,2844,0.000141163
create,2,4240,2844,0.00042349
folder,2,4240,2844,0.00042349
within,0,4240,2844,0.000141163
photo,3,4240,2844,0.000564653
album,0,4240,2844,0.000141163
thorn,0,4240,2844,0.000141163
workstation,0,4240,2844,0.000141163
di,0,4240,2844,0.000141163
month,1,4240,2844,0.000282326
long,0,4240,2844,0.000141163
hello,0,4240,2844,0.000141163
really,14,4240,2844,0.002117448
throw,1,4240,2844,0.000282326
trash,1,4240,2844,0.000282326
upload,0,4240,2844,0.000141163
issue,0,4240,2844,0.000141163
submit,0,4240,2844,0.000141163
idea,1,4240,2844,0.000282326
beta,0,4240,2844,0.000141163
crazy,0,4240,2844,0.000141163
crop,0,4240,2844,0.000141163
prop,0,4240,2844,0.000141163
employee,0,4240,2844,0.000141163
charge,0,4240,2844,0.000141163
back,2,4240,2844,0.00042349
plate,0,4240,2844,0.000141163
mouse,0,4240,2844,0.000141163
voice,2,4240,2844,0.00042349
recognition,9,4240,2844,0.001411632
step,3,4240,2844,0.000564653
previou,0,4240,2844,0.000141163
attempt,0,4240,2844,0.000141163
bravo,0,4240,2844,0.000141163
sprint,2,4240,2844,0.00042349
expect,4,4240,2844,0.000705816
touch,1,4240,2844,0.000282326
coolness,0,4240,2844,0.000141163
apparently,1,4240,2844,0.000282326
storage,1,4240,2844,0.000282326
tell,2,4240,2844,0.00042349
full,2,4240,2844,0.00042349
expensive,0,4240,2844,0.000141163
went,1,4240,2844,0.000282326
loyalty,0,4240,2844,0.000141163
kill,0,4240,2844,0.000141163
tune,0,4240,2844,0.000141163
lonely,0,4240,2844,0.000141163
silly,0,4240,2844,0.000141163
hurry,0,4240,2844,0.000141163
release,16,4240,2844,0.002399774
exchange,0,4240,2844,0.000141163
cord,0,4240,2844,0.000141163
airdrop,0,4240,2844,0.000141163
fail,7,4240,2844,0.001129305
immediate,0,4240,2844,0.000141163
declin,1,4240,2844,0.000282326
request,0,4240,2844,0.000141163
every,2,4240,2844,0.00042349
article,3,4240,2844,0.000564653
fuck,3,4240,2844,0.000564653
lion,0,4240,2844,0.000141163
future,2,4240,2844,0.00042349
complain,0,4240,2844,0.000141163
Yellow,1,4240,2844,0.000282326
tint,0,4240,2844,0.000141163
contact,9,4240,2844,0.001411632
picture,12,4240,2844,0.001835121
list,1,4240,2844,0.000282326
simple,2,4240,2844,0.00042349
major,2,4240,2844,0.00042349
ask,0,4240,2844,0.000141163
dream,0,4240,2844,0.000141163
electric,0,4240,2844,0.000141163
sleep,0,4240,2844,0.000141163
answer,1,4240,2844,0.000282326
opportunity,0,4240,2844,0.000141163
surprise,0,4240,2844,0.000141163
error,0,4240,2844,0.000141163
alert,1,4240,2844,0.000282326
authorize,0,4240,2844,0.000141163
button,2,4240,2844,0.00042349
evil,0,4240,2844,0.000141163
lord,0,4240,2844,0.000141163
blaze,0,4240,2844,0.000141163
inferno,0,4240,2844,0.000141163
obviously,1,4240,2844,0.000282326
noth,1,4240,2844,0.000282326
perfect,1,4240,2844,0.000282326
opposite,0,4240,2844,0.000141163
please,6,4240,2844,0.000988142
delete,0,4240,2844,0.000141163
dick,0,4240,2844,0.000141163
sign,4,4240,2844,0.000705816
seriously,2,4240,2844,0.00042349
of,0,4240,2844,0.000141163
clue,0,4240,2844,0.000141163
mean,0,4240,2844,0.000141163
authorization,0,4240,2844,0.000141163
harder,0,4240,2844,0.000141163
purchas,0,4240,2844,0.000141163
shit,1,4240,2844,0.000282326
data,9,4240,2844,0.001411632
media,3,4240,2844,0.000564653
take,9,4240,2844,0.001411632
rebuild,0,4240,2844,0.000141163
vega,1,4240,2844,0.000282326
give,3,4240,2844,0.000564653
hour,1,4240,2844,0.000282326
wonky,0,4240,2844,0.000141163
dear,3,4240,2844,0.000564653
destroy,0,4240,2844,0.000141163
productivity,0,4240,2844,0.000141163
lack,1,4240,2844,0.000282326
frustrate,0,4240,2844,0.000141163
ruin,0,4240,2844,0.000141163
turn,1,4240,2844,0.000282326
utterly,0,4240,2844,0.000141163
pile,0,4240,2844,0.000141163
sure,4,4240,2844,0.000705816
duff,0,4240,2844,0.000141163
almost,2,4240,2844,0.00042349
week,1,4240,2844,0.000282326
paid,0,4240,2844,0.000141163
match,0,4240,2844,0.000141163
remov,0,4240,2844,0.000141163
hard,1,4240,2844,0.000282326
suck,0,4240,2844,0.000141163
interest,2,4240,2844,0.00042349
note,4,4240,2844,0.000705816
removable,0,4240,2844,0.000141163
launch,6,4240,2844,0.000988142
can,0,4240,2844,0.000141163
jackass,0,4240,2844,0.000141163
shoot,0,4240,2844,0.000141163
shuffle,0,4240,2844,0.000141163
sound,1,4240,2844,0.000282326
quality,0,4240,2844,0.000141163
painfully,0,4240,2844,0.000141163
crap,0,4240,2844,0.000141163
downgrade,0,4240,2844,0.000141163
wise,0,4240,2844,0.000141163
slow,0,4240,2844,0.000141163
stuck,0,4240,2844,0.000141163
half,1,4240,2844,0.000282326
thankfully,0,4240,2844,0.000141163
damage,0,4240,2844,0.000141163
thorough,0,4240,2844,0.000141163
cost,1,4240,2844,0.000282326
mightily,0,4240,2844,0.000141163
include,1,4240,2844,0.000282326
song,0,4240,2844,0.000141163
compilation,0,4240,2844,0.000141163
artist,0,4240,2844,0.000141163
name,3,4240,2844,0.000564653
exclaim,0,4240,2844,0.000141163
whole,1,4240,2844,0.000282326
total,3,4240,2844,0.000564653
chao,0,4240,2844,0.000141163
street,0,4240,2844,0.000141163
ethiopian,0,4240,2844,0.000141163
feed,0,4240,2844,0.000141163
station,0,4240,2844,0.000141163
believe,0,4240,2844,0.000141163
cool,3,4240,2844,0.000564653
purchase,1,4240,2844,0.000282326
survey,0,4240,2844,0.000141163
correction,0,4240,2844,0.000141163
kudo,0,4240,2844,0.000141163
alamo,0,4240,2844,0.000141163
ranch,0,4240,2844,0.000141163
resolve,0,4240,2844,0.000141163
hero,0,4240,2844,0.000141163
stand,0,4240,2844,0.000141163
line,3,4240,2844,0.000564653
newest,0,4240,2844,0.000141163
sucker,0,4240,2844,0.000141163
braille,0,4240,2844,0.000141163
bump,1,4240,2844,0.000282326
crush,0,4240,2844,0.000141163
already,0,4240,2844,0.000141163
schedule,0,4240,2844,0.000141163
summer,0,4240,2844,0.000141163
thursday,0,4240,2844,0.000141163
available,16,4240,2844,0.002399774
appointment,0,4240,2844,0.000141163
allow,1,4240,2844,0.000282326
push,1,4240,2844,0.000282326
Yap,0,4240,2844,0.000141163
message,1,4240,2844,0.000282326
icon,0,4240,2844,0.000141163
includ,5,4240,2844,0.000846979
require,0,4240,2844,0.000141163
reservation,0,4240,2844,0.000141163
crappy,0,4240,2844,0.000141163
keyboard,2,4240,2844,0.00042349
around,0,4240,2844,0.000141163
progress,0,4240,2844,0.000141163
function,0,4240,2844,0.000141163
page,12,4240,2844,0.001835121
awful,0,4240,2844,0.000141163
interrupt,0,4240,2844,0.000141163
piece,1,4240,2844,0.000282326
dollar,1,4240,2844,0.000282326
charg,0,4240,2844,0.000141163
slowly,0,4240,2844,0.000141163
solve,0,4240,2844,0.000141163
pick,0,4240,2844,0.000141163
set,1,4240,2844,0.000282326
calendar,2,4240,2844,0.00042349
item,0,4240,2844,0.000141163
program,0,4240,2844,0.000141163
software,0,4240,2844,0.000141163
repair,0,4240,2844,0.000141163
proper,0,4240,2844,0.000141163
consolidation,0,4240,2844,0.000141163
stop,6,4240,2844,0.000988142
lose,0,4240,2844,0.000141163
bought,1,4240,2844,0.000282326
ship,1,4240,2844,0.000282326
enable,0,4240,2844,0.000141163
plan,4,4240,2844,0.000705816
handle,0,4240,2844,0.000141163
prevent,0,4240,2844,0.000141163
audio,0,4240,2844,0.000141163
operate,2,4240,2844,0.00042349
properly,0,4240,2844,0.000141163
hater,0,4240,2844,0.000141163
buttery,0,4240,2844,0.000141163
finish,1,4240,2844,0.000282326
fast,5,4240,2844,0.000846979
signal,0,4240,2844,0.000141163
rapidly,0,4240,2844,0.000141163
canon,0,4240,2844,0.000141163
compact,0,4240,2844,0.000141163
flash,0,4240,2844,0.000141163
goe,3,4240,2844,0.000564653
damn,0,4240,2844,0.000141163
term,0,4240,2844,0.000141163
condition,0,4240,2844,0.000141163
read,6,4240,2844,0.000988142
late,0,4240,2844,0.000141163
screw,0,4240,2844,0.000141163
alarm,0,4240,2844,0.000141163
dose,0,4240,2844,0.000141163
decide,1,4240,2844,0.000282326
freeze,0,4240,2844,0.000141163
wont,0,4240,2844,0.000141163
annoy,0,4240,2844,0.000141163
officially,3,4240,2844,0.000564653
boycot,0,4240,2844,0.000141163
curse,0,4240,2844,0.000141163
wast,0,4240,2844,0.000141163
seek,0,4240,2844,0.000141163
japan,0,4240,2844,0.000141163
australia,0,4240,2844,0.000141163
patent,1,4240,2844,0.000282326
intensifi,0,4240,2844,0.000141163
injunction,0,4240,2844,0.000141163
sought,0,4240,2844,0.000141163
dead,0,4240,2844,0.000141163
restore,0,4240,2844,0.000141163
pain,0,4240,2844,0.000141163
room,0,4240,2844,0.000141163
undo,0,4240,2844,0.000141163
garbage,0,4240,2844,0.000141163
avail,0,4240,2844,0.000141163
site,11,4240,2844,0.001693958
browser,1,4240,2844,0.000282326
trouble,0,4240,2844,0.000141163
brightness,0,4240,2844,0.000141163
remember,2,4240,2844,0.00042349
enter,0,4240,2844,0.000141163
market,11,4240,2844,0.001693958
piss,0,4240,2844,0.000141163
certain,0,4240,2844,0.000141163
worse,0,4240,2844,0.000141163
newton,0,4240,2844,0.000141163
hockey,0,4240,2844,0.000141163
puck,0,4240,2844,0.000141163
painful,0,4240,2844,0.000141163
invention,1,4240,2844,0.000282326
account,1,4240,2844,0.000282326
suddenly,0,4240,2844,0.000141163
address,1,4240,2844,0.000282326
someone,0,4240,2844,0.000141163
window,3,4240,2844,0.000564653
compatible,0,4240,2844,0.000141163
care,3,4240,2844,0.000564653
restor,0,4240,2844,0.000141163
restriction,0,4240,2844,0.000141163
none,0,4240,2844,0.000141163
seemingly,0,4240,2844,0.000141163
endless,0,4240,2844,0.000141163
loop,0,4240,2844,0.000141163
investigate,0,4240,2844,0.000141163
terrible,2,4240,2844,0.00042349
apology,0,4240,2844,0.000141163
busy,0,4240,2844,0.000141163
stylu,0,4240,2844,0.000141163
forever,0,4240,2844,0.000141163
outside,1,4240,2844,0.000282326
daughter,0,4240,2844,0.000141163
drive,1,4240,2844,0.000282326
nut,1,4240,2844,0.000282326
blame,0,4240,2844,0.000141163
honest,0,4240,2844,0.000141163
complete,1,4240,2844,0.000282326
poor,0,4240,2844,0.000141163
slip,0,4240,2844,0.000141163
except,0,4240,2844,0.000141163
cute,0,4240,2844,0.000141163
eyelash,0,4240,2844,0.000141163
bat,0,4240,2844,0.000141163
shag,0,4240,2844,0.000141163
snatch,0,4240,2844,0.000141163
dependent,0,4240,2844,0.000141163
network,2,4240,2844,0.00042349
connection,0,4240,2844,0.000141163
utter,0,4240,2844,0.000141163
frustration,0,4240,2844,0.000141163
amus,0,4240,2844,0.000141163
seem,0,4240,2844,0.000141163
render,0,4240,2844,0.000141163
machine,0,4240,2844,0.000141163
incapable,0,4240,2844,0.000141163
zero,2,4240,2844,0.00042349
useful,1,4240,2844,0.000282326
commit,0,4240,2844,0.000141163
rain,0,4240,2844,0.000141163
soon,4,4240,2844,0.000705816
share,11,4240,2844,0.001693958
reminder,0,4240,2844,0.000141163
also,4,4240,2844,0.000705816
webpage,0,4240,2844,0.000141163
modify,1,4240,2844,0.000282326
crashe,0,4240,2844,0.000141163
congratulation,1,4240,2844,0.000282326
incompatible,0,4240,2844,0.000141163
vertical,0,4240,2844,0.000141163
mission,2,4240,2844,0.00042349
control,2,4240,2844,0.00042349
horizontal,0,4240,2844,0.000141163
business,6,4240,2844,0.000988142
nauseou,0,4240,2844,0.000141163
explain,0,4240,2844,0.000141163
distribut,0,4240,2844,0.000141163
succee,0,4240,2844,0.000141163
early,0,4240,2844,0.000141163
file,2,4240,2844,0.00042349
disappear,1,4240,2844,0.000282326
hurt,0,4240,2844,0.000141163
li,1,4240,2844,0.000282326
definitely,0,4240,2844,0.000141163
check,5,4240,2844,0.000846979
usage,7,4240,2844,0.001129305
huge,1,4240,2844,0.000282326
podcast,0,4240,2844,0.000141163
drop,0,4240,2844,0.000141163
ball,0,4240,2844,0.000141163
perhap,0,4240,2844,0.000141163
star,0,4240,2844,0.000141163
war,0,4240,2844,0.000141163
brain,0,4240,2844,0.000141163
password,0,4240,2844,0.000141163
protect,0,4240,2844,0.000141163
quickly,0,4240,2844,0.000141163
see,0,4240,2844,0.000141163
bar,0,4240,2844,0.000141163
return,0,4240,2844,0.000141163
anyway,2,4240,2844,0.00042349
start,2,4240,2844,0.00042349
knew,0,4240,2844,0.000141163
pink,1,4240,2844,0.000282326
hold,0,4240,2844,0.000141163
hindi,0,4240,2844,0.000141163
cheer,0,4240,2844,0.000141163
indian,0,4240,2844,0.000141163
language,0,4240,2844,0.000141163
warn,0,4240,2844,0.000141163
spontaneously,0,4240,2844,0.000141163
loose,0,4240,2844,0.000141163
might,2,4240,2844,0.00042349
fault,0,4240,2844,0.000141163
hopefully,1,4240,2844,0.000282326
figure,0,4240,2844,0.000141163
copy,3,4240,2844,0.000564653
hell,2,4240,2844,0.00042349
unhappy,0,4240,2844,0.000141163
change,5,4240,2844,0.000846979
input,0,4240,2844,0.000141163
number,2,4240,2844,0.00042349
handl,0,4240,2844,0.000141163
blue,0,4240,2844,0.000141163
minute,0,4240,2844,0.000141163
dupe,0,4240,2844,0.000141163
disappointment,0,4240,2844,0.000141163
inventor,0,4240,2844,0.000141163
excit,5,4240,2844,0.000846979
tragic,0,4240,2844,0.000141163
impression,0,4240,2844,0.000141163
dissent,0,4240,2844,0.000141163
multiple,1,4240,2844,0.000282326
connect,0,4240,2844,0.000141163
server,0,4240,2844,0.000141163
exercise,0,4240,2844,0.000141163
rename,0,4240,2844,0.000141163
bottleneck,0,4240,2844,0.000141163
chance,0,4240,2844,0.000141163
headphone,0,4240,2844,0.000141163
blast,0,4240,2844,0.000141163
ear,0,4240,2844,0.000141163
quite,1,4240,2844,0.000282326
obnoxiou,0,4240,2844,0.000141163
cloudy,0,4240,2844,0.000141163
techy,0,4240,2844,0.000141163
process,1,4240,2844,0.000282326
command,0,4240,2844,0.000141163
design,4,4240,2844,0.000705816
appropriately,0,4240,2844,0.000141163
project,3,4240,2844,0.000564653
resource,0,4240,2844,0.000141163
reliable,0,4240,2844,0.000141163
spoke,0,4240,2844,0.000141163
blare,0,4240,2844,0.000141163
direct,1,4240,2844,0.000282326
wrong,4,4240,2844,0.000705816
suspect,0,4240,2844,0.000141163
perfectly,0,4240,2844,0.000141163
ail,0,4240,2844,0.000141163
stink,0,4240,2844,0.000141163
inform,0,4240,2844,0.000141163
migrate,0,4240,2844,0.000141163
many,1,4240,2844,0.000282326
complaint,0,4240,2844,0.000141163
image,1,4240,2844,0.000282326
rape,0,4240,2844,0.000141163
small,1,4240,2844,0.000282326
realise,0,4240,2844,0.000141163
base,1,4240,2844,0.000282326
petty,0,4240,2844,0.000141163
original,0,4240,2844,0.000141163
location,3,4240,2844,0.000564653
domain,0,4240,2844,0.000141163
empty,0,4240,2844,0.000141163
skin,0,4240,2844,0.000141163
represent,0,4240,2844,0.000141163
tear,0,4240,2844,0.000141163
thunderbolt,0,4240,2844,0.000141163
try,0,4240,2844,0.000141163
throat,0,4240,2844,0.000141163
slower,0,4240,2844,0.000141163
nexu,166,4240,2844,0.023574252
force,0,4240,2844,0.000141163
stuff,1,4240,2844,0.000282326
upset,0,4240,2844,0.000141163
inconvenienc,0,4240,2844,0.000141163
finance,0,4240,2844,0.000141163
greedy,0,4240,2844,0.000141163
bastard,1,4240,2844,0.000282326
santa,0,4240,2844,0.000141163
jolly,0,4240,2844,0.000141163
white,1,4240,2844,0.000282326
spend,0,4240,2844,0.000141163
recover,0,4240,2844,0.000141163
immobile,0,4240,2844,0.000141163
ponder,0,4240,2844,0.000141163
difficulti,0,4240,2844,0.000141163
serv,0,4240,2844,0.000141163
sydney,0,4240,2844,0.000141163
train,1,4240,2844,0.000282326
extend,0,4240,2844,0.000141163
clock,0,4240,2844,0.000141163
tire,0,4240,2844,0.000141163
figur,0,4240,2844,0.000141163
test,1,4240,2844,0.000282326
frozen,0,4240,2844,0.000141163
perpetual,0,4240,2844,0.000141163
run,1,4240,2844,0.000282326
dodgy,0,4240,2844,0.000141163
hire,1,4240,2844,0.000282326
staff,0,4240,2844,0.000141163
took,1,4240,2844,0.000282326
told,1,4240,2844,0.000282326
needless,0,4240,2844,0.000141163
hotel,0,4240,2844,0.000141163
relax,0,4240,2844,0.000141163
overall,0,4240,2844,0.000141163
however,2,4240,2844,0.00042349
home,1,4240,2844,0.000282326
online,5,4240,2844,0.000846979
surely,0,4240,2844,0.000141163
cause,1,4240,2844,0.000282326
dilation,0,4240,2844,0.000141163
suburb,0,4240,2844,0.000141163
pin,0,4240,2844,0.000141163
state,0,4240,2844,0.000141163
clarence,0,4240,2844,0.000141163
thoma,0,4240,2844,0.000141163
toss,0,4240,2844,0.000141163
decade,0,4240,2844,0.000141163
workflow,0,4240,2844,0.000141163
standard,1,4240,2844,0.000282326
receipt,0,4240,2844,0.000141163
print,0,4240,2844,0.000141163
playlist,0,4240,2844,0.000141163
bummer,0,4240,2844,0.000141163
Yahoo,4,4240,2844,0.000705816
fantasy,0,4240,2844,0.000141163
football,0,4240,2844,0.000141163
crash,2,4240,2844,0.00042349
nansen,0,4240,2844,0.000141163
clean,1,4240,2844,0.000282326
duplicate,0,4240,2844,0.000141163
magically,0,4240,2844,0.000141163
reappear,0,4240,2844,0.000141163
key,0,4240,2844,0.000141163
often,1,4240,2844,0.000282326
mine,0,4240,2844,0.000141163
gone,2,4240,2844,0.00042349
sister,0,4240,2844,0.000141163
family,0,4240,2844,0.000141163
sloppy,0,4240,2844,0.000141163
known,0,4240,2844,0.000141163
protection,0,4240,2844,0.000141163
laptop,0,4240,2844,0.000141163
cancer,0,4240,2844,0.000141163
maybe,4,4240,2844,0.000705816
wireless,1,4240,2844,0.000282326
worri,0,4240,2844,0.000141163
say,1,4240,2844,0.000282326
toledo,0,4240,2844,0.000141163
equipment,0,4240,2844,0.000141163
broke,0,4240,2844,0.000141163
guess,1,4240,2844,0.000282326
tri,1,4240,2844,0.000282326
anymore,0,4240,2844,0.000141163
durable,0,4240,2844,0.000141163
able,0,4240,2844,0.000141163
newsstand,0,4240,2844,0.000141163
serve,0,4240,2844,0.000141163
purpose,0,4240,2844,0.000141163
easier,0,4240,2844,0.000141163
fruit,0,4240,2844,0.000141163
compar,0,4240,2844,0.000141163
google,655,4240,2844,0.092603049
crowd,0,4240,2844,0.000141163
agree,2,4240,2844,0.00042349
meant,0,4240,2844,0.000141163
buy,1,4240,2844,0.000282326
internet,2,4240,2844,0.00042349
confus,1,4240,2844,0.000282326
consider,3,4240,2844,0.000564653
plu,1,4240,2844,0.000282326
stable,0,4240,2844,0.000141163
reach,0,4240,2844,0.000141163
use,0,4240,2844,0.000141163
completely,1,4240,2844,0.000282326
warm,0,4240,2844,0.000141163
sometime,0,4240,2844,0.000141163
wall,0,4240,2844,0.000141163
remind,0,4240,2844,0.000141163
rest,0,4240,2844,0.000141163
brick,0,4240,2844,0.000141163
install,0,4240,2844,0.000141163
former,0,4240,2844,0.000141163
owner,0,4240,2844,0.000141163
baby,1,4240,2844,0.000282326
delet,0,4240,2844,0.000141163
tiger,0,4240,2844,0.000141163
wood,0,4240,2844,0.000141163
impossible,0,4240,2844,0.000141163
retrieve,0,4240,2844,0.000141163
overbear,0,4240,2844,0.000141163
polici,0,4240,2844,0.000141163
disaster,0,4240,2844,0.000141163
su,0,4240,2844,0.000141163
insurance,0,4240,2844,0.000141163
manag,0,4240,2844,0.000141163
beautiful,3,4240,2844,0.000564653
one,0,4240,2844,0.000141163
arrogant,0,4240,2844,0.000141163
inept,0,4240,2844,0.000141163
combo,0,4240,2844,0.000141163
fade,0,4240,2844,0.000141163
black,0,4240,2844,0.000141163
begin,5,4240,2844,0.000846979
vibrate,0,4240,2844,0.000141163
continuously,0,4240,2844,0.000141163
reboot,0,4240,2844,0.000141163
lame,0,4240,2844,0.000141163
roll,2,4240,2844,0.00042349
equal,0,4240,2844,0.000141163
credit,0,4240,2844,0.000141163
redeem,0,4240,2844,0.000141163
fair,0,4240,2844,0.000141163
less,1,4240,2844,0.000282326
improve,0,4240,2844,0.000141163
monday,0,4240,2844,0.000141163
access,0,4240,2844,0.000141163
premise,0,4240,2844,0.000141163
outlook,0,4240,2844,0.000141163
thunderbird,0,4240,2844,0.000141163
chrome,5,4240,2844,0.000846979
visual,0,4240,2844,0.000141163
merchandis,0,4240,2844,0.000141163
elegance,0,4240,2844,0.000141163
sequence,0,4240,2844,0.000141163
terminal,0,4240,2844,0.000141163
person,2,4240,2844,0.00042349
nonstop,0,4240,2844,0.000141163
mute,0,4240,2844,0.000141163
randomly,0,4240,2844,0.000141163
activate,0,4240,2844,0.000141163
cant,1,4240,2844,0.000282326
occur,0,4240,2844,0.000141163
folk,1,4240,2844,0.000282326
cut,0,4240,2844,0.000141163
manage,3,4240,2844,0.000564653
subscription,0,4240,2844,0.000141163
solution,0,4240,2844,0.000141163
promis,2,4240,2844,0.00042349
similar,0,4240,2844,0.000141163
bell,0,4240,2844,0.000141163
monopolistic,0,4240,2844,0.000141163
forget,1,4240,2844,0.000282326
bloody,0,4240,2844,0.000141163
stump,0,4240,2844,0.000141163
catastrophically,0,4240,2844,0.000141163
canada,0,4240,2844,0.000141163
direction,0,4240,2844,0.000141163
exclusive,0,4240,2844,0.000141163
john,0,4240,2844,0.000141163
jean,0,4240,2844,0.000141163
french,0,4240,2844,0.000141163
report,4,4240,2844,0.000705816
theft,0,4240,2844,0.000141163
bode,0,4240,2844,0.000141163
night,0,4240,2844,0.000141163
charger,0,4240,2844,0.000141163
houston,1,4240,2844,0.000282326
together,2,4240,2844,0.00042349
ford,0,4240,2844,0.000141163
focu,1,4240,2844,0.000282326
movi,0,4240,2844,0.000141163
jihad,0,4240,2844,0.000141163
adobe,1,4240,2844,0.000282326
record,1,4240,2844,0.000282326
quarter,0,4240,2844,0.000141163
bunch,0,4240,2844,0.000141163
professional,0,4240,2844,0.000141163
guesser,0,4240,2844,0.000141163
analyst,0,4240,2844,0.000141163
releas,7,4240,2844,0.001129305
possible,0,4240,2844,0.000141163
latter,0,4240,2844,0.000141163
spec,3,4240,2844,0.000564653
price,2,4240,2844,0.00042349
takeaway,0,4240,2844,0.000141163
earn,0,4240,2844,0.000141163
stay,0,4240,2844,0.000141163
competitive,0,4240,2844,0.000141163
headline,0,4240,2844,0.000141163
lower,0,4240,2844,0.000141163
pamper,0,4240,2844,0.000141163
memori,0,4240,2844,0.000141163
expand,1,4240,2844,0.000282326
countri,1,4240,2844,0.000282326
december,0,4240,2844,0.000141163
coincidence,0,4240,2844,0.000141163
virtual,3,4240,2844,0.000564653
assistant,0,4240,2844,0.000141163
robot,0,4240,2844,0.000141163
result,2,4240,2844,0.00042349
depend,0,4240,2844,0.000141163
increas,0,4240,2844,0.000141163
revenue,4,4240,2844,0.000705816
recession,0,4240,2844,0.000141163
rather,0,4240,2844,0.000141163
friend,2,4240,2844,0.00042349
choose,2,4240,2844,0.00042349
profile,3,4240,2844,0.000564653
amazon,3,4240,2844,0.000564653
log,4,4240,2844,0.000705816
troublemaker,0,4240,2844,0.000141163
struggl,0,4240,2844,0.000141163
blow,1,4240,2844,0.000282326
mind,2,4240,2844,0.00042349
gizmo,0,4240,2844,0.000141163
shut,0,4240,2844,0.000141163
wednesday,0,4240,2844,0.000141163
memorial,0,4240,2844,0.000141163
cranial,0,4240,2844,0.000141163
insertion,0,4240,2844,0.000141163
implant,0,4240,2844,0.000141163
official,13,4240,2844,0.001976285
seven,1,4240,2844,0.000282326
rule,0,4240,2844,0.000141163
weekly,0,4240,2844,0.000141163
twit,1,4240,2844,0.000282326
Young,0,4240,2844,0.000141163
foolish,0,4240,2844,0.000141163
ownership,0,4240,2844,0.000141163
resilience,0,4240,2844,0.000141163
smell,1,4240,2844,0.000282326
lawsuit,0,4240,2844,0.000141163
morn,2,4240,2844,0.00042349
remote,0,4240,2844,0.000141163
keynote,1,4240,2844,0.000282326
presentation,13,4240,2844,0.001976285
nobody,0,4240,2844,0.000141163
pith,0,4240,2844,0.000141163
navigate,0,4240,2844,0.000141163
voicemail,0,4240,2844,0.000141163
sincerely,0,4240,2844,0.000141163
household,0,4240,2844,0.000141163
mini,0,4240,2844,0.000141163
airport,0,4240,2844,0.000141163
usable,0,4240,2844,0.000141163
shari,0,4240,2844,0.000141163
explor,0,4240,2844,0.000141163
speak,0,4240,2844,0.000141163
symbol,0,4240,2844,0.000141163
relate,1,4240,2844,0.000282326
nostalgia,0,4240,2844,0.000141163
contract,0,4240,2844,0.000141163
factory,0,4240,2844,0.000141163
holder,0,4240,2844,0.000141163
spot,2,4240,2844,0.00042349
setup,0,4240,2844,0.000141163
nike,0,4240,2844,0.000141163
dedicate,0,4240,2844,0.000141163
memory,0,4240,2844,0.000141163
brilliant,2,4240,2844,0.00042349
evolution,0,4240,2844,0.000141163
inanimate,0,4240,2844,0.000141163
object,0,4240,2844,0.000141163
notic,1,4240,2844,0.000282326
tweet,2,4240,2844,0.00042349
closet,0,4240,2844,0.000141163
generation,0,4240,2844,0.000141163
contend,0,4240,2844,0.000141163
utility,0,4240,2844,0.000141163
balk,0,4240,2844,0.000141163
acquisition,0,4240,2844,0.000141163
billion,1,4240,2844,0.000282326
battl,0,4240,2844,0.000141163
consumer,0,4240,2844,0.000141163
thought,6,4240,2844,0.000988142
unique,0,4240,2844,0.000141163
wonder,3,4240,2844,0.000564653
tablet,4,4240,2844,0.000705816
battle,1,4240,2844,0.000282326
community,0,4240,2844,0.000141163
unconventional,0,4240,2844,0.000141163
leadership,0,4240,2844,0.000141163
secret,0,4240,2844,0.000141163
entire,0,4240,2844,0.000141163
giant,0,4240,2844,0.000141163
attend,0,4240,2844,0.000141163
donate,0,4240,2844,0.000141163
pancreatic,0,4240,2844,0.000141163
research,0,4240,2844,0.000141163
plank,0,4240,2844,0.000141163
daily,0,4240,2844,0.000141163
tripl,0,4240,2844,0.000141163
came,1,4240,2844,0.000282326
duplication,0,4240,2844,0.000141163
import,0,4240,2844,0.000141163
categorize,0,4240,2844,0.000141163
broken,0,4240,2844,0.000141163
place,1,4240,2844,0.000282326
section,0,4240,2844,0.000141163
let,0,4240,2844,0.000141163
fine,0,4240,2844,0.000141163
straight,1,4240,2844,0.000282326
poop,0,4240,2844,0.000141163
sarcasm,0,4240,2844,0.000141163
built-in,0,4240,2844,0.000141163
helpful,0,4240,2844,0.000141163
spell,2,4240,2844,0.00042349
document,0,4240,2844,0.000141163
finger,0,4240,2844,0.000141163
cross,0,4240,2844,0.000141163
left,0,4240,2844,0.000141163
nugget,0,4240,2844,0.000141163
behind,1,4240,2844,0.000282326
october,0,4240,2844,0.000141163
weird,0,4240,2844,0.000141163
verge,0,4240,2844,0.000141163
karaoke,0,4240,2844,0.000141163
american,1,4240,2844,0.000282326
define,0,4240,2844,0.000141163
disagree,0,4240,2844,0.000141163
hungry,2,4240,2844,0.00042349
founder,0,4240,2844,0.000141163
found,3,4240,2844,0.000564653
sink,0,4240,2844,0.000141163
alto,0,4240,2844,0.000141163
downtown,0,4240,2844,0.000141163
dude,0,4240,2844,0.000141163
fattest,0,4240,2844,0.000141163
hook,0,4240,2844,0.000141163
memo,0,4240,2844,0.000141163
scrub,0,4240,2844,0.000141163
journalist,0,4240,2844,0.000141163
babi,0,4240,2844,0.000141163
poll,0,4240,2844,0.000141163
ban,0,4240,2844,0.000141163
buzz,3,4240,2844,0.000564653
trip,0,4240,2844,0.000141163
colleague,0,4240,2844,0.000141163
overboard,0,4240,2844,0.000141163
misread,0,4240,2844,0.000141163
Yelp,0,4240,2844,0.000141163
review,1,4240,2844,0.000282326
thai,0,4240,2844,0.000141163
financial,1,4240,2844,0.000282326
purely,0,4240,2844,0.000141163
shift,2,4240,2844,0.00042349
sling,0,4240,2844,0.000141163
spontaneou,0,4240,2844,0.000141163
danc,0,4240,2844,0.000141163
outfit,0,4240,2844,0.000141163
girl,0,4240,2844,0.000141163
part,2,4240,2844,0.00042349
imagine,0,4240,2844,0.000141163
map,2,4240,2844,0.00042349
graphic,2,4240,2844,0.00042349
website,4,4240,2844,0.000705816
court,0,4240,2844,0.000141163
style,2,4240,2844,0.00042349
dumb,0,4240,2844,0.000141163
mortar,0,4240,2844,0.000141163
london,0,4240,2844,0.000141163
fit,0,4240,2844,0.000141163
mirror,0,4240,2844,0.000141163
school,1,4240,2844,0.000282326
couple,1,4240,2844,0.000282326
kid,0,4240,2844,0.000141163
hardware,1,4240,2844,0.000282326
promise,1,4240,2844,0.000282326
freak,0,4240,2844,0.000141163
past,0,4240,2844,0.000141163
away,4,4240,2844,0.000705816
follow,1,4240,2844,0.000282326
growth,0,4240,2844,0.000141163
area,0,4240,2844,0.000141163
msg,0,4240,2844,0.000141163
tomorrow,1,4240,2844,0.000282326
reserve,0,4240,2844,0.000141163
imminent,0,4240,2844,0.000141163
sold,2,4240,2844,0.00042349
overwhelm,0,4240,2844,0.000141163
reaction,0,4240,2844,0.000141163
death,0,4240,2844,0.000141163
telegraph,2,4240,2844,0.00042349
insert,0,4240,2844,0.000141163
all-time,0,4240,2844,0.000141163
high,2,4240,2844,0.00042349
hang,0,4240,2844,0.000141163
tacoma,0,4240,2844,0.000141163
beatle,0,4240,2844,0.000141163
front,0,4240,2844,0.000141163
shirt,0,4240,2844,0.000141163
reunion,0,4240,2844,0.000141163
tighten,0,4240,2844,0.000141163
pro,0,4240,2844,0.000141163
jacob,0,4240,2844,0.000141163
notify,0,4240,2844,0.000141163
clown,0,4240,2844,0.000141163
spin,1,4240,2844,0.000282326
wheel,0,4240,2844,0.000141163
reinvent,0,4240,2844,0.000141163
lookup,0,4240,2844,0.000141163
easiest,0,4240,2844,0.000141163
brady,0,4240,2844,0.000141163
surpris,1,4240,2844,0.000282326
mark,1,4240,2844,0.000282326
comparison,0,4240,2844,0.000141163
segregate,0,4240,2844,0.000141163
internode,0,4240,2844,0.000141163
piracy,0,4240,2844,0.000141163
mainly,0,4240,2844,0.000141163
platform,5,4240,2844,0.000846979
obscure,0,4240,2844,0.000141163
infamou,0,4240,2844,0.000141163
hall,0,4240,2844,0.000141163
pass,2,4240,2844,0.00042349
nookie,0,4240,2844,0.000141163
joel,0,4240,2844,0.000141163
circumstance,0,4240,2844,0.000141163
suffer,0,4240,2844,0.000141163
period,1,4240,2844,0.000282326
goodwill,0,4240,2844,0.000141163
paul,0,4240,2844,0.000141163
chat,0,4240,2844,0.000141163
advisor,0,4240,2844,0.000141163
tribute,2,4240,2844,0.00042349
faulty,0,4240,2844,0.000141163
gain,0,4240,2844,0.000141163
advertis,1,4240,2844,0.000282326
balloon,0,4240,2844,0.000141163
respect,0,4240,2844,0.000141163
alternative,0,4240,2844,0.000141163
india,2,4240,2844,0.00042349
squad,0,4240,2844,0.000141163
peep,0,4240,2844,0.000141163
algorithm,0,4240,2844,0.000141163
shrewd,0,4240,2844,0.000141163
root,1,4240,2844,0.000282326
horse,0,4240,2844,0.000141163
flower,0,4240,2844,0.000141163
shower,0,4240,2844,0.000141163
beg,0,4240,2844,0.000141163
valuable,0,4240,2844,0.000141163
analysi,0,4240,2844,0.000141163
trend,0,4240,2844,0.000141163
profit,0,4240,2844,0.000141163
proud,0,4240,2844,0.000141163
predict,0,4240,2844,0.000141163
stage,1,4240,2844,0.000282326
september,1,4240,2844,0.000282326
head,2,4240,2844,0.00042349
detail,8,4240,2844,0.001270469
auto,0,4240,2844,0.000141163
renewal,0,4240,2844,0.000141163
settle,0,4240,2844,0.000141163
content,3,4240,2844,0.000564653
coffer,0,4240,2844,0.000141163
hit,1,4240,2844,0.000282326
smart,4,4240,2844,0.000705816
engage,0,4240,2844,0.000141163
partner,1,4240,2844,0.000282326
social,7,4240,2844,0.001129305
activity,1,4240,2844,0.000282326
messag,0,4240,2844,0.000141163
kinda,0,4240,2844,0.000141163
relevant,0,4240,2844,0.000141163
junkie,0,4240,2844,0.000141163
buri,0,4240,2844,0.000141163
ability,0,4240,2844,0.000141163
inconvenient,0,4240,2844,0.000141163
cofounder,0,4240,2844,0.000141163
stood,0,4240,2844,0.000141163
provide,0,4240,2844,0.000141163
chase,0,4240,2844,0.000141163
cream,152,4240,2844,0.021597967
sandwich,155,4240,2844,0.022021457
Yesss,0,4240,2844,0.000141163
situation,0,4240,2844,0.000141163
gulp,0,4240,2844,0.000141163
pack,0,4240,2844,0.000141163
session,0,4240,2844,0.000141163
indicator,0,4240,2844,0.000141163
management,2,4240,2844,0.00042349
entrepreneur,0,4240,2844,0.000141163
startup,3,4240,2844,0.000564653
bangla,0,4240,2844,0.000141163
bengali,0,4240,2844,0.000141163
galaxy,117,4240,2844,0.016657256
globally,0,4240,2844,0.000141163
traffic,5,4240,2844,0.000846979
gift,0,4240,2844,0.000141163
opinion,0,4240,2844,0.000141163
careful,0,4240,2844,0.000141163
chip,0,4240,2844,0.000141163
guarantee,0,4240,2844,0.000141163
failure,0,4240,2844,0.000141163
principal,0,4240,2844,0.000141163
global,1,4240,2844,0.000282326
player,0,4240,2844,0.000141163
active,0,4240,2844,0.000141163
kobo,0,4240,2844,0.000141163
underplay,0,4240,2844,0.000141163
invisible,0,4240,2844,0.000141163
hospital,0,4240,2844,0.000141163
single,0,4240,2844,0.000141163
mourn,0,4240,2844,0.000141163
dock,0,4240,2844,0.000141163
scroll,2,4240,2844,0.00042349
title,0,4240,2844,0.000141163
font,3,4240,2844,0.000564653
across,1,4240,2844,0.000282326
main,0,4240,2844,0.000141163
wayne,0,4240,2844,0.000141163
leav,0,4240,2844,0.000141163
correct,2,4240,2844,0.00042349
child,0,4240,2844,0.000141163
poorly,0,4240,2844,0.000141163
painless,0,4240,2844,0.000141163
choice,0,4240,2844,0.000141163
form,1,4240,2844,0.000282326
component,0,4240,2844,0.000141163
continue,1,4240,2844,0.000282326
bite,0,4240,2844,0.000141163
upcom,0,4240,2844,0.000141163
afro-american,0,4240,2844,0.000141163
emoticon,0,4240,2844,0.000141163
angry,0,4240,2844,0.000141163
omission,0,4240,2844,0.000141163
advanc,1,4240,2844,0.000282326
printer,1,4240,2844,0.000282326
mighty,0,4240,2844,0.000141163
alcohol,0,4240,2844,0.000141163
act,1,4240,2844,0.000282326
timeline,0,4240,2844,0.000141163
history,0,4240,2844,0.000141163
challeng,0,4240,2844,0.000141163
possibly,0,4240,2844,0.000141163
accessori,0,4240,2844,0.000141163
policy,1,4240,2844,0.000282326
intellectual,0,4240,2844,0.000141163
property,0,4240,2844,0.000141163
infringement,0,4240,2844,0.000141163
claim,0,4240,2844,0.000141163
unauthorize,0,4240,2844,0.000141163
likely,0,4240,2844,0.000141163
suit,1,4240,2844,0.000282326
accus,0,4240,2844,0.000141163
roar,0,4240,2844,0.000141163
unveil,18,4240,2844,0.002682101
placement,0,4240,2844,0.000141163
effort,0,4240,2844,0.000141163
Yield,0,4240,2844,0.000141163
stock,2,4240,2844,0.00042349
promot,0,4240,2844,0.000141163
magazine,1,4240,2844,0.000282326
add,2,4240,2844,0.00042349
escort,0,4240,2844,0.000141163
legal,0,4240,2844,0.000141163
discovery,0,4240,2844,0.000141163
public,0,4240,2844,0.000141163
leopard,0,4240,2844,0.000141163
functionality,2,4240,2844,0.00042349
identity,0,4240,2844,0.000141163
logo,0,4240,2844,0.000141163
revis,0,4240,2844,0.000141163
doubt,2,4240,2844,0.00042349
enough,2,4240,2844,0.00042349
cope,0,4240,2844,0.000141163
defraud,0,4240,2844,0.000141163
win,3,4240,2844,0.000564653
salute,0,4240,2844,0.000141163
dog,0,4240,2844,0.000141163
earlier,1,4240,2844,0.000282326
upstair,0,4240,2844,0.000141163
soho,0,4240,2844,0.000141163
sudden,0,4240,2844,0.000141163
sprung,0,4240,2844,0.000141163
attention,0,4240,2844,0.000141163
digital,10,4240,2844,0.001552795
california,0,4240,2844,0.000141163
joseph,0,4240,2844,0.000141163
patiently,1,4240,2844,0.000282326
end,0,4240,2844,0.000141163
reply,0,4240,2844,0.000141163
insist,0,4240,2844,0.000141163
favorite,2,4240,2844,0.00042349
color,0,4240,2844,0.000141163
average,0,4240,2844,0.000141163
speed,3,4240,2844,0.000564653
swallow,0,4240,2844,0.000141163
python,0,4240,2844,0.000141163
denounce,0,4240,2844,0.000141163
nuance,0,4240,2844,0.000141163
cheap,1,4240,2844,0.000282326
improvement,6,4240,2844,0.000988142
implementation,0,4240,2844,0.000141163
monitor,0,4240,2844,0.000141163
either,1,4240,2844,0.000282326
heard,0,4240,2844,0.000141163
partnership,0,4240,2844,0.000141163
governor,0,4240,2844,0.000141163
declare,0,4240,2844,0.000141163
hoe,0,4240,2844,0.000141163
nearest,1,4240,2844,0.000282326
beef,0,4240,2844,0.000141163
subscribe,0,4240,2844,0.000141163
default,9,4240,2844,0.001411632
limit,0,4240,2844,0.000141163
older,0,4240,2844,0.000141163
ethernet,0,4240,2844,0.000141163
drew,0,4240,2844,0.000141163
respond,1,4240,2844,0.000282326
everywhere,0,4240,2844,0.000141163
factori,0,4240,2844,0.000141163
concrete,0,4240,2844,0.000141163
evidence,0,4240,2844,0.000141163
blogger,0,4240,2844,0.000141163
differ,0,4240,2844,0.000141163
reli,0,4240,2844,0.000141163
wank,0,4240,2844,0.000141163
student,0,4240,2844,0.000141163
discount,0,4240,2844,0.000141163
rep,0,4240,2844,0.000141163
accent,0,4240,2844,0.000141163
speech,0,4240,2844,0.000141163
translator,0,4240,2844,0.000141163
overhaul,0,4240,2844,0.000141163
response,2,4240,2844,0.00042349
bake,0,4240,2844,0.000141163
documentary,0,4240,2844,0.000141163
brought,0,4240,2844,0.000141163
constrain,0,4240,2844,0.000141163
appear,0,4240,2844,0.000141163
inventory,0,4240,2844,0.000141163
center,0,4240,2844,0.000141163
trick,0,4240,2844,0.000141163
fully,0,4240,2844,0.000141163
controll,0,4240,2844,0.000141163
antitrust,0,4240,2844,0.000141163
homepage,0,4240,2844,0.000141163
renam,0,4240,2844,0.000141163
legacy,0,4240,2844,0.000141163
strange,3,4240,2844,0.000564653
group,1,4240,2844,0.000282326
paperboy,0,4240,2844,0.000141163
fixe,0,4240,2844,0.000141163
client,0,4240,2844,0.000141163
throne,0,4240,2844,0.000141163
silicon,0,4240,2844,0.000141163
valley,0,4240,2844,0.000141163
visit,0,4240,2844,0.000141163
final,0,4240,2844,0.000141163
portion,0,4240,2844,0.000141163
procee,0,4240,2844,0.000141163
native,1,4240,2844,0.000282326
editor,0,4240,2844,0.000141163
volume,1,4240,2844,0.000282326
switcher,0,4240,2844,0.000141163
slider,0,4240,2844,0.000141163
proof,1,4240,2844,0.000282326
woke,0,4240,2844,0.000141163
door,0,4240,2844,0.000141163
arrival,0,4240,2844,0.000141163
tuesday,0,4240,2844,0.000141163
option,0,4240,2844,0.000141163
stronger,0,4240,2844,0.000141163
deaf,0,4240,2844,0.000141163
ally,0,4240,2844,0.000141163
silver,0,4240,2844,0.000141163
importantly,0,4240,2844,0.000141163
handy,0,4240,2844,0.000141163
funny,0,4240,2844,0.000141163
configure,0,4240,2844,0.000141163
racism,0,4240,2844,0.000141163
christma,1,4240,2844,0.000282326
self,0,4240,2844,0.000141163
landscape,0,4240,2844,0.000141163
mode,2,4240,2844,0.00042349
dalla,0,4240,2844,0.000141163
strategy,1,4240,2844,0.000282326
beware,0,4240,2844,0.000141163
west,1,4240,2844,0.000282326
14th,0,4240,2844,0.000141163
fact,1,4240,2844,0.000282326
roger,0,4240,2844,0.000141163
spray,0,4240,2844,0.000141163
paint,0,4240,2844,0.000141163
macintosh,0,4240,2844,0.000141163
discontinu,0,4240,2844,0.000141163
bid,0,4240,2844,0.000141163
designer,0,4240,2844,0.000141163
buddy,0,4240,2844,0.000141163
pic,0,4240,2844,0.000141163
toggle,0,4240,2844,0.000141163
earth,1,4240,2844,0.000282326
security,3,4240,2844,0.000564653
salesperson,0,4240,2844,0.000141163
matter,0,4240,2844,0.000141163
sticky,1,4240,2844,0.000282326
pill,0,4240,2844,0.000141163
advance,0,4240,2844,0.000141163
weather,0,4240,2844,0.000141163
hopeful,1,4240,2844,0.000282326
interconnect,0,4240,2844,0.000141163
austin,0,4240,2844,0.000141163
umbrella,0,4240,2844,0.000141163
staf,0,4240,2844,0.000141163
bore,0,4240,2844,0.000141163
intrigu,0,4240,2844,0.000141163
suggestion,0,4240,2844,0.000141163
thu,0,4240,2844,0.000141163
spent,0,4240,2844,0.000141163
afford,0,4240,2844,0.000141163
mansion,0,4240,2844,0.000141163
madden,0,4240,2844,0.000141163
selection,0,4240,2844,0.000141163
stripe,0,4240,2844,0.000141163
dough,0,4240,2844,0.000141163
otherwise,0,4240,2844,0.000141163
heart,2,4240,2844,0.00042349
hectic,0,4240,2844,0.000141163
mom,0,4240,2844,0.000141163
bear,0,4240,2844,0.000141163
lincoln,0,4240,2844,0.000141163
sail,0,4240,2844,0.000141163
phoenix,0,4240,2844,0.000141163
rock,0,4240,2844,0.000141163
house,0,4240,2844,0.000141163
chill,0,4240,2844,0.000141163
bee,0,4240,2844,0.000141163
japanese,0,4240,2844,0.000141163
privacy,5,4240,2844,0.000846979
pear,0,4240,2844,0.000141163
tree,0,4240,2844,0.000141163
fall,0,4240,2844,0.000141163
type,0,4240,2844,0.000141163
perry,0,4240,2844,0.000141163
rick,0,4240,2844,0.000141163
riesl,0,4240,2844,0.000141163
lightbulb,0,4240,2844,0.000141163
ready,4,4240,2844,0.000705816
tampa,0,4240,2844,0.000141163
martin,0,4240,2844,0.000141163
town,0,4240,2844,0.000141163
buccaneer,0,4240,2844,0.000141163
teach,0,4240,2844,0.000141163
different,2,4240,2844,0.00042349
therefore,0,4240,2844,0.000141163
percent,0,4240,2844,0.000141163
clearance,0,4240,2844,0.000141163
scripture,0,4240,2844,0.000141163
patio,0,4240,2844,0.000141163
furniture,0,4240,2844,0.000141163
bag,0,4240,2844,0.000141163
angel,0,4240,2844,0.000141163
peeler,0,4240,2844,0.000141163
washer,0,4240,2844,0.000141163
board,1,4240,2844,0.000282326
cyst,0,4240,2844,0.000141163
knee,0,4240,2844,0.000141163
conveyor,0,4240,2844,0.000141163
hardy,0,4240,2844,0.000141163
mesh,0,4240,2844,0.000141163
jacket,0,4240,2844,0.000141163
motorcycle,0,4240,2844,0.000141163
vodka,0,4240,2844,0.000141163
fancy,1,4240,2844,0.000282326
hemp,0,4240,2844,0.000141163
jewelry,0,4240,2844,0.000141163
instruction,0,4240,2844,0.000141163
fuel,0,4240,2844,0.000141163
knot,0,4240,2844,0.000141163
money,1,4240,2844,0.000282326
chosen,1,4240,2844,0.000282326
trivia,2,4240,2844,0.00042349
build,4,4240,2844,0.000705816
leap,1,4240,2844,0.000282326
boost,1,4240,2844,0.000282326
manager,1,4240,2844,0.000282326
sleek,1,4240,2844,0.000282326
superb,1,4240,2844,0.000282326
desire,1,4240,2844,0.000282326
Yummy,1,4240,2844,0.000282326
refer,1,4240,2844,0.000282326
prime,8,4240,2844,0.001270469
await,1,4240,2844,0.000282326
searche,11,4240,2844,0.001693958
debt,1,4240,2844,0.000282326
fallen,1,4240,2844,0.000282326
five,1,4240,2844,0.000282326
photography,1,4240,2844,0.000282326
biggest,2,4240,2844,0.00042349
threat,3,4240,2844,0.000564653
king,0,4240,2844,0.000141163
readable,1,4240,2844,0.000282326
emphasi,1,4240,2844,0.000282326
wallet,6,4240,2844,0.000988142
effect,4,4240,2844,0.000705816
efficient,1,4240,2844,0.000282326
browse,1,4240,2844,0.000282326
infinite,10,4240,2844,0.001552795
bookcase,16,4240,2844,0.002399774
difficult,1,4240,2844,0.000282326
benefit,1,4240,2844,0.000282326
bully,4,4240,2844,0.000705816
hangout,2,4240,2844,0.00042349
icecream,10,4240,2844,0.001552795
salmonella,1,4240,2844,0.000282326
hotspot,1,4240,2844,0.000282326
orbital,1,4240,2844,0.000282326
laser,1,4240,2844,0.000282326
wooden,1,4240,2844,0.000282326
deliciou,3,4240,2844,0.000564653
ditch,1,4240,2844,0.000282326
launche,6,4240,2844,0.000988142
closely,1,4240,2844,0.000282326
collaborate,1,4240,2844,0.000282326
pleas,1,4240,2844,0.000282326
press,4,4240,2844,0.000705816
conference,2,4240,2844,0.00042349
slick,1,4240,2844,0.000282326
college,1,4240,2844,0.000282326
scream,2,4240,2844,0.00042349
changer,1,4240,2844,0.000282326
ahead,1,4240,2844,0.000282326
reveal,6,4240,2844,0.000988142
closer,3,4240,2844,0.000564653
face,12,4240,2844,0.001835121
pleasure,1,4240,2844,0.000282326
fantastic,1,4240,2844,0.000282326
globe,2,4240,2844,0.00042349
probably,2,4240,2844,0.00042349
hookup,1,4240,2844,0.000282326
teas,1,4240,2844,0.000282326
accompany,1,4240,2844,0.000282326
usual,2,4240,2844,0.00042349
neat,1,4240,2844,0.000282326
frame,1,4240,2844,0.000282326
generator,1,4240,2844,0.000282326
prettier,2,4240,2844,0.00042349
introduc,5,4240,2844,0.000846979
inside,1,4240,2844,0.000282326
beneficial,1,4240,2844,0.000282326
tool,9,4240,2844,0.001411632
doc,7,4240,2844,0.001129305
particularly,1,4240,2844,0.000282326
theme,3,4240,2844,0.000564653
sentence,0,4240,2844,0.000141163
rite,1,4240,2844,0.000282326
accord,3,4240,2844,0.000564653
beam,16,4240,2844,0.002399774
alright,1,4240,2844,0.000282326
decision,2,4240,2844,0.00042349
ugly,1,4240,2844,0.000282326
taste,2,4240,2844,0.00042349
blog,12,4240,2844,0.001835121
outdate,2,4240,2844,0.00042349
instant,1,4240,2844,0.000282326
raise,4,4240,2844,0.000705816
detection,1,4240,2844,0.000282326
essential,1,4240,2844,0.000282326
crave,2,4240,2844,0.00042349
adopt,1,4240,2844,0.000282326
philosophy,1,4240,2844,0.000282326
polish,1,4240,2844,0.000282326
port,1,4240,2844,0.000282326
catchy,1,4240,2844,0.000282326
advertisement,1,4240,2844,0.000282326
carry,4,4240,2844,0.000705816
november,2,4240,2844,0.00042349
pant,1,4240,2844,0.000282326
literally,2,4240,2844,0.00042349
blown,2,4240,2844,0.00042349
combination,1,4240,2844,0.000282326
introduction,3,4240,2844,0.000564653
party,2,4240,2844,0.00042349
regular,1,4240,2844,0.000282326
interval,1,4240,2844,0.000282326
real,7,4240,2844,0.001129305
executive,1,4240,2844,0.000282326
capabiliti,4,4240,2844,0.000705816
select,1,4240,2844,0.000282326
transfer,1,4240,2844,0.000282326
dig,1,4240,2844,0.000282326
quick,4,4240,2844,0.000705816
politely,1,4240,2844,0.000282326
goodbye,0,4240,2844,0.000141163
taught,1,4240,2844,0.000282326
decent,1,4240,2844,0.000282326
positive,2,4240,2844,0.00042349
directly,1,4240,2844,0.000282326
layout,1,4240,2844,0.000282326
aggregate,1,4240,2844,0.000282326
source,4,4240,2844,0.000705816
spiral,2,4240,2844,0.00042349
inbuilt,2,4240,2844,0.00042349
panoramic,1,4240,2844,0.000282326
panorama,4,4240,2844,0.000705816
tasty,1,4240,2844,0.000282326
toy,0,4240,2844,0.000141163
gallery,4,4240,2844,0.000705816
shutter,2,4240,2844,0.00042349
insane,1,4240,2844,0.000282326
thumb,1,4240,2844,0.000282326
edit,1,4240,2844,0.000282326
three,7,4240,2844,0.001129305
score,1,4240,2844,0.000282326
along,3,4240,2844,0.000564653
delay,1,4240,2844,0.000282326
watchdog,1,4240,2844,0.000282326
study,3,4240,2844,0.000564653
guide,0,4240,2844,0.000141163
display,1,4240,2844,0.000282326
peanut,1,4240,2844,0.000282326
neither,1,4240,2844,0.000282326
pea,1,4240,2844,0.000282326
discuss,1,4240,2844,0.000282326
retard,1,4240,2844,0.000282326
planet,1,4240,2844,0.000282326
pinch,1,4240,2844,0.000282326
zoom,1,4240,2844,0.000282326
superior,1,4240,2844,0.000282326
bookmark,3,4240,2844,0.000564653
redesign,2,4240,2844,0.00042349
conversation,1,4240,2844,0.000282326
automatically,1,4240,2844,0.000282326
doorstep,1,4240,2844,0.000282326
excellent,1,4240,2844,0.000282326
commercial,1,4240,2844,0.000282326
announcement,11,4240,2844,0.001693958
dictation,1,4240,2844,0.000282326
smooth,1,4240,2844,0.000282326
responsive,1,4240,2844,0.000282326
widget,4,4240,2844,0.000705816
navigation,1,4240,2844,0.000282326
built,1,4240,2844,0.000282326
stack,1,4240,2844,0.000282326
richer,1,4240,2844,0.000282326
wallpaper,1,4240,2844,0.000282326
curiou,1,4240,2844,0.000282326
highlight,3,4240,2844,0.000564653
mull,1,4240,2844,0.000282326
shore,1,4240,2844,0.000282326
bout,1,4240,2844,0.000282326
accessibility,1,4240,2844,0.000282326
dump,3,4240,2844,0.000564653
ton,2,4240,2844,0.00042349
spam,2,4240,2844,0.00042349
awkward,1,4240,2844,0.000282326
load,1,4240,2844,0.000282326
blackout,1,4240,2844,0.000282326
threaten,1,4240,2844,0.000282326
august,1,4240,2844,0.000282326
uphill,1,4240,2844,0.000282326
parker,1,4240,2844,0.000282326
lecture,0,4240,2844,0.000141163
economic,1,4240,2844,0.000282326
hypocritical,1,4240,2844,0.000282326
melt,0,4240,2844,0.000141163
letdown,2,4240,2844,0.00042349
introduce,4,4240,2844,0.000705816
singaporean,1,4240,2844,0.000282326
facial,5,4240,2844,0.000846979
demo,2,4240,2844,0.00042349
goof,1,4240,2844,0.000282326
interference,1,4240,2844,0.000282326
headache,0,4240,2844,0.000141163
visigoth,1,4240,2844,0.000282326
froze,0,4240,2844,0.000141163
new,12,4240,2844,0.001835121
laughable,1,4240,2844,0.000282326
encrypt,12,4240,2844,0.001835121
maximize,1,4240,2844,0.000282326
collection,1,4240,2844,0.000282326
background,1,4240,2844,0.000282326
horrible,1,4240,2844,0.000282326
stream,1,4240,2844,0.000282326
code,2,4240,2844,0.00042349
skill,0,4240,2844,0.000141163
perform,1,4240,2844,0.000282326
date,1,4240,2844,0.000282326
impact,1,4240,2844,0.000282326
illustrate,1,4240,2844,0.000282326
peril,1,4240,2844,0.000282326
demonstration,1,4240,2844,0.000282326
admirably,1,4240,2844,0.000282326
revolution,5,4240,2844,0.000846979
stalk,0,4240,2844,0.000141163
performance,1,4240,2844,0.000282326
leave,1,4240,2844,0.000282326
fold,1,4240,2844,0.000282326
beat,5,4240,2844,0.000846979
iteration,1,4240,2844,0.000282326
several,1,4240,2844,0.000282326
revamp,2,4240,2844,0.00042349
compete,1,4240,2844,0.000282326
pittsburgh,1,4240,2844,0.000282326
recruit,1,4240,2844,0.000282326
hands-on,4,4240,2844,0.000705816
latest,5,4240,2844,0.000846979
theater,1,4240,2844,0.000282326
dubai,1,4240,2844,0.000282326
unwrap,6,4240,2844,0.000988142
vagina,1,4240,2844,0.000282326
encryption,3,4240,2844,0.000564653
menu,2,4240,2844,0.00042349
butt,1,4240,2844,0.000282326
unite,3,4240,2844,0.000564653
republish,1,4240,2844,0.000282326
index,2,4240,2844,0.00042349
perk,5,4240,2844,0.000846979
empire,0,4240,2844,0.000141163
avenue,1,4240,2844,0.000282326
outbound,4,4240,2844,0.000705816
rede,1,4240,2844,0.000282326
understand,1,4240,2844,0.000282326
flight,1,4240,2844,0.000282326
travel,1,4240,2844,0.000282326
downward,1,4240,2844,0.000282326
novelty,0,4240,2844,0.000141163
important,3,4240,2844,0.000564653
density,1,4240,2844,0.000282326
real-time,3,4240,2844,0.000564653
collaboration,3,4240,2844,0.000564653
transition,3,4240,2844,0.000564653
joke,2,4240,2844,0.00042349
slogan,2,4240,2844,0.00042349
industry,3,4240,2844,0.000564653
witness,3,4240,2844,0.000564653
astound,3,4240,2844,0.000564653
seal,3,4240,2844,0.000564653
supreme,3,4240,2844,0.000564653
console,3,4240,2844,0.000564653
traditional,2,4240,2844,0.00042349
secure,4,4240,2844,0.000705816
queri,2,4240,2844,0.00042349
track,1,4240,2844,0.000282326
land,1,4240,2844,0.000282326
conversion,2,4240,2844,0.00042349
cap,1,4240,2844,0.000282326
commodity,2,4240,2844,0.00042349
advertiser,2,4240,2844,0.00042349
arrive,1,4240,2844,0.000282326
curve,1,4240,2844,0.000282326
rival,2,4240,2844,0.00042349
url,1,4240,2844,0.000282326
webmaster,2,4240,2844,0.00042349
chicago,1,4240,2844,0.000282326
recap,2,4240,2844,0.00042349
host,1,4240,2844,0.000282326
africa,1,4240,2844,0.000282326
political,1,4240,2844,0.000282326
revue,1,4240,2844,0.000282326
companion,1,4240,2844,0.000282326
controller,1,4240,2844,0.000282326
announce,13,4240,2844,0.001976285
payment,1,4240,2844,0.000282326
environment,0,4240,2844,0.000141163
solar,2,4240,2844,0.00042349
plant,1,4240,2844,0.000282326
block,2,4240,2844,0.00042349
receive,3,4240,2844,0.000564653
juice,1,4240,2844,0.000282326
run-down,1,4240,2844,0.000282326
tip,0,4240,2844,0.000141163
crawl,1,4240,2844,0.000282326
creep,1,4240,2844,0.000282326
wake,1,4240,2844,0.000282326
honeycomb,1,4240,2844,0.000282326
gingerbread,7,4240,2844,0.001129305
referral,1,4240,2844,0.000282326
hack,2,4240,2844,0.00042349
wisely,1,4240,2844,0.000282326
sheet,1,4240,2844,0.000282326
xma,1,4240,2844,0.000282326
confirm,9,4240,2844,0.001411632
enhancement,1,4240,2844,0.000282326
texa,2,4240,2844,0.00042349
instrument,3,4240,2844,0.000564653
core,3,4240,2844,0.000564653
newer,2,4240,2844,0.00042349
processor,2,4240,2844,0.00042349
competition,3,4240,2844,0.000564653
venture,4,4240,2844,0.000705816
rumor,1,4240,2844,0.000282326
asap,1,4240,2844,0.000282326
application,1,4240,2844,0.000282326
overview,2,4240,2844,0.00042349
acceleration,1,4240,2844,0.000282326
telecom,1,4240,2844,0.000282326
pure,2,4240,2844,0.00042349
society,1,4240,2844,0.000282326
empowerment,1,4240,2844,0.000282326
lightly,0,4240,2844,0.000141163
determine,2,4240,2844,0.00042349
firm,1,4240,2844,0.000282326
investment,1,4240,2844,0.000282326
solely,1,4240,2844,0.000282326
spencer,1,4240,2844,0.000282326
restrict,1,4240,2844,0.000282326
engine,1,4240,2844,0.000282326
cach,1,4240,2844,0.000282326
retailer,1,4240,2844,0.000282326
jump,1,4240,2844,0.000282326
promotion,1,4240,2844,0.000282326
fortunately,1,4240,2844,0.000282326
sadly,1,4240,2844,0.000282326
copi,1,4240,2844,0.000282326
captain,1,4240,2844,0.000282326
movie,2,4240,2844,0.00042349
intro,1,4240,2844,0.000282326
destination,1,4240,2844,0.000282326
rant,1,4240,2844,0.000282326
pathetic,1,4240,2844,0.000282326
afterthought,1,4240,2844,0.000282326
suite,1,4240,2844,0.000282326
variety,1,4240,2844,0.000282326
way,1,4240,2844,0.000282326
engineer,1,4240,2844,0.000282326
intend,1,4240,2844,0.000282326
become,1,4240,2844,0.000282326
famou,1,4240,2844,0.000282326
criticize,1,4240,2844,0.000282326
trounc,1,4240,2844,0.000282326
discover,0,4240,2844,0.000141163
critical,1,4240,2844,0.000282326
information,1,4240,2844,0.000282326
belong,1,4240,2844,0.000282326
digitally,1,4240,2844,0.000282326
underly,2,4240,2844,0.00042349
eatable,2,4240,2844,0.00042349
eclair,2,4240,2844,0.00042349
reshape,1,4240,2844,0.000282326
feat,1,4240,2844,0.000282326
freestyle,1,4240,2844,0.000282326
manhole,1,4240,2844,0.000282326
round,1,4240,2844,0.000282326
china,0,4240,2844,0.000141163
googl,1,4240,2844,0.000282326
women,4,4240,2844,0.000705816
resemble,1,4240,2844,0.000282326
momma,1,4240,2844,0.000282326
fellow,1,4240,2844,0.000282326
michigander,1,4240,2844,0.000282326
michigan,1,4240,2844,0.000282326
circle,3,4240,2844,0.000564653
hacker,1,4240,2844,0.000282326
marketer,1,4240,2844,0.000282326
division,1,4240,2844,0.000282326
development,1,4240,2844,0.000282326
spring,1,4240,2844,0.000282326
drink,1,4240,2844,0.000282326
barometer,2,4240,2844,0.00042349
bunny,1,4240,2844,0.000282326
watson,1,4240,2844,0.000282326
unlike,1,4240,2844,0.000282326
repli,1,4240,2844,0.000282326
thread,1,4240,2844,0.000282326
weaken,1,4240,2844,0.000282326
undoubtedly,1,4240,2844,0.000282326
tough,1,4240,2844,0.000282326
demon,2,4240,2844,0.00042349
cast,3,4240,2844,0.000564653
wide,2,4240,2844,0.00042349
mike,2,4240,2844,0.00042349
smile,1,4240,2844,0.000282326
shout,1,4240,2844,0.000282326
universe,1,4240,2844,0.000282326
explod,1,4240,2844,0.000282326
advantage,1,4240,2844,0.000282326
profound,1,4240,2844,0.000282326
massive,2,4240,2844,0.00042349
nexuss,1,4240,2844,0.000282326
lazy,1,4240,2844,0.000282326
short,1,4240,2844,0.000282326
supply,1,4240,2844,0.000282326
roundup,1,4240,2844,0.000282326
snippet,1,4240,2844,0.000282326
prod,1,4240,2844,0.000282326
gadget,1,4240,2844,0.000282326
uncategorize,1,4240,2844,0.000282326
availability,1,4240,2844,0.000282326
peter,1,4240,2844,0.000282326
mango,1,4240,2844,0.000282326
emb,0,4240,2844,0.000141163
redirect,1,4240,2844,0.000282326
artisan,1,4240,2844,0.000282326
experiment,1,4240,2844,0.000282326
mouth,1,4240,2844,0.000282326
relive,1,4240,2844,0.000282326
rebuttal,1,4240,2844,0.000282326
bridge,1,4240,2844,0.000282326
pretend,1,4240,2844,0.000282326
steal,1,4240,2844,0.000282326
crew,1,4240,2844,0.000282326
coverage,1,4240,2844,0.000282326
health,2,4240,2844,0.00042349
dust,1,4240,2844,0.000282326
children,1,4240,2844,0.000282326
gun,1,4240,2844,0.000282326
parisian,1,4240,2844,0.000282326
debate,1,4240,2844,0.000282326
vote,1,4240,2844,0.000282326
somebody,1,4240,2844,0.000282326
imitation,1,4240,2844,0.000282326
flattery,1,4240,2844,0.000282326
junkyard,2,4240,2844,0.00042349
examine,1,4240,2844,0.000282326
bounce,1,4240,2844,0.000282326
lover,9,4240,2844,0.001411632
beate,1,4240,2844,0.000282326
village,1,4240,2844,0.000282326
intent,0,4240,2844,0.000141163
coupon,1,4240,2844,0.000282326
reward,1,4240,2844,0.000282326
despite,1,4240,2844,0.000282326
monumental,1,4240,2844,0.000282326
conspiracy,1,4240,2844,0.000282326
threw,1,4240,2844,0.000282326
pleasant,1,4240,2844,0.000282326
indee,1,4240,2844,0.000282326
laugh,1,4240,2844,0.000282326
tap,1,4240,2844,0.000282326
private,1,4240,2844,0.000282326
brows,1,4240,2844,0.000282326
eye,1,4240,2844,0.000282326
inspiration,1,4240,2844,0.000282326
duly,1,4240,2844,0.000282326
innovator,1,4240,2844,0.000282326
recent,0,4240,2844,0.000141163
position,2,4240,2844,0.00042349
amaze,0,4240,2844,0.000141163
freshen,1,4240,2844,0.000282326
buggy,1,4240,2844,0.000282326
bookworm,1,4240,2844,0.000282326
abstract,1,4240,2844,0.000282326
limitless,1,4240,2844,0.000282326
librari,1,4240,2844,0.000282326
bill,1,4240,2844,0.000282326
gross,1,4240,2844,0.000282326
develop,0,4240,2844,0.000141163
notch,0,4240,2844,0.000141163
backdrop,0,4240,2844,0.000141163
lot,0,4240,2844,0.000141163
resolution,0,4240,2844,0.000141163
maryland,0,4240,2844,0.000141163
mica,0,4240,2844,0.000141163
catch,0,4240,2844,0.000141163
recently,0,4240,2844,0.000141163
prep,0,4240,2844,0.000141163
unifi,0,4240,2844,0.000141163
europe,0,4240,2844,0.000141163
asia,0,4240,2844,0.000141163
hugo,0,4240,2844,0.000141163
buddi,0,4240,2844,0.000141163
cent,0,4240,2844,0.000141163
capture,0,4240,2844,0.000141163
continuou,0,4240,2844,0.000141163
lapse,0,4240,2844,0.000141163
glitch,0,4240,2844,0.000141163
beirut,0,4240,2844,0.000141163
tag,0,4240,2844,0.000141163
hipster,0,4240,2844,0.000141163
filter,0,4240,2844,0.000141163
irony,0,4240,2844,0.000141163
marketplace,0,4240,2844,0.000141163
preview,0,4240,2844,0.000141163
scale,0,4240,2844,0.000141163
guest,0,4240,2844,0.000141163
mostly,0,4240,2844,0.000141163
chinese,0,4240,2844,0.000141163
show-off,0,4240,2844,0.000141163
reverse,0,4240,2844,0.000141163
crime,0,4240,2844,0.000141163
wear,0,4240,2844,0.000141163
capability,0,4240,2844,0.000141163
measure,0,4240,2844,0.000141163
campaign,0,4240,2844,0.000141163
tagger,0,4240,2844,0.000141163
sticker,0,4240,2844,0.000141163
cheque,0,4240,2844,0.000141163
echelon,0,4240,2844,0.000141163
asian,0,4240,2844,0.000141163
rise,0,4240,2844,0.000141163
democrat,0,4240,2844,0.000141163
join,0,4240,2844,0.000141163
grey,0,4240,2844,0.000141163
chairman,0,4240,2844,0.000141163
greater,0,4240,2844,0.000141163
asset,0,4240,2844,0.000141163
heavy,0,4240,2844,0.000141163
park,0,4240,2844,0.000141163
summit,0,4240,2844,0.000141163
reflect,0,4240,2844,0.000141163
culture,0,4240,2844,0.000141163
poker,0,4240,2844,0.000141163
fight,0,4240,2844,0.000141163
university,0,4240,2844,0.000141163
propose,0,4240,2844,0.000141163
eyelid,0,4240,2844,0.000141163
twitche,0,4240,2844,0.000141163
passe,0,4240,2844,0.000141163
pour,0,4240,2844,0.000141163
singapore,0,4240,2844,0.000141163
pacific,0,4240,2844,0.000141163
region,0,4240,2844,0.000141163
parkway,0,4240,2844,0.000141163
novena,0,4240,2844,0.000141163
premier,0,4240,2844,0.000141163
healthcare,0,4240,2844,0.000141163
impatient,0,4240,2844,0.000141163
arriver,0,4240,2844,0.000141163
salisbury,0,4240,2844,0.000141163
tournament,0,4240,2844,0.000141163
fire,0,4240,2844,0.000141163
fringe,0,4240,2844,0.000141163
pulse,0,4240,2844,0.000141163
para,0,4240,2844,0.000141163
ringgit,0,4240,2844,0.000141163
european,0,4240,2844,0.000141163
currenci,0,4240,2844,0.000141163
strengthen,0,4240,2844,0.000141163
outweigh,0,4240,2844,0.000141163
higher,0,4240,2844,0.000141163
ey,0,4240,2844,0.000141163
thailand,0,4240,2844,0.000141163
factor,0,4240,2844,0.000141163
agency,0,4240,2844,0.000141163
originally,0,4240,2844,0.000141163
guardian,0,4240,2844,0.000141163
shop,0,4240,2844,0.000141163
strategi,0,4240,2844,0.000141163
pace,0,4240,2844,0.000141163
spain,0,4240,2844,0.000141163
downside,0,4240,2844,0.000141163
rumour,0,4240,2844,0.000141163
dive,0,4240,2844,0.000141163
bond,0,4240,2844,0.000141163
strait,0,4240,2844,0.000141163
wheat,0,4240,2844,0.000141163
monopoly,0,4240,2844,0.000141163
swap,0,4240,2844,0.000141163
compliance,0,4240,2844,0.000141163
leas,0,4240,2844,0.000141163
programme,0,4240,2844,0.000141163
rachel,0,4240,2844,0.000141163
specify,0,4240,2844,0.000141163
license,0,4240,2844,0.000141163
surfactant,0,4240,2844,0.000141163
sauce,0,4240,2844,0.000141163
tout,0,4240,2844,0.000141163
beau,0,4240,2844,0.000141163
panda,0,4240,2844,0.000141163
affect,0,4240,2844,0.000141163
rank,0,4240,2844,0.000141163
vendor,0,4240,2844,0.000141163
degree,0,4240,2844,0.000141163
format,0,4240,2844,0.000141163
annotate,0,4240,2844,0.000141163
bibliography,0,4240,2844,0.000141163
jew,0,4240,2844,0.000141163
jesu,0,4240,2844,0.000141163
hitler,0,4240,2844,0.000141163
lab,0,4240,2844,0.000141163
harvard,0,4240,2844,0.000141163
mindfulness,0,4240,2844,0.000141163
technique,0,4240,2844,0.000141163
jewel,0,4240,2844,0.000141163
swear,0,4240,2844,0.000141163
nada,0,4240,2844,0.000141163
dealt,0,4240,2844,0.000141163
method,0,4240,2844,0.000141163
profitable,0,4240,2844,0.000141163
duke,0,4240,2844,0.000141163
homeless,0,4240,2844,0.000141163
Youth,0,4240,2844,0.000141163
domestic,0,4240,2844,0.000141163
violence,0,4240,2844,0.000141163
newbi,0,4240,2844,0.000141163
river,0,4240,2844,0.000141163
waste,0,4240,2844,0.000141163
will,0,4240,2844,0.000141163
hail,0,4240,2844,0.000141163
encounter,0,4240,2844,0.000141163
agenda,0,4240,2844,0.000141163
funniest,0,4240,2844,0.000141163
sushi,0,4240,2844,0.000141163
lawyer,0,4240,2844,0.000141163
police,0,4240,2844,0.000141163
okay,0,4240,2844,0.000141163
feedback,0,4240,2844,0.000141163
settlement,0,4240,2844,0.000141163
plaintiff,0,4240,2844,0.000141163
role,0,4240,2844,0.000141163
insolvency,0,4240,2844,0.000141163
reconnaissance,0,4240,2844,0.000141163
caution,0,4240,2844,0.000141163
cyanogen,0,4240,2844,0.000141163
deep,0,4240,2844,0.000141163
participate,0,4240,2844,0.000141163
certification,0,4240,2844,0.000141163
spanish,0,4240,2844,0.000141163
medical,0,4240,2844,0.000141163
buffalo,0,4240,2844,0.000141163
pavilion,0,4240,2844,0.000141163
claw,0,4240,2844,0.000141163
relevance,0,4240,2844,0.000141163
rich,0,4240,2844,0.000141163
excel,0,4240,2844,0.000141163
productive,0,4240,2844,0.000141163
communication,0,4240,2844,0.000141163
underrate,0,4240,2844,0.000141163
dish,0,4240,2844,0.000141163
handset,0,4240,2844,0.000141163
explorer,0,4240,2844,0.000141163
eate,0,4240,2844,0.000141163
priceless,0,4240,2844,0.000141163
vancouver,0,4240,2844,0.000141163
evangelist,0,4240,2844,0.000141163
cash,0,4240,2844,0.000141163
coast,0,4240,2844,0.000141163
portland,0,4240,2844,0.000141163
safe,0,4240,2844,0.000141163
safety,0,4240,2844,0.000141163
technologi,0,4240,2844,0.000141163
encourage,0,4240,2844,0.000141163
career,0,4240,2844,0.000141163
enjoy,0,4240,2844,0.000141163
compell,0,4240,2844,0.000141163
self-service,0,4240,2844,0.000141163
registration,0,4240,2844,0.000141163
curate,0,4240,2844,0.000141163
greenwich,0,4240,2844,0.000141163
later,0,4240,2844,0.000141163
charity,0,4240,2844,0.000141163
philanthropy,0,4240,2844,0.000141163
scientist,0,4240,2844,0.000141163
extent,0,4240,2844,0.000141163
sponsor,0,4240,2844,0.000141163
delegate,0,4240,2844,0.000141163
validate,0,4240,2844,0.000141163
target,0,4240,2844,0.000141163
touchscreen,0,4240,2844,0.000141163
campu,0,4240,2844,0.000141163
mixer,0,4240,2844,0.000141163
science,0,4240,2844,0.000141163
fiction,0,4240,2844,0.000141163
playful,0,4240,2844,0.000141163
faculty,0,4240,2844,0.000141163
pois,0,4240,2844,0.000141163
action,0,4240,2844,0.000141163
contender,0,4240,2844,0.000141163
combine,0,4240,2844,0.000141163
interface,0,4240,2844,0.000141163
became,0,4240,2844,0.000141163
citizenship,0,4240,2844,0.000141163
member,0,4240,2844,0.000141163
border,0,4240,2844,0.000141163
utiliti,0,4240,2844,0.000141163
enterprise,0,4240,2844,0.000141163
scalability,0,4240,2844,0.000141163
unfair,0,4240,2844,0.000141163
assessment,0,4240,2844,0.000141163
sage,0,4240,2844,0.000141163
dynamic,0,4240,2844,0.000141163
opportuniti,0,4240,2844,0.000141163
tour,0,4240,2844,0.000141163
helsinki,0,4240,2844,0.000141163
finland,0,4240,2844,0.000141163
sugar-coate,0,4240,2844,0.000141163
blatant,0,4240,2844,0.000141163
propaganda,0,4240,2844,0.000141163
composite,0,4240,2844,0.000141163
individual,0,4240,2844,0.000141163
technological,0,4240,2844,0.000141163
futuristic,0,4240,2844,0.000141163
desir,0,4240,2844,0.000141163
provid,0,4240,2844,0.000141163
fund,0,4240,2844,0.000141163
sweatshop,0,4240,2844,0.000141163
gate,0,4240,2844,0.000141163
foundation,0,4240,2844,0.000141163
courtesy,0,4240,2844,0.000141163
inspir,0,4240,2844,0.000141163
surface,0,4240,2844,0.000141163
vulnerability,0,4240,2844,0.000141163
framework,0,4240,2844,0.000141163
eclips,0,4240,2844,0.000141163
violate,0,4240,2844,0.000141163
u.,0,4240,2844,0.000141163
law,0,4240,2844,0.000141163
netscape,0,4240,2844,0.000141163
victim,0,4240,2844,0.000141163
racketeer,0,4240,2844,0.000141163
outlaw,0,4240,2844,0.000141163
worker,0,4240,2844,0.000141163
chief,0,4240,2844,0.000141163
mole,0,4240,2844,0.000141163
messy,0,4240,2844,0.000141163
nightmare,0,4240,2844,0.000141163
creepy,0,4240,2844,0.000141163
enrage,0,4240,2844,0.000141163
produce,0,4240,2844,0.000141163
lobby,0,4240,2844,0.000141163
politician,0,4240,2844,0.000141163
acceptable,0,4240,2844,0.000141163
sit,0,4240,2844,0.000141163
compare,0,4240,2844,0.000141163
albatross,0,4240,2844,0.000141163
neck,0,4240,2844,0.000141163
happier,0,4240,2844,0.000141163
comp,0,4240,2844,0.000141163
discussion,0,4240,2844,0.000141163
grab,0,4240,2844,0.000141163
nearly,0,4240,2844,0.000141163
dine,0,4240,2844,0.000141163
lean,0,4240,2844,0.000141163
concept,0,4240,2844,0.000141163
corporation,0,4240,2844,0.000141163
difference,0,4240,2844,0.000141163
kick,0,4240,2844,0.000141163
alongside,0,4240,2844,0.000141163
colour,0,4240,2844,0.000141163
blew,0,4240,2844,0.000141163
water,0,4240,2844,0.000141163
interoperability,0,4240,2844,0.000141163
backward,0,4240,2844,0.000141163
compatibility,0,4240,2844,0.000141163
stephen,0,4240,2844,0.000141163
cesspit,0,4240,2844,0.000141163
extreme,0,4240,2844,0.000141163
avoid,0,4240,2844,0.000141163
negative,0,4240,2844,0.000141163
comment,0,4240,2844,0.000141163
distrust,0,4240,2844,0.000141163
angst,0,4240,2844,0.000141163
fixation,0,4240,2844,0.000141163
wave,0,4240,2844,0.000141163
bye-bye,0,4240,2844,0.000141163
preach,0,4240,2844,0.000141163
value,0,4240,2844,0.000141163
excuse,0,4240,2844,0.000141163
instantly,0,4240,2844,0.000141163
manually,0,4240,2844,0.000141163
unproductive,0,4240,2844,0.000141163
forc,0,4240,2844,0.000141163
enemi,0,4240,2844,0.000141163
pray,0,4240,2844,0.000141163
licens,0,4240,2844,0.000141163
baffle,0,4240,2844,0.000141163
moron,0,4240,2844,0.000141163
arrogance,0,4240,2844,0.000141163
compliment,0,4240,2844,0.000141163
obituari,0,4240,2844,0.000141163
riskiest,0,4240,2844,0.000141163
attribut,0,4240,2844,0.000141163
undergo,0,4240,2844,0.000141163
trial,0,4240,2844,0.000141163
alleg,0,4240,2844,0.000141163
practice,0,4240,2844,0.000141163
conclud,0,4240,2844,0.000141163
march,0,4240,2844,0.000141163
ultimate,0,4240,2844,0.000141163
catastrophe,0,4240,2844,0.000141163
plot,0,4240,2844,0.000141163
loathe,0,4240,2844,0.000141163
unable,0,4240,2844,0.000141163
german,0,4240,2844,0.000141163
federal,0,4240,2844,0.000141163
trojan,0,4240,2844,0.000141163
spy,0,4240,2844,0.000141163
exception,0,4240,2844,0.000141163
slack,0,4240,2844,0.000141163
mandarin,0,4240,2844,0.000141163
studi,0,4240,2844,0.000141163
cisco,0,4240,2844,0.000141163
sledgehammer,0,4240,2844,0.000141163
sake,0,4240,2844,0.000141163
friendship,0,4240,2844,0.000141163
aggressive,0,4240,2844,0.000141163
criticise,0,4240,2844,0.000141163
face-to-face,0,4240,2844,0.000141163
corporate,0,4240,2844,0.000141163
bonobo,0,4240,2844,0.000141163
monkey,0,4240,2844,0.000141163
ass,0,4240,2844,0.000141163
linux,0,4240,2844,0.000141163
extremist,0,4240,2844,0.000141163
attack,0,4240,2844,0.000141163
freedom,0,4240,2844,0.000141163
age,0,4240,2844,0.000141163
faith,0,4240,2844,0.000141163
lift,0,4240,2844,0.000141163
clear,0,4240,2844,0.000141163
disable,0,4240,2844,0.000141163
third,0,4240,2844,0.000141163
unmindful,0,4240,2844,0.000141163
collect,0,4240,2844,0.000141163
letter,0,4240,2844,0.000141163
retire,0,4240,2844,0.000141163
techie,0,4240,2844,0.000141163
leader,0,4240,2844,0.000141163
darkness,0,4240,2844,0.000141163
bind,0,4240,2844,0.000141163
vista,0,4240,2844,0.000141163
unborn,0,4240,2844,0.000141163
prediction,0,4240,2844,0.000141163
dell,0,4240,2844,0.000141163
shitty,0,4240,2844,0.000141163
ghost,0,4240,2844,0.000141163
logic,0,4240,2844,0.000141163
enlighten,0,4240,2844,0.000141163
diaz,0,4240,2844,0.000141163
influential,0,4240,2844,0.000141163
hispanic,0,4240,2844,0.000141163
compiler,0,4240,2844,0.000141163
specialist,0,4240,2844,0.000141163
bangalore,0,4240,2844,0.000141163
spigot,0,4240,2844,0.000141163
paper,0,4240,2844,0.000141163
bogu,0,4240,2844,0.000141163
benchmark,0,4240,2844,0.000141163
testify,0,4240,2844,0.000141163
novel,0,4240,2844,0.000141163
copyright,0,4240,2844,0.000141163
advert,0,4240,2844,0.000141163
denali,0,4240,2844,0.000141163
technical,0,4240,2844,0.000141163
researcher,0,4240,2844,0.000141163
gentle,0,4240,2844,0.000141163
meekly,0,4240,2844,0.000141163
doom,0,4240,2844,0.000141163
supporter,0,4240,2844,0.000141163
quote,0,4240,2844,0.000141163
episode,0,4240,2844,0.000141163
hawaii,0,4240,2844,0.000141163
kickoff,0,4240,2844,0.000141163
ping,0,4240,2844,0.000141163
embrac,0,4240,2844,0.000141163
apache,0,4240,2844,0.000141163
azure,0,4240,2844,0.000141163
pareto,0,4240,2844,0.000141163
chart,0,4240,2844,0.000141163
procedural,0,4240,2844,0.000141163
syntax,0,4240,2844,0.000141163
talent,0,4240,2844,0.000141163
boast,0,4240,2844,0.000141163
temp,0,4240,2844,0.000141163
workforce,0,4240,2844,0.000141163
beeline,0,4240,2844,0.000141163
central,0,4240,2844,0.000141163
boxe,0,4240,2844,0.000141163
holiday,0,4240,2844,0.000141163
bundle,0,4240,2844,0.000141163
season,0,4240,2844,0.000141163
joint,0,4240,2844,0.000141163
vital,0,4240,2844,0.000141163
participation,0,4240,2844,0.000141163
weep,0,4240,2844,0.000141163
mercy,0,4240,2844,0.000141163
firmware,0,4240,2844,0.000141163
innovate,0,4240,2844,0.000141163
api,0,4240,2844,0.000141163
basic,0,4240,2844,0.000141163
broadly,0,4240,2844,0.000141163
insight,0,4240,2844,0.000141163
organization,0,4240,2844,0.000141163
interact,0,4240,2844,0.000141163
norway,0,4240,2844,0.000141163
chair,0,4240,2844,0.000141163
interview,0,4240,2844,0.000141163
minority,0,4240,2844,0.000141163
carnegie,0,4240,2844,0.000141163
mellon,0,4240,2844,0.000141163
incomparable,0,4240,2844,0.000141163
tangl,0,4240,2844,0.000141163
mess,0,4240,2844,0.000141163
desk,0,4240,2844,0.000141163
conductive,0,4240,2844,0.000141163
gesture,0,4240,2844,0.000141163
spare,0,4240,2844,0.000141163
arbitrary,0,4240,2844,0.000141163
everyday,0,4240,2844,0.000141163
booth,0,4240,2844,0.000141163
duty,0,4240,2844,0.000141163
modern,0,4240,2844,0.000141163
warfare,0,4240,2844,0.000141163
transform,0,4240,2844,0.000141163
dancer,0,4240,2844,0.000141163
nowhere,0,4240,2844,0.000141163
near,0,4240,2844,0.000141163
slash,0,4240,2844,0.000141163
quincy,0,4240,2844,0.000141163
washington,0,4240,2844,0.000141163
summary,0,4240,2844,0.000141163
,0,4240,2844,0.000141163
feet,0,4240,2844,0.000141163
supplier,0,4240,2844,0.000141163
sustainability,0,4240,2844,0.000141163
movement,0,4240,2844,0.000141163
plastic,0,4240,2844,0.000141163
approach,0,4240,2844,0.000141163
durban,0,4240,2844,0.000141163
conflict,0,4240,2844,0.000141163
guru,0,4240,2844,0.000141163
institute,0,4240,2844,0.000141163
accuracy,0,4240,2844,0.000141163
integration,0,4240,2844,0.000141163
incorrect,0,4240,2844,0.000141163
association,0,4240,2844,0.000141163
undecid,0,4240,2844,0.000141163
minu,0,4240,2844,0.000141163
celebrity,0,4240,2844,0.000141163
impersonation,0,4240,2844,0.000141163
common,0,4240,2844,0.000141163
clothe,0,4240,2844,0.000141163
initiative,0,4240,2844,0.000141163
alternate,0,4240,2844,0.000141163
row,0,4240,2844,0.000141163
shortcut,0,4240,2844,0.000141163
bargain,0,4240,2844,0.000141163
bruise,0,4240,2844,0.000141163
expectation,0,4240,2844,0.000141163
deployment,0,4240,2844,0.000141163
securiti,0,4240,2844,0.000141163
interaction,0,4240,2844,0.000141163
engag,0,4240,2844,0.000141163
diss,0,4240,2844,0.000141163
e-commerce,0,4240,2844,0.000141163
expert,0,4240,2844,0.000141163
manipulate,0,4240,2844,0.000141163
swipe,0,4240,2844,0.000141163
dawn,0,4240,2844,0.000141163
evan,0,4240,2844,0.000141163
exec,0,4240,2844,0.000141163
seri,0,4240,2844,0.000141163
operation,0,4240,2844,0.000141163
holographic,0,4240,2844,0.000141163
vision,0,4240,2844,0.000141163
governance,0,4240,2844,0.000141163
exam,0,4240,2844,0.000141163
appli,0,4240,2844,0.000141163
critic,0,4240,2844,0.000141163
friendliness,0,4240,2844,0.000141163
branch,0,4240,2844,0.000141163
appliance,0,4240,2844,0.000141163
hybrid,0,4240,2844,0.000141163
gateway,0,4240,2844,0.000141163
fanatic,0,4240,2844,0.000141163
secur,0,4240,2844,0.000141163
certificate,0,4240,2844,0.000141163
brief,0,4240,2844,0.000141163
intelligence,0,4240,2844,0.000141163
studio,0,4240,2844,0.000141163
package,0,4240,2844,0.000141163
wonderful,0,4240,2844,0.000141163
orlando,0,4240,2844,0.000141163
automation,0,4240,2844,0.000141163
disney,0,4240,2844,0.000141163
course,0,4240,2844,0.000141163
persona,0,4240,2844,0.000141163
celebriti,0,4240,2844,0.000141163
road,0,4240,2844,0.000141163
newly,0,4240,2844,0.000141163
testimonial,0,4240,2844,0.000141163
seriou,0,4240,2844,0.000141163
view,0,4240,2844,0.000141163
connectivity,0,4240,2844,0.000141163
breakfast,0,4240,2844,0.000141163
slam,0,4240,2844,0.000141163
refine,0,4240,2844,0.000141163
regard,0,4240,2844,0.000141163
sugar,0,4240,2844,0.000141163
database,0,4240,2844,0.000141163
structure,0,4240,2844,0.000141163
accelerate,0,4240,2844,0.000141163
var,0,4240,2844,0.000141163
lucky,0,4240,2844,0.000141163
19th,0,4240,2844,0.000141163
department,0,4240,2844,0.000141163
justice,0,4240,2844,0.000141163
began,0,4240,2844,0.000141163
obsolete,0,4240,2844,0.000141163
flood,0,4240,2844,0.000141163
crisi,0,4240,2844,0.000141163
bangkok,0,4240,2844,0.000141163
county,0,4240,2844,0.000141163
automate,0,4240,2844,0.000141163
optimization,0,4240,2844,0.000141163
visibility,0,4240,2844,0.000141163
publish,0,4240,2844,0.000141163
cookbook,0,4240,2844,0.000141163
disguise,0,4240,2844,0.000141163
amateur,0,4240,2844,0.000141163
obviou,0,4240,2844,0.000141163
voucher,0,4240,2844,0.000141163
quarterly,0,4240,2844,0.000141163
implement,0,4240,2844,0.000141163
prompt,0,4240,2844,0.000141163
elevate,0,4240,2844,0.000141163
silently,0,4240,2844,0.000141163
academy,0,4240,2844,0.000141163
kenya,0,4240,2844,0.000141163
east,0,4240,2844,0.000141163
southern,0,4240,2844,0.000141163
multimedia,0,4240,2844,0.000141163
stravinsky,0,4240,2844,0.000141163
cd-rom,0,4240,2844,0.000141163
notebook,0,4240,2844,0.000141163
plug,0,4240,2844,0.000141163
installation,0,4240,2844,0.000141163
trashe,0,4240,2844,0.000141163
credential,0,4240,2844,0.000141163
director,0,4240,2844,0.000141163
consult,0,4240,2844,0.000141163
oracle,0,4240,2844,0.000141163
trade,0,4240,2844,0.000141163
packag,0,4240,2844,0.000141163
david,0,4240,2844,0.000141163
seize,0,4240,2844,0.000141163
boss,0,4240,2844,0.000141163
tile,0,4240,2844,0.000141163
heaven,0,4240,2844,0.000141163
gadgeteer,0,4240,2844,0.000141163
stimulate,0,4240,2844,0.000141163
playback,0,4240,2844,0.000141163
badge,0,4240,2844,0.000141163
additional,0,4240,2844,0.000141163
internal,0,4240,2844,0.000141163
greenest,0,4240,2844,0.000141163
danger,0,4240,2844,0.000141163
anonymou,0,4240,2844,0.000141163
example,0,4240,2844,0.000141163
pitman,0,4240,2844,0.000141163
customize,0,4240,2844,0.000141163
scam,0,4240,2844,0.000141163
viru,0,4240,2844,0.000141163
potential,0,4240,2844,0.000141163
qualification,0,4240,2844,0.000141163
lay,0,4240,2844,0.000141163
toulouse,0,4240,2844,0.000141163
achiev,0,4240,2844,0.000141163
mill,0,4240,2844,0.000141163
transaction,0,4240,2844,0.000141163
garner,0,4240,2844,0.000141163
organise,0,4240,2844,0.000141163
gold,0,4240,2844,0.000141163
tumble,0,4240,2844,0.000141163
dozen,0,4240,2844,0.000141163
organize,0,4240,2844,0.000141163
emergency,0,4240,2844,0.000141163
seat,0,4240,2844,0.000141163
delaware,0,4240,2844,0.000141163
projector,0,4240,2844,0.000141163
south,0,4240,2844,0.000141163
richmond,0,4240,2844,0.000141163
backyard,0,4240,2844,0.000141163
queue,0,4240,2844,0.000141163
workspace,0,4240,2844,0.000141163
ti,0,4240,2844,0.000141163
fri,0,4240,2844,0.000141163
balance,0,4240,2844,0.000141163
surpass,0,4240,2844,0.000141163
government,0,4240,2844,0.000141163
blob,0,4240,2844,0.000141163
milky,0,4240,2844,0.000141163
film,0,4240,2844,0.000141163
busyness,0,4240,2844,0.000141163
pocket,0,4240,2844,0.000141163
handheld,0,4240,2844,0.000141163
sterl,0,4240,2844,0.000141163
resume,0,4240,2844,0.000141163
consideration,0,4240,2844,0.000141163
algeria,0,4240,2844,0.000141163
britain,0,4240,2844,0.000141163
attract,0,4240,2844,0.000141163
shot,0,4240,2844,0.000141163
custom,0,4240,2844,0.000141163
sort,0,4240,2844,0.000141163
categori,0,4240,2844,0.000141163
wire,0,4240,2844,0.000141163
comput,0,4240,2844,0.000141163
escape,0,4240,2844,0.000141163
cake,0,4240,2844,0.000141163
involv,0,4240,2844,0.000141163
balm,0,4240,2844,0.000141163
royalti,0,4240,2844,0.000141163
pastel,0,4240,2844,0.000141163
physical,0,4240,2844,0.000141163
creator,0,4240,2844,0.000141163
driver,0,4240,2844,0.000141163
administrator,0,4240,2844,0.000141163
consultant,0,4240,2844,0.000141163
trainer,0,4240,2844,0.000141163
bank,0,4240,2844,0.000141163
hype,0,4240,2844,0.000141163
workload,0,4240,2844,0.000141163
qualify,0,4240,2844,0.000141163
todd,0,4240,2844,0.000141163
eight,0,4240,2844,0.000141163
adoption,0,4240,2844,0.000141163
practical,0,4240,2844,0.000141163
apron,0,4240,2844,0.000141163
foodie,0,4240,2844,0.000141163
sesame,0,4240,2844,0.000141163
national,0,4240,2844,0.000141163
geographic,0,4240,2844,0.000141163
tango,0,4240,2844,0.000141163
apollo,0,4240,2844,0.000141163
complicate,0,4240,2844,0.000141163
rescue,0,4240,2844,0.000141163
ensemble,0,4240,2844,0.000141163
incentive,0,4240,2844,0.000141163
belle,0,4240,2844,0.000141163
bug,0,4240,2844,0.000141163
tester,0,4240,2844,0.000141163
cerulean,0,4240,2844,0.000141163
size,0,4240,2844,0.000141163
freez,0,4240,2844,0.000141163
demonstrate,0,4240,2844,0.000141163
apart,0,4240,2844,0.000141163
genuine,0,4240,2844,0.000141163
fake,0,4240,2844,0.000141163
scammer,0,4240,2844,0.000141163
lure,0,4240,2844,0.000141163
grant,0,4240,2844,0.000141163
pinball,0,4240,2844,0.000141163
table,0,4240,2844,0.000141163
strongly,0,4240,2844,0.000141163
recommend,0,4240,2844,0.000141163
contest,0,4240,2844,0.000141163
chariti,0,4240,2844,0.000141163
unfortunately,0,4240,2844,0.000141163
catchment,0,4240,2844,0.000141163
cloth,0,4240,2844,0.000141163
alchemy,0,4240,2844,0.000141163
exclude,0,4240,2844,0.000141163
scribble,0,4240,2844,0.000141163
anti,0,4240,2844,0.000141163
expos,0,4240,2844,0.000141163
kept,0,4240,2844,0.000141163
fell,0,4240,2844,0.000141163
exist,0,4240,2844,0.000141163
realisation,0,4240,2844,0.000141163
complex,0,4240,2844,0.000141163
angle,0,4240,2844,0.000141163
contrast,0,4240,2844,0.000141163
portal,0,4240,2844,0.000141163
finalise,0,4240,2844,0.000141163
dodg,0,4240,2844,0.000141163
bullet,0,4240,2844,0.000141163
acquire,0,4240,2844,0.000141163
exact,0,4240,2844,0.000141163
favor,0,4240,2844,0.000141163
fresh,0,4240,2844,0.000141163
disclos,0,4240,2844,0.000141163
nascent,0,4240,2844,0.000141163
exploit,0,4240,2844,0.000141163
pose,0,4240,2844,0.000141163
rookie,0,4240,2844,0.000141163
veteran,0,4240,2844,0.000141163
tier,0,4240,2844,0.000141163
natural,0,4240,2844,0.000141163
ergonomic,0,4240,2844,0.000141163
guard,0,4240,2844,0.000141163
creation,0,4240,2844,0.000141163
range,0,4240,2844,0.000141163
tick,0,4240,2844,0.000141163
vouch,0,4240,2844,0.000141163
programmer,0,4240,2844,0.000141163
ethical,0,4240,2844,0.000141163
interactive,0,4240,2844,0.000141163
winner,0,4240,2844,0.000141163
sweepstake,0,4240,2844,0.000141163
log-in,0,4240,2844,0.000141163
competitor,0,4240,2844,0.000141163
dryad,0,4240,2844,0.000141163
mary,0,4240,2844,0.000141163
basically,0,4240,2844,0.000141163
glorifi,0,4240,2844,0.000141163
approache,0,4240,2844,0.000141163
wild,0,4240,2844,0.000141163
follower,0,4240,2844,0.000141163
giveaway,0,4240,2844,0.000141163
mock,0,4240,2844,0.000141163
circuit,0,4240,2844,0.000141163
saint,0,4240,2844,0.000141163
doughnut,0,4240,2844,0.000141163
dinner,0,4240,2844,0.000141163
techno,0,4240,2844,0.000141163
depot,0,4240,2844,0.000141163
shopper,0,4240,2844,0.000141163
distribution,0,4240,2844,0.000141163
philip,0,4240,2844,0.000141163
nobel,0,4240,2844,0.000141163
writer,0,4240,2844,0.000141163
squar,0,4240,2844,0.000141163
corner,0,4240,2844,0.000141163
wary,0,4240,2844,0.000141163
soft,0,4240,2844,0.000141163
proxy,0,4240,2844,0.000141163
unblock,0,4240,2844,0.000141163
plush,0,4240,2844,0.000141163
turret,0,4240,2844,0.000141163
deploy,0,4240,2844,0.000141163
