Words,Features,# of words in microsoft,# of unique words in all documents,Condition prob of given word in microsoft
apple,27,3242,2844,0.004600723
crack,0,3242,2844,0.000164312
ad,0,3242,2844,0.000164312
carrier,0,3242,2844,0.000164312
support,5,3242,2844,0.000985869
announc,0,3242,2844,0.000164312
hilariou,0,3242,2844,0.000164312
video,8,3242,2844,0.001478804
duet,0,3242,2844,0.000164312
pretty,1,3242,2844,0.000328623
much,4,3242,2844,0.000821558
sum,0,3242,2844,0.000164312
love,9,3242,2844,0.001643115
affair,0,3242,2844,0.000164312
made,4,3242,2844,0.000821558
easy,0,3242,2844,0.000164312
switch,0,3242,2844,0.000164312
realize,0,3242,2844,0.000164312
reason,0,3242,2844,0.000164312
twitter,2,3242,2844,0.000492935
thank,14,3242,2844,0.002464673
current,1,3242,2844,0.000328623
blackberry,0,3242,2844,0.000164312
user,17,3242,2844,0.002957608
little,1,3242,2844,0.000328623
disappoint,2,3242,2844,0.000492935
move,6,3242,2844,0.001150181
android,45,3242,2844,0.007558331
strangest,0,3242,2844,0.000164312
thing,3,3242,2844,0.000657246
said,1,3242,2844,0.000328623
glad,3,3242,2844,0.000657246
gave,2,3242,2844,0.000492935
sense,1,3242,2844,0.000328623
humor,0,3242,2844,0.000164312
great,12,3242,2844,0.00213605
close,0,3242,2844,0.000164312
personal,4,3242,2844,0.000821558
event,2,3242,2844,0.000492935
tonight,1,3242,2844,0.000328623
regent,0,3242,2844,0.000164312
store,13,3242,2844,0.002300361
compani,2,3242,2844,0.000492935
experience,1,3242,2844,0.000328623
best,3,3242,2844,0.000657246
customer,5,3242,2844,0.000985869
service,12,3242,2844,0.00213605
aside,0,3242,2844,0.000164312
apply,4,3242,2844,0.000821558
hope,2,3242,2844,0.000492935
call,8,3242,2844,0.001478804
think,3,3242,2844,0.000657246
magical,0,3242,2844,0.000164312
dy,0,3242,2844,0.000164312
suggest,1,3242,2844,0.000328623
find,2,3242,2844,0.000492935
whore,0,3242,2844,0.000164312
hide,0,3242,2844,0.000164312
body,6,3242,2844,0.001150181
register,6,3242,2844,0.001150181
developer,10,3242,2844,0.001807427
actually,1,3242,2844,0.000328623
help,4,3242,2844,0.000821558
greatly,0,3242,2844,0.000164312
appreciate,1,3242,2844,0.000328623
deal,10,3242,2844,0.001807427
first,2,3242,2844,0.000492935
model,1,3242,2844,0.000328623
offer,7,3242,2844,0.001314492
refurbish,0,3242,2844,0.000164312
come,9,3242,2844,0.001643115
dark,0,3242,2844,0.000164312
side,0,3242,2844,0.000164312
send,2,3242,2844,0.000492935
free,15,3242,2844,0.002628985
publicly,1,3242,2844,0.000328623
ceremoniously,0,3242,2844,0.000164312
burn,0,3242,2844,0.000164312
version,7,3242,2844,0.001314492
locate,0,3242,2844,0.000164312
wipe,0,3242,2844,0.000164312
stolen,0,3242,2844,0.000164312
garden,0,3242,2844,0.000164312
replac,0,3242,2844,0.000164312
lunch,1,3242,2844,0.000328623
break,0,3242,2844,0.000164312
today,4,3242,2844,0.000821558
warranty,0,3242,2844,0.000164312
replace,0,3242,2844,0.000164312
bound,0,3242,2844,0.000164312
playbook,0,3242,2844,0.000164312
team,1,3242,2844,0.000328623
amaz,1,3242,2844,0.000328623
featur,3,3242,2844,0.000657246
education,3,3242,2844,0.000657246
sweet,0,3242,2844,0.000164312
want,15,3242,2844,0.002628985
done,2,3242,2844,0.000492935
right,3,3242,2844,0.000657246
useless,0,3242,2844,0.000164312
day,1,3242,2844,0.000328623
unexpect,0,3242,2844,0.000164312
workshop,1,3242,2844,0.000328623
Yesterday,0,3242,2844,0.000164312
awesome,2,3242,2844,0.000492935
amount,0,3242,2844,0.000164312
info,4,3242,2844,0.000821558
question,1,3242,2844,0.000328623
people,7,3242,2844,0.001314492
bitch,0,3242,2844,0.000164312
smartest,0,3242,2844,0.000164312
phone,44,3242,2844,0.007394019
ever,5,3242,2844,0.000985869
happy,0,3242,2844,0.000164312
point,1,3242,2844,0.000328623
mentor,0,3242,2844,0.000164312
triple,0,3242,2844,0.000164312
umber,0,3242,2844,0.000164312
well,2,3242,2844,0.000492935
mobile,12,3242,2844,0.00213605
device,8,3242,2844,0.001478804
talk,8,3242,2844,0.001478804
desktop,0,3242,2844,0.000164312
coach,0,3242,2844,0.000164312
bring,8,3242,2844,0.001478804
wish,1,3242,2844,0.000328623
sell,1,3242,2844,0.000328623
million,1,3242,2844,0.000328623
unit,0,3242,2844,0.000164312
weekend,0,3242,2844,0.000164312
job,5,3242,2844,0.000985869
brilliance,0,3242,2844,0.000164312
live,17,3242,2844,0.002957608
apologize,0,3242,2844,0.000164312
download,3,3242,2844,0.000657246
prove,7,3242,2844,0.001314492
popular,0,3242,2844,0.000164312
look,14,3242,2844,0.002464673
argument,0,3242,2844,0.000164312
incredible,0,3242,2844,0.000164312
better,4,3242,2844,0.000821558
save,1,3242,2844,0.000328623
unwant,0,3242,2844,0.000164312
seen,1,3242,2844,0.000328623
light,0,3242,2844,0.000164312
fix,3,3242,2844,0.000657246
battery,1,3242,2844,0.000328623
drain,0,3242,2844,0.000164312
problem,0,3242,2844,0.000164312
replacement,0,3242,2844,0.000164312
work,14,3242,2844,0.002464673
like,16,3242,2844,0.002793296
champ,0,3242,2844,0.000164312
currently,1,3242,2844,0.000328623
order,0,3242,2844,0.000164312
brand,2,3242,2844,0.000492935
Year,9,3242,2844,0.001643115
miss,1,3242,2844,0.000328623
time,12,3242,2844,0.00213605
bless,0,3242,2844,0.000164312
know,9,3242,2844,0.001643115
brother,0,3242,2844,0.000164312
girlfriend,0,3242,2844,0.000164312
least,0,3242,2844,0.000164312
wait,5,3242,2844,0.000985869
music,0,3242,2844,0.000164312
glass,0,3242,2844,0.000164312
debut,1,3242,2844,0.000328623
technology,10,3242,2844,0.001807427
unreal,0,3242,2844,0.000164312
update,12,3242,2844,0.00213605
another,5,3242,2844,0.000985869
mention,1,3242,2844,0.000328623
get,6,3242,2844,0.001150181
forward,0,3242,2844,0.000164312
stick,0,3242,2844,0.000164312
longer,0,3242,2844,0.000164312
pay,2,3242,2844,0.000492935
text,0,3242,2844,0.000164312
hate,5,3242,2844,0.000985869
computer,14,3242,2844,0.002464673
need,12,3242,2844,0.00213605
mack,0,3242,2844,0.000164312
flawless,0,3242,2844,0.000164312
cloud,33,3242,2844,0.005586592
totally,0,3242,2844,0.000164312
email,3,3242,2844,0.000657246
company,2,3242,2844,0.000492935
alway,0,3242,2844,0.000164312
upgrade,3,3242,2844,0.000657246
nice,1,3242,2844,0.000328623
tech,21,3242,2844,0.003614854
mall,0,3242,2844,0.000164312
faster,0,3242,2844,0.000164312
even,4,3242,2844,0.000821558
though,5,3242,2844,0.000985869
hubby,1,3242,2844,0.000328623
geek,4,3242,2844,0.000821558
make,15,3242,2844,0.002628985
thankful,0,3242,2844,0.000164312
go,3,3242,2844,0.000657246
beyond,0,3242,2844,0.000164312
sick,0,3242,2844,0.000164312
play,6,3242,2844,0.001150181
camera,1,3242,2844,0.000328623
Yeah,3,3242,2844,0.000657246
chang,0,3242,2844,0.000164312
life,1,3242,2844,0.000328623
safari,0,3242,2844,0.000164312
reader,1,3242,2844,0.000328623
own,1,3242,2844,0.000328623
worldwide,0,3242,2844,0.000164312
case,3,3242,2844,0.000657246
hand,11,3242,2844,0.001971738
walk,1,3242,2844,0.000328623
laid,0,3242,2844,0.000164312
next,6,3242,2844,0.001150181
last,2,3242,2844,0.000492935
us,11,3242,2844,0.001971738
disruption,0,3242,2844,0.000164312
lost,1,3242,2844,0.000328623
gig,0,3242,2844,0.000164312
keep,5,3242,2844,0.000985869
Yessss,0,3242,2844,0.000164312
especially,0,3242,2844,0.000164312
slide,0,3242,2844,0.000164312
screen,10,3242,2844,0.001807427
good,14,3242,2844,0.002464673
second,0,3242,2844,0.000164312
madness,0,3242,2844,0.000164312
invest,0,3242,2844,0.000164312
gear,0,3242,2844,0.000164312
sent,0,3242,2844,0.000164312
grandma,0,3242,2844,0.000164312
post,6,3242,2844,0.001150181
card,3,3242,2844,0.000657246
sorry,1,3242,2844,0.000328623
put,0,3242,2844,0.000164312
wash,0,3242,2844,0.000164312
kind,1,3242,2844,0.000328623
equivalent,0,3242,2844,0.000164312
blend,0,3242,2844,0.000164312
hear,3,3242,2844,0.000657246
still,10,3242,2844,0.001807427
alive,0,3242,2844,0.000164312
launder,0,3242,2844,0.000164312
finest,0,3242,2844,0.000164312
moment,1,3242,2844,0.000328623
dry,0,3242,2844,0.000164312
organic,0,3242,2844,0.000164312
rice,0,3242,2844,0.000164312
boot,2,3242,2844,0.000492935
system,4,3242,2844,0.000821558
smash,0,3242,2844,0.000164312
lock,0,3242,2844,0.000164312
open,13,3242,2844,0.002300361
unlock,0,3242,2844,0.000164312
word,6,3242,2844,0.001150181
sale,5,3242,2844,0.000985869
four,0,3242,2844,0.000164312
easter,0,3242,2844,0.000164312
egg,0,3242,2844,0.000164312
pull,0,3242,2844,0.000164312
middle,0,3242,2844,0.000164312
bottom,0,3242,2844,0.000164312
feature,1,3242,2844,0.000328623
simply,0,3242,2844,0.000164312
must,0,3242,2844,0.000164312
admit,1,3242,2844,0.000328623
camper,0,3242,2844,0.000164312
tone,0,3242,2844,0.000164312
ring,1,3242,2844,0.000328623
drake,0,3242,2844,0.000164312
receiv,1,3242,2844,0.000328623
ipod,0,3242,2844,0.000164312
wife,0,3242,2844,0.000164312
upgrad,1,3242,2844,0.000328623
alone,1,3242,2844,0.000328623
worth,0,3242,2844,0.000164312
continu,0,3242,2844,0.000164312
enhance,1,3242,2844,0.000328623
honor,0,3242,2844,0.000164312
truly,0,3242,2844,0.000164312
loss,0,3242,2844,0.000164312
geniu,2,3242,2844,0.000492935
notifi,0,3242,2844,0.000164312
arriv,0,3242,2844,0.000164312
local,2,3242,2844,0.000492935
office,14,3242,2844,0.002464673
deliver,3,3242,2844,0.000657246
sunday,0,3242,2844,0.000164312
magic,0,3242,2844,0.000164312
meet,2,3242,2844,0.000492935
butler,0,3242,2844,0.000164312
click,0,3242,2844,0.000164312
link,0,3242,2844,0.000164312
never,4,3242,2844,0.000821558
feel,5,3242,2844,0.000985869
worst,0,3242,2844,0.000164312
speaker,0,3242,2844,0.000164312
spoil,0,3242,2844,0.000164312
luck,0,3242,2844,0.000164312
surviv,1,3242,2844,0.000328623
addict,0,3242,2844,0.000164312
welcome,2,3242,2844,0.000492935
club,0,3242,2844,0.000164312
innovation,5,3242,2844,0.000985869
exhibit,0,3242,2844,0.000164312
instead,2,3242,2844,0.000492935
watch,4,3242,2844,0.000821558
game,2,3242,2844,0.000492935
sport,0,3242,2844,0.000164312
hiss,0,3242,2844,0.000164312
berry,0,3242,2844,0.000164312
power,3,3242,2844,0.000657246
guy,3,3242,2844,0.000657246
witchcraft,0,3242,2844,0.000164312
lead,0,3242,2844,0.000164312
notification,0,3242,2844,0.000164312
search,22,3242,2844,0.003779165
cover,2,3242,2844,0.000492935
mail,2,3242,2844,0.000492935
wifi,0,3242,2844,0.000164312
sync,0,3242,2844,0.000164312
backup,1,3242,2844,0.000328623
integrate,3,3242,2844,0.000657246
jame,0,3242,2844,0.000164312
stewart,0,3242,2844,0.000164312
story,0,3242,2844,0.000164312
importance,0,3242,2844,0.000164312
architecture,0,3242,2844,0.000164312
retail,1,3242,2844,0.000328623
success,2,3242,2844,0.000492935
world,9,3242,2844,0.001643115
impressive,2,3242,2844,0.000492935
metro,6,3242,2844,0.001150181
centre,1,3242,2844,0.000328623
cable,0,3242,2844,0.000164312
book,1,3242,2844,0.000328623
grati,0,3242,2844,0.000164312
show,11,3242,2844,0.001971738
hairline,0,3242,2844,0.000164312
happen,2,3242,2844,0.000492935
edge,3,3242,2844,0.000657246
taken,0,3242,2844,0.000164312
min,2,3242,2844,0.000492935
write,0,3242,2844,0.000164312
convert,0,3242,2844,0.000164312
grass,0,3242,2844,0.000164312
greener,0,3242,2844,0.000164312
backside,0,3242,2844,0.000164312
impress,1,3242,2844,0.000328623
space,0,3242,2844,0.000164312
creative,0,3242,2844,0.000164312
product,5,3242,2844,0.000985869
inspire,2,3242,2844,0.000492935
unbelievable,0,3242,2844,0.000164312
present,3,3242,2844,0.000657246
requir,0,3242,2844,0.000164312
finally,6,3242,2844,0.001150181
stupid,1,3242,2844,0.000328623
learn,18,3242,2844,0.003121919
lesson,0,3242,2844,0.000164312
absolutely,0,3242,2844,0.000164312
invent,0,3242,2844,0.000164312
parent,2,3242,2844,0.000492935
listen,1,3242,2844,0.000328623
create,6,3242,2844,0.001150181
folder,1,3242,2844,0.000328623
within,1,3242,2844,0.000328623
photo,0,3242,2844,0.000164312
album,0,3242,2844,0.000164312
thorn,0,3242,2844,0.000164312
workstation,0,3242,2844,0.000164312
di,0,3242,2844,0.000164312
month,6,3242,2844,0.001150181
long,0,3242,2844,0.000164312
hello,0,3242,2844,0.000164312
really,5,3242,2844,0.000985869
throw,1,3242,2844,0.000328623
trash,0,3242,2844,0.000164312
upload,1,3242,2844,0.000328623
issue,5,3242,2844,0.000985869
submit,0,3242,2844,0.000164312
idea,3,3242,2844,0.000657246
beta,2,3242,2844,0.000492935
crazy,0,3242,2844,0.000164312
crop,0,3242,2844,0.000164312
prop,0,3242,2844,0.000164312
employee,4,3242,2844,0.000821558
charge,0,3242,2844,0.000164312
back,8,3242,2844,0.001478804
plate,0,3242,2844,0.000164312
mouse,3,3242,2844,0.000657246
voice,1,3242,2844,0.000328623
recognition,0,3242,2844,0.000164312
step,6,3242,2844,0.001150181
previou,0,3242,2844,0.000164312
attempt,0,3242,2844,0.000164312
bravo,0,3242,2844,0.000164312
sprint,1,3242,2844,0.000328623
expect,1,3242,2844,0.000328623
touch,4,3242,2844,0.000821558
coolness,0,3242,2844,0.000164312
apparently,0,3242,2844,0.000164312
storage,0,3242,2844,0.000164312
tell,3,3242,2844,0.000657246
full,2,3242,2844,0.000492935
expensive,0,3242,2844,0.000164312
went,1,3242,2844,0.000328623
loyalty,0,3242,2844,0.000164312
kill,3,3242,2844,0.000657246
tune,0,3242,2844,0.000164312
lonely,0,3242,2844,0.000164312
silly,0,3242,2844,0.000164312
hurry,0,3242,2844,0.000164312
release,6,3242,2844,0.001150181
exchange,7,3242,2844,0.001314492
cord,0,3242,2844,0.000164312
airdrop,0,3242,2844,0.000164312
fail,10,3242,2844,0.001807427
immediate,1,3242,2844,0.000328623
declin,0,3242,2844,0.000164312
request,0,3242,2844,0.000164312
every,1,3242,2844,0.000328623
article,0,3242,2844,0.000164312
fuck,0,3242,2844,0.000164312
lion,0,3242,2844,0.000164312
future,6,3242,2844,0.001150181
complain,0,3242,2844,0.000164312
Yellow,0,3242,2844,0.000164312
tint,0,3242,2844,0.000164312
contact,0,3242,2844,0.000164312
picture,1,3242,2844,0.000328623
list,1,3242,2844,0.000328623
simple,1,3242,2844,0.000328623
major,0,3242,2844,0.000164312
ask,0,3242,2844,0.000164312
dream,0,3242,2844,0.000164312
electric,0,3242,2844,0.000164312
sleep,0,3242,2844,0.000164312
answer,0,3242,2844,0.000164312
opportunity,0,3242,2844,0.000164312
surprise,0,3242,2844,0.000164312
error,2,3242,2844,0.000492935
alert,0,3242,2844,0.000164312
authorize,0,3242,2844,0.000164312
button,1,3242,2844,0.000328623
evil,1,3242,2844,0.000328623
lord,0,3242,2844,0.000164312
blaze,0,3242,2844,0.000164312
inferno,0,3242,2844,0.000164312
obviously,0,3242,2844,0.000164312
noth,1,3242,2844,0.000328623
perfect,1,3242,2844,0.000328623
opposite,0,3242,2844,0.000164312
please,10,3242,2844,0.001807427
delete,1,3242,2844,0.000328623
dick,0,3242,2844,0.000164312
sign,5,3242,2844,0.000985869
seriously,3,3242,2844,0.000657246
of,0,3242,2844,0.000164312
clue,0,3242,2844,0.000164312
mean,1,3242,2844,0.000328623
authorization,0,3242,2844,0.000164312
harder,0,3242,2844,0.000164312
purchas,0,3242,2844,0.000164312
shit,1,3242,2844,0.000328623
data,7,3242,2844,0.001314492
media,3,3242,2844,0.000657246
take,3,3242,2844,0.000657246
rebuild,0,3242,2844,0.000164312
vega,0,3242,2844,0.000164312
give,8,3242,2844,0.001478804
hour,2,3242,2844,0.000492935
wonky,0,3242,2844,0.000164312
dear,1,3242,2844,0.000328623
destroy,1,3242,2844,0.000328623
productivity,3,3242,2844,0.000657246
lack,0,3242,2844,0.000164312
frustrate,0,3242,2844,0.000164312
ruin,1,3242,2844,0.000328623
turn,15,3242,2844,0.002628985
utterly,0,3242,2844,0.000164312
pile,1,3242,2844,0.000328623
sure,3,3242,2844,0.000657246
duff,0,3242,2844,0.000164312
almost,2,3242,2844,0.000492935
week,8,3242,2844,0.001478804
paid,1,3242,2844,0.000328623
match,1,3242,2844,0.000328623
remov,0,3242,2844,0.000164312
hard,3,3242,2844,0.000657246
suck,3,3242,2844,0.000657246
interest,5,3242,2844,0.000985869
note,0,3242,2844,0.000164312
removable,0,3242,2844,0.000164312
launch,8,3242,2844,0.001478804
can,0,3242,2844,0.000164312
jackass,0,3242,2844,0.000164312
shoot,0,3242,2844,0.000164312
shuffle,0,3242,2844,0.000164312
sound,3,3242,2844,0.000657246
quality,2,3242,2844,0.000492935
painfully,0,3242,2844,0.000164312
crap,0,3242,2844,0.000164312
downgrade,0,3242,2844,0.000164312
wise,1,3242,2844,0.000328623
slow,1,3242,2844,0.000328623
stuck,0,3242,2844,0.000164312
half,2,3242,2844,0.000492935
thankfully,0,3242,2844,0.000164312
damage,0,3242,2844,0.000164312
thorough,0,3242,2844,0.000164312
cost,2,3242,2844,0.000492935
mightily,0,3242,2844,0.000164312
include,1,3242,2844,0.000328623
song,0,3242,2844,0.000164312
compilation,0,3242,2844,0.000164312
artist,0,3242,2844,0.000164312
name,2,3242,2844,0.000492935
exclaim,0,3242,2844,0.000164312
whole,1,3242,2844,0.000328623
total,1,3242,2844,0.000328623
chao,0,3242,2844,0.000164312
street,0,3242,2844,0.000164312
ethiopian,0,3242,2844,0.000164312
feed,0,3242,2844,0.000164312
station,0,3242,2844,0.000164312
believe,0,3242,2844,0.000164312
cool,4,3242,2844,0.000821558
purchase,3,3242,2844,0.000657246
survey,0,3242,2844,0.000164312
correction,0,3242,2844,0.000164312
kudo,0,3242,2844,0.000164312
alamo,0,3242,2844,0.000164312
ranch,0,3242,2844,0.000164312
resolve,1,3242,2844,0.000328623
hero,0,3242,2844,0.000164312
stand,3,3242,2844,0.000657246
line,0,3242,2844,0.000164312
newest,1,3242,2844,0.000328623
sucker,0,3242,2844,0.000164312
braille,0,3242,2844,0.000164312
bump,0,3242,2844,0.000164312
crush,0,3242,2844,0.000164312
already,3,3242,2844,0.000657246
schedule,0,3242,2844,0.000164312
summer,0,3242,2844,0.000164312
thursday,0,3242,2844,0.000164312
available,17,3242,2844,0.002957608
appointment,0,3242,2844,0.000164312
allow,6,3242,2844,0.001150181
push,0,3242,2844,0.000164312
Yap,0,3242,2844,0.000164312
message,0,3242,2844,0.000164312
icon,0,3242,2844,0.000164312
includ,1,3242,2844,0.000328623
require,0,3242,2844,0.000164312
reservation,0,3242,2844,0.000164312
crappy,0,3242,2844,0.000164312
keyboard,2,3242,2844,0.000492935
around,7,3242,2844,0.001314492
progress,0,3242,2844,0.000164312
function,4,3242,2844,0.000821558
page,3,3242,2844,0.000657246
awful,0,3242,2844,0.000164312
interrupt,0,3242,2844,0.000164312
piece,0,3242,2844,0.000164312
dollar,0,3242,2844,0.000164312
charg,0,3242,2844,0.000164312
slowly,0,3242,2844,0.000164312
solve,0,3242,2844,0.000164312
pick,1,3242,2844,0.000328623
set,0,3242,2844,0.000164312
calendar,0,3242,2844,0.000164312
item,3,3242,2844,0.000657246
program,2,3242,2844,0.000492935
software,4,3242,2844,0.000821558
repair,0,3242,2844,0.000164312
proper,0,3242,2844,0.000164312
consolidation,0,3242,2844,0.000164312
stop,2,3242,2844,0.000492935
lose,5,3242,2844,0.000985869
bought,4,3242,2844,0.000821558
ship,0,3242,2844,0.000164312
enable,1,3242,2844,0.000328623
plan,8,3242,2844,0.001478804
handle,0,3242,2844,0.000164312
prevent,0,3242,2844,0.000164312
audio,0,3242,2844,0.000164312
operate,2,3242,2844,0.000492935
properly,0,3242,2844,0.000164312
hater,0,3242,2844,0.000164312
buttery,0,3242,2844,0.000164312
finish,1,3242,2844,0.000328623
fast,4,3242,2844,0.000821558
signal,0,3242,2844,0.000164312
rapidly,0,3242,2844,0.000164312
canon,0,3242,2844,0.000164312
compact,0,3242,2844,0.000164312
flash,0,3242,2844,0.000164312
goe,0,3242,2844,0.000164312
damn,0,3242,2844,0.000164312
term,1,3242,2844,0.000328623
condition,0,3242,2844,0.000164312
read,4,3242,2844,0.000821558
late,1,3242,2844,0.000328623
screw,0,3242,2844,0.000164312
alarm,0,3242,2844,0.000164312
dose,0,3242,2844,0.000164312
decide,0,3242,2844,0.000164312
freeze,2,3242,2844,0.000492935
wont,0,3242,2844,0.000164312
annoy,1,3242,2844,0.000328623
officially,1,3242,2844,0.000328623
boycot,0,3242,2844,0.000164312
curse,0,3242,2844,0.000164312
wast,1,3242,2844,0.000328623
seek,2,3242,2844,0.000492935
japan,0,3242,2844,0.000164312
australia,0,3242,2844,0.000164312
patent,6,3242,2844,0.001150181
intensifi,0,3242,2844,0.000164312
injunction,0,3242,2844,0.000164312
sought,0,3242,2844,0.000164312
dead,1,3242,2844,0.000328623
restore,0,3242,2844,0.000164312
pain,1,3242,2844,0.000328623
room,0,3242,2844,0.000164312
undo,0,3242,2844,0.000164312
garbage,0,3242,2844,0.000164312
avail,0,3242,2844,0.000164312
site,1,3242,2844,0.000328623
browser,1,3242,2844,0.000328623
trouble,0,3242,2844,0.000164312
brightness,0,3242,2844,0.000164312
remember,0,3242,2844,0.000164312
enter,0,3242,2844,0.000164312
market,5,3242,2844,0.000985869
piss,0,3242,2844,0.000164312
certain,0,3242,2844,0.000164312
worse,3,3242,2844,0.000657246
newton,0,3242,2844,0.000164312
hockey,0,3242,2844,0.000164312
puck,0,3242,2844,0.000164312
painful,0,3242,2844,0.000164312
invention,1,3242,2844,0.000328623
account,3,3242,2844,0.000657246
suddenly,0,3242,2844,0.000164312
address,1,3242,2844,0.000328623
someone,0,3242,2844,0.000164312
window,67,3242,2844,0.011173184
compatible,0,3242,2844,0.000164312
care,0,3242,2844,0.000164312
restor,0,3242,2844,0.000164312
restriction,0,3242,2844,0.000164312
none,0,3242,2844,0.000164312
seemingly,0,3242,2844,0.000164312
endless,0,3242,2844,0.000164312
loop,0,3242,2844,0.000164312
investigate,0,3242,2844,0.000164312
terrible,0,3242,2844,0.000164312
apology,0,3242,2844,0.000164312
busy,0,3242,2844,0.000164312
stylu,0,3242,2844,0.000164312
forever,0,3242,2844,0.000164312
outside,0,3242,2844,0.000164312
daughter,0,3242,2844,0.000164312
drive,2,3242,2844,0.000492935
nut,0,3242,2844,0.000164312
blame,3,3242,2844,0.000657246
honest,1,3242,2844,0.000328623
complete,1,3242,2844,0.000328623
poor,1,3242,2844,0.000328623
slip,0,3242,2844,0.000164312
except,0,3242,2844,0.000164312
cute,0,3242,2844,0.000164312
eyelash,0,3242,2844,0.000164312
bat,0,3242,2844,0.000164312
shag,0,3242,2844,0.000164312
snatch,0,3242,2844,0.000164312
dependent,0,3242,2844,0.000164312
network,0,3242,2844,0.000164312
connection,0,3242,2844,0.000164312
utter,0,3242,2844,0.000164312
frustration,0,3242,2844,0.000164312
amus,0,3242,2844,0.000164312
seem,3,3242,2844,0.000657246
render,0,3242,2844,0.000164312
machine,1,3242,2844,0.000328623
incapable,0,3242,2844,0.000164312
zero,0,3242,2844,0.000164312
useful,0,3242,2844,0.000164312
commit,0,3242,2844,0.000164312
rain,1,3242,2844,0.000328623
soon,1,3242,2844,0.000328623
share,4,3242,2844,0.000821558
reminder,0,3242,2844,0.000164312
also,1,3242,2844,0.000328623
webpage,0,3242,2844,0.000164312
modify,0,3242,2844,0.000164312
crashe,0,3242,2844,0.000164312
congratulation,1,3242,2844,0.000328623
incompatible,0,3242,2844,0.000164312
vertical,0,3242,2844,0.000164312
mission,0,3242,2844,0.000164312
control,1,3242,2844,0.000328623
horizontal,0,3242,2844,0.000164312
business,11,3242,2844,0.001971738
nauseou,0,3242,2844,0.000164312
explain,5,3242,2844,0.000985869
distribut,0,3242,2844,0.000164312
succee,1,3242,2844,0.000328623
early,0,3242,2844,0.000164312
file,5,3242,2844,0.000985869
disappear,0,3242,2844,0.000164312
hurt,0,3242,2844,0.000164312
li,0,3242,2844,0.000164312
definitely,2,3242,2844,0.000492935
check,5,3242,2844,0.000985869
usage,0,3242,2844,0.000164312
huge,2,3242,2844,0.000492935
podcast,3,3242,2844,0.000657246
drop,7,3242,2844,0.001314492
ball,0,3242,2844,0.000164312
perhap,0,3242,2844,0.000164312
star,0,3242,2844,0.000164312
war,0,3242,2844,0.000164312
brain,0,3242,2844,0.000164312
password,0,3242,2844,0.000164312
protect,0,3242,2844,0.000164312
quickly,1,3242,2844,0.000328623
see,0,3242,2844,0.000164312
bar,1,3242,2844,0.000328623
return,0,3242,2844,0.000164312
anyway,0,3242,2844,0.000164312
start,13,3242,2844,0.002300361
knew,0,3242,2844,0.000164312
pink,0,3242,2844,0.000164312
hold,0,3242,2844,0.000164312
hindi,1,3242,2844,0.000328623
cheer,0,3242,2844,0.000164312
indian,1,3242,2844,0.000328623
language,1,3242,2844,0.000328623
warn,1,3242,2844,0.000328623
spontaneously,0,3242,2844,0.000164312
loose,0,3242,2844,0.000164312
might,2,3242,2844,0.000492935
fault,0,3242,2844,0.000164312
hopefully,0,3242,2844,0.000164312
figure,0,3242,2844,0.000164312
copy,1,3242,2844,0.000328623
hell,0,3242,2844,0.000164312
unhappy,0,3242,2844,0.000164312
change,3,3242,2844,0.000657246
input,2,3242,2844,0.000492935
number,1,3242,2844,0.000328623
handl,0,3242,2844,0.000164312
blue,4,3242,2844,0.000821558
minute,1,3242,2844,0.000328623
dupe,0,3242,2844,0.000164312
disappointment,0,3242,2844,0.000164312
inventor,0,3242,2844,0.000164312
excit,2,3242,2844,0.000492935
tragic,0,3242,2844,0.000164312
impression,0,3242,2844,0.000164312
dissent,0,3242,2844,0.000164312
multiple,5,3242,2844,0.000985869
connect,0,3242,2844,0.000164312
server,7,3242,2844,0.001314492
exercise,0,3242,2844,0.000164312
rename,0,3242,2844,0.000164312
bottleneck,0,3242,2844,0.000164312
chance,2,3242,2844,0.000492935
headphone,0,3242,2844,0.000164312
blast,0,3242,2844,0.000164312
ear,0,3242,2844,0.000164312
quite,1,3242,2844,0.000328623
obnoxiou,0,3242,2844,0.000164312
cloudy,0,3242,2844,0.000164312
techy,0,3242,2844,0.000164312
process,3,3242,2844,0.000657246
command,1,3242,2844,0.000328623
design,2,3242,2844,0.000492935
appropriately,0,3242,2844,0.000164312
project,9,3242,2844,0.001643115
resource,0,3242,2844,0.000164312
reliable,0,3242,2844,0.000164312
spoke,0,3242,2844,0.000164312
blare,0,3242,2844,0.000164312
direct,1,3242,2844,0.000328623
wrong,0,3242,2844,0.000164312
suspect,0,3242,2844,0.000164312
perfectly,0,3242,2844,0.000164312
ail,0,3242,2844,0.000164312
stink,0,3242,2844,0.000164312
inform,0,3242,2844,0.000164312
migrate,6,3242,2844,0.001150181
many,4,3242,2844,0.000821558
complaint,0,3242,2844,0.000164312
image,4,3242,2844,0.000821558
rape,0,3242,2844,0.000164312
small,1,3242,2844,0.000328623
realise,0,3242,2844,0.000164312
base,0,3242,2844,0.000164312
petty,0,3242,2844,0.000164312
original,0,3242,2844,0.000164312
location,0,3242,2844,0.000164312
domain,0,3242,2844,0.000164312
empty,0,3242,2844,0.000164312
skin,0,3242,2844,0.000164312
represent,0,3242,2844,0.000164312
tear,0,3242,2844,0.000164312
thunderbolt,0,3242,2844,0.000164312
try,1,3242,2844,0.000328623
throat,0,3242,2844,0.000164312
slower,0,3242,2844,0.000164312
nexu,0,3242,2844,0.000164312
force,0,3242,2844,0.000164312
stuff,0,3242,2844,0.000164312
upset,0,3242,2844,0.000164312
inconvenienc,0,3242,2844,0.000164312
finance,2,3242,2844,0.000492935
greedy,0,3242,2844,0.000164312
bastard,0,3242,2844,0.000164312
santa,0,3242,2844,0.000164312
jolly,0,3242,2844,0.000164312
white,4,3242,2844,0.000821558
spend,1,3242,2844,0.000328623
recover,0,3242,2844,0.000164312
immobile,0,3242,2844,0.000164312
ponder,0,3242,2844,0.000164312
difficulti,0,3242,2844,0.000164312
serv,1,3242,2844,0.000328623
sydney,0,3242,2844,0.000164312
train,7,3242,2844,0.001314492
extend,1,3242,2844,0.000328623
clock,0,3242,2844,0.000164312
tire,0,3242,2844,0.000164312
figur,0,3242,2844,0.000164312
test,10,3242,2844,0.001807427
frozen,2,3242,2844,0.000492935
perpetual,0,3242,2844,0.000164312
run,3,3242,2844,0.000657246
dodgy,0,3242,2844,0.000164312
hire,1,3242,2844,0.000328623
staff,0,3242,2844,0.000164312
took,2,3242,2844,0.000492935
told,0,3242,2844,0.000164312
needless,0,3242,2844,0.000164312
hotel,0,3242,2844,0.000164312
relax,0,3242,2844,0.000164312
overall,0,3242,2844,0.000164312
however,0,3242,2844,0.000164312
home,3,3242,2844,0.000657246
online,12,3242,2844,0.00213605
surely,0,3242,2844,0.000164312
cause,1,3242,2844,0.000328623
dilation,0,3242,2844,0.000164312
suburb,0,3242,2844,0.000164312
pin,0,3242,2844,0.000164312
state,0,3242,2844,0.000164312
clarence,0,3242,2844,0.000164312
thoma,0,3242,2844,0.000164312
toss,0,3242,2844,0.000164312
decade,0,3242,2844,0.000164312
workflow,2,3242,2844,0.000492935
standard,0,3242,2844,0.000164312
receipt,0,3242,2844,0.000164312
print,0,3242,2844,0.000164312
playlist,0,3242,2844,0.000164312
bummer,0,3242,2844,0.000164312
Yahoo,24,3242,2844,0.004107788
fantasy,0,3242,2844,0.000164312
football,0,3242,2844,0.000164312
crash,5,3242,2844,0.000985869
nansen,0,3242,2844,0.000164312
clean,1,3242,2844,0.000328623
duplicate,0,3242,2844,0.000164312
magically,0,3242,2844,0.000164312
reappear,0,3242,2844,0.000164312
key,1,3242,2844,0.000328623
often,1,3242,2844,0.000328623
mine,0,3242,2844,0.000164312
gone,0,3242,2844,0.000164312
sister,0,3242,2844,0.000164312
family,6,3242,2844,0.001150181
sloppy,0,3242,2844,0.000164312
known,0,3242,2844,0.000164312
protection,0,3242,2844,0.000164312
laptop,1,3242,2844,0.000328623
cancer,0,3242,2844,0.000164312
maybe,2,3242,2844,0.000492935
wireless,1,3242,2844,0.000328623
worri,1,3242,2844,0.000328623
say,12,3242,2844,0.00213605
toledo,0,3242,2844,0.000164312
equipment,0,3242,2844,0.000164312
broke,2,3242,2844,0.000492935
guess,3,3242,2844,0.000657246
tri,1,3242,2844,0.000328623
anymore,0,3242,2844,0.000164312
durable,0,3242,2844,0.000164312
able,0,3242,2844,0.000164312
newsstand,0,3242,2844,0.000164312
serve,0,3242,2844,0.000164312
purpose,0,3242,2844,0.000164312
easier,0,3242,2844,0.000164312
fruit,0,3242,2844,0.000164312
compar,0,3242,2844,0.000164312
google,32,3242,2844,0.005422281
crowd,0,3242,2844,0.000164312
agree,6,3242,2844,0.001150181
meant,0,3242,2844,0.000164312
buy,11,3242,2844,0.001971738
internet,1,3242,2844,0.000328623
confus,0,3242,2844,0.000164312
consider,4,3242,2844,0.000821558
plu,0,3242,2844,0.000164312
stable,0,3242,2844,0.000164312
reach,0,3242,2844,0.000164312
use,0,3242,2844,0.000164312
completely,2,3242,2844,0.000492935
warm,0,3242,2844,0.000164312
sometime,6,3242,2844,0.001150181
wall,1,3242,2844,0.000328623
remind,0,3242,2844,0.000164312
rest,0,3242,2844,0.000164312
brick,0,3242,2844,0.000164312
install,4,3242,2844,0.000821558
former,0,3242,2844,0.000164312
owner,1,3242,2844,0.000328623
baby,0,3242,2844,0.000164312
delet,0,3242,2844,0.000164312
tiger,0,3242,2844,0.000164312
wood,0,3242,2844,0.000164312
impossible,1,3242,2844,0.000328623
retrieve,0,3242,2844,0.000164312
overbear,0,3242,2844,0.000164312
polici,0,3242,2844,0.000164312
disaster,0,3242,2844,0.000164312
su,0,3242,2844,0.000164312
insurance,0,3242,2844,0.000164312
manag,2,3242,2844,0.000492935
beautiful,0,3242,2844,0.000164312
one,0,3242,2844,0.000164312
arrogant,0,3242,2844,0.000164312
inept,0,3242,2844,0.000164312
combo,0,3242,2844,0.000164312
fade,0,3242,2844,0.000164312
black,1,3242,2844,0.000328623
begin,2,3242,2844,0.000492935
vibrate,0,3242,2844,0.000164312
continuously,0,3242,2844,0.000164312
reboot,0,3242,2844,0.000164312
lame,0,3242,2844,0.000164312
roll,0,3242,2844,0.000164312
equal,0,3242,2844,0.000164312
credit,2,3242,2844,0.000492935
redeem,0,3242,2844,0.000164312
fair,0,3242,2844,0.000164312
less,2,3242,2844,0.000492935
improve,1,3242,2844,0.000328623
monday,0,3242,2844,0.000164312
access,5,3242,2844,0.000985869
premise,0,3242,2844,0.000164312
outlook,5,3242,2844,0.000985869
thunderbird,0,3242,2844,0.000164312
chrome,1,3242,2844,0.000328623
visual,2,3242,2844,0.000492935
merchandis,0,3242,2844,0.000164312
elegance,0,3242,2844,0.000164312
sequence,0,3242,2844,0.000164312
terminal,0,3242,2844,0.000164312
person,0,3242,2844,0.000164312
nonstop,0,3242,2844,0.000164312
mute,0,3242,2844,0.000164312
randomly,0,3242,2844,0.000164312
activate,1,3242,2844,0.000328623
cant,0,3242,2844,0.000164312
occur,0,3242,2844,0.000164312
folk,1,3242,2844,0.000328623
cut,0,3242,2844,0.000164312
manage,2,3242,2844,0.000492935
subscription,0,3242,2844,0.000164312
solution,14,3242,2844,0.002464673
promis,0,3242,2844,0.000164312
similar,0,3242,2844,0.000164312
bell,0,3242,2844,0.000164312
monopolistic,0,3242,2844,0.000164312
forget,1,3242,2844,0.000328623
bloody,0,3242,2844,0.000164312
stump,0,3242,2844,0.000164312
catastrophically,0,3242,2844,0.000164312
canada,0,3242,2844,0.000164312
direction,0,3242,2844,0.000164312
exclusive,0,3242,2844,0.000164312
john,1,3242,2844,0.000328623
jean,0,3242,2844,0.000164312
french,0,3242,2844,0.000164312
report,10,3242,2844,0.001807427
theft,0,3242,2844,0.000164312
bode,0,3242,2844,0.000164312
night,0,3242,2844,0.000164312
charger,0,3242,2844,0.000164312
houston,0,3242,2844,0.000164312
together,2,3242,2844,0.000492935
ford,0,3242,2844,0.000164312
focu,2,3242,2844,0.000492935
movi,0,3242,2844,0.000164312
jihad,0,3242,2844,0.000164312
adobe,3,3242,2844,0.000657246
record,0,3242,2844,0.000164312
quarter,0,3242,2844,0.000164312
bunch,0,3242,2844,0.000164312
professional,0,3242,2844,0.000164312
guesser,0,3242,2844,0.000164312
analyst,0,3242,2844,0.000164312
releas,6,3242,2844,0.001150181
possible,2,3242,2844,0.000492935
latter,0,3242,2844,0.000164312
spec,0,3242,2844,0.000164312
price,2,3242,2844,0.000492935
takeaway,0,3242,2844,0.000164312
earn,4,3242,2844,0.000821558
stay,0,3242,2844,0.000164312
competitive,0,3242,2844,0.000164312
headline,0,3242,2844,0.000164312
lower,0,3242,2844,0.000164312
pamper,0,3242,2844,0.000164312
memori,0,3242,2844,0.000164312
expand,0,3242,2844,0.000164312
countri,0,3242,2844,0.000164312
december,0,3242,2844,0.000164312
coincidence,0,3242,2844,0.000164312
virtual,3,3242,2844,0.000657246
assistant,0,3242,2844,0.000164312
robot,0,3242,2844,0.000164312
result,1,3242,2844,0.000328623
depend,0,3242,2844,0.000164312
increas,0,3242,2844,0.000164312
revenue,3,3242,2844,0.000657246
recession,0,3242,2844,0.000164312
rather,0,3242,2844,0.000164312
friend,2,3242,2844,0.000492935
choose,0,3242,2844,0.000164312
profile,1,3242,2844,0.000328623
amazon,1,3242,2844,0.000328623
log,0,3242,2844,0.000164312
troublemaker,0,3242,2844,0.000164312
struggl,0,3242,2844,0.000164312
blow,0,3242,2844,0.000164312
mind,0,3242,2844,0.000164312
gizmo,0,3242,2844,0.000164312
shut,0,3242,2844,0.000164312
wednesday,1,3242,2844,0.000328623
memorial,0,3242,2844,0.000164312
cranial,0,3242,2844,0.000164312
insertion,0,3242,2844,0.000164312
implant,0,3242,2844,0.000164312
official,1,3242,2844,0.000328623
seven,0,3242,2844,0.000164312
rule,5,3242,2844,0.000985869
weekly,0,3242,2844,0.000164312
twit,0,3242,2844,0.000164312
Young,0,3242,2844,0.000164312
foolish,0,3242,2844,0.000164312
ownership,1,3242,2844,0.000328623
resilience,0,3242,2844,0.000164312
smell,0,3242,2844,0.000164312
lawsuit,0,3242,2844,0.000164312
morn,0,3242,2844,0.000164312
remote,0,3242,2844,0.000164312
keynote,0,3242,2844,0.000164312
presentation,1,3242,2844,0.000328623
nobody,0,3242,2844,0.000164312
pith,0,3242,2844,0.000164312
navigate,0,3242,2844,0.000164312
voicemail,0,3242,2844,0.000164312
sincerely,0,3242,2844,0.000164312
household,0,3242,2844,0.000164312
mini,0,3242,2844,0.000164312
airport,0,3242,2844,0.000164312
usable,0,3242,2844,0.000164312
shari,0,3242,2844,0.000164312
explor,0,3242,2844,0.000164312
speak,3,3242,2844,0.000657246
symbol,0,3242,2844,0.000164312
relate,0,3242,2844,0.000164312
nostalgia,0,3242,2844,0.000164312
contract,1,3242,2844,0.000328623
factory,0,3242,2844,0.000164312
holder,0,3242,2844,0.000164312
spot,0,3242,2844,0.000164312
setup,0,3242,2844,0.000164312
nike,0,3242,2844,0.000164312
dedicate,0,3242,2844,0.000164312
memory,0,3242,2844,0.000164312
brilliant,0,3242,2844,0.000164312
evolution,0,3242,2844,0.000164312
inanimate,0,3242,2844,0.000164312
object,0,3242,2844,0.000164312
notic,0,3242,2844,0.000164312
tweet,1,3242,2844,0.000328623
closet,0,3242,2844,0.000164312
generation,0,3242,2844,0.000164312
contend,0,3242,2844,0.000164312
utility,0,3242,2844,0.000164312
balk,0,3242,2844,0.000164312
acquisition,1,3242,2844,0.000328623
billion,5,3242,2844,0.000985869
battl,0,3242,2844,0.000164312
consumer,3,3242,2844,0.000657246
thought,0,3242,2844,0.000164312
unique,0,3242,2844,0.000164312
wonder,3,3242,2844,0.000657246
tablet,7,3242,2844,0.001314492
battle,1,3242,2844,0.000328623
community,2,3242,2844,0.000492935
unconventional,0,3242,2844,0.000164312
leadership,0,3242,2844,0.000164312
secret,0,3242,2844,0.000164312
entire,0,3242,2844,0.000164312
giant,2,3242,2844,0.000492935
attend,3,3242,2844,0.000657246
donate,0,3242,2844,0.000164312
pancreatic,0,3242,2844,0.000164312
research,10,3242,2844,0.001807427
plank,0,3242,2844,0.000164312
daily,2,3242,2844,0.000492935
tripl,0,3242,2844,0.000164312
came,1,3242,2844,0.000328623
duplication,0,3242,2844,0.000164312
import,0,3242,2844,0.000164312
categorize,0,3242,2844,0.000164312
broken,1,3242,2844,0.000328623
place,0,3242,2844,0.000164312
section,0,3242,2844,0.000164312
let,3,3242,2844,0.000657246
fine,1,3242,2844,0.000328623
straight,1,3242,2844,0.000328623
poop,0,3242,2844,0.000164312
sarcasm,0,3242,2844,0.000164312
built-in,0,3242,2844,0.000164312
helpful,0,3242,2844,0.000164312
spell,0,3242,2844,0.000164312
document,2,3242,2844,0.000492935
finger,0,3242,2844,0.000164312
cross,0,3242,2844,0.000164312
left,0,3242,2844,0.000164312
nugget,0,3242,2844,0.000164312
behind,2,3242,2844,0.000492935
october,1,3242,2844,0.000328623
weird,1,3242,2844,0.000328623
verge,0,3242,2844,0.000164312
karaoke,0,3242,2844,0.000164312
american,0,3242,2844,0.000164312
define,0,3242,2844,0.000164312
disagree,0,3242,2844,0.000164312
hungry,0,3242,2844,0.000164312
founder,0,3242,2844,0.000164312
found,0,3242,2844,0.000164312
sink,0,3242,2844,0.000164312
alto,0,3242,2844,0.000164312
downtown,0,3242,2844,0.000164312
dude,0,3242,2844,0.000164312
fattest,0,3242,2844,0.000164312
hook,0,3242,2844,0.000164312
memo,0,3242,2844,0.000164312
scrub,0,3242,2844,0.000164312
journalist,0,3242,2844,0.000164312
babi,0,3242,2844,0.000164312
poll,0,3242,2844,0.000164312
ban,0,3242,2844,0.000164312
buzz,0,3242,2844,0.000164312
trip,0,3242,2844,0.000164312
colleague,1,3242,2844,0.000328623
overboard,0,3242,2844,0.000164312
misread,0,3242,2844,0.000164312
Yelp,0,3242,2844,0.000164312
review,6,3242,2844,0.001150181
thai,1,3242,2844,0.000328623
financial,2,3242,2844,0.000492935
purely,0,3242,2844,0.000164312
shift,0,3242,2844,0.000164312
sling,0,3242,2844,0.000164312
spontaneou,0,3242,2844,0.000164312
danc,0,3242,2844,0.000164312
outfit,0,3242,2844,0.000164312
girl,0,3242,2844,0.000164312
part,4,3242,2844,0.000821558
imagine,0,3242,2844,0.000164312
map,0,3242,2844,0.000164312
graphic,0,3242,2844,0.000164312
website,0,3242,2844,0.000164312
court,0,3242,2844,0.000164312
style,0,3242,2844,0.000164312
dumb,1,3242,2844,0.000328623
mortar,0,3242,2844,0.000164312
london,1,3242,2844,0.000328623
fit,0,3242,2844,0.000164312
mirror,0,3242,2844,0.000164312
school,1,3242,2844,0.000328623
couple,2,3242,2844,0.000492935
kid,7,3242,2844,0.001314492
hardware,0,3242,2844,0.000164312
promise,0,3242,2844,0.000164312
freak,0,3242,2844,0.000164312
past,3,3242,2844,0.000657246
away,7,3242,2844,0.001314492
follow,3,3242,2844,0.000657246
growth,0,3242,2844,0.000164312
area,0,3242,2844,0.000164312
msg,0,3242,2844,0.000164312
tomorrow,9,3242,2844,0.001643115
reserve,0,3242,2844,0.000164312
imminent,0,3242,2844,0.000164312
sold,1,3242,2844,0.000328623
overwhelm,0,3242,2844,0.000164312
reaction,1,3242,2844,0.000328623
death,2,3242,2844,0.000492935
telegraph,0,3242,2844,0.000164312
insert,0,3242,2844,0.000164312
all-time,0,3242,2844,0.000164312
high,1,3242,2844,0.000328623
hang,0,3242,2844,0.000164312
tacoma,0,3242,2844,0.000164312
beatle,0,3242,2844,0.000164312
front,0,3242,2844,0.000164312
shirt,0,3242,2844,0.000164312
reunion,0,3242,2844,0.000164312
tighten,0,3242,2844,0.000164312
pro,0,3242,2844,0.000164312
jacob,0,3242,2844,0.000164312
notify,0,3242,2844,0.000164312
clown,0,3242,2844,0.000164312
spin,0,3242,2844,0.000164312
wheel,0,3242,2844,0.000164312
reinvent,0,3242,2844,0.000164312
lookup,0,3242,2844,0.000164312
easiest,0,3242,2844,0.000164312
brady,0,3242,2844,0.000164312
surpris,1,3242,2844,0.000328623
mark,0,3242,2844,0.000164312
comparison,1,3242,2844,0.000328623
segregate,0,3242,2844,0.000164312
internode,0,3242,2844,0.000164312
piracy,3,3242,2844,0.000657246
mainly,1,3242,2844,0.000328623
platform,2,3242,2844,0.000492935
obscure,0,3242,2844,0.000164312
infamou,0,3242,2844,0.000164312
hall,0,3242,2844,0.000164312
pass,2,3242,2844,0.000492935
nookie,0,3242,2844,0.000164312
joel,0,3242,2844,0.000164312
circumstance,0,3242,2844,0.000164312
suffer,1,3242,2844,0.000328623
period,0,3242,2844,0.000164312
goodwill,0,3242,2844,0.000164312
paul,0,3242,2844,0.000164312
chat,2,3242,2844,0.000492935
advisor,0,3242,2844,0.000164312
tribute,0,3242,2844,0.000164312
faulty,0,3242,2844,0.000164312
gain,0,3242,2844,0.000164312
advertis,2,3242,2844,0.000492935
balloon,0,3242,2844,0.000164312
respect,2,3242,2844,0.000492935
alternative,1,3242,2844,0.000328623
india,1,3242,2844,0.000328623
squad,0,3242,2844,0.000164312
peep,0,3242,2844,0.000164312
algorithm,0,3242,2844,0.000164312
shrewd,0,3242,2844,0.000164312
root,0,3242,2844,0.000164312
horse,0,3242,2844,0.000164312
flower,0,3242,2844,0.000164312
shower,0,3242,2844,0.000164312
beg,0,3242,2844,0.000164312
valuable,0,3242,2844,0.000164312
analysi,1,3242,2844,0.000328623
trend,0,3242,2844,0.000164312
profit,0,3242,2844,0.000164312
proud,0,3242,2844,0.000164312
predict,0,3242,2844,0.000164312
stage,2,3242,2844,0.000492935
september,0,3242,2844,0.000164312
head,1,3242,2844,0.000328623
detail,4,3242,2844,0.000821558
auto,0,3242,2844,0.000164312
renewal,0,3242,2844,0.000164312
settle,0,3242,2844,0.000164312
content,0,3242,2844,0.000164312
coffer,0,3242,2844,0.000164312
hit,0,3242,2844,0.000164312
smart,0,3242,2844,0.000164312
engage,2,3242,2844,0.000492935
partner,6,3242,2844,0.001150181
social,6,3242,2844,0.001150181
activity,0,3242,2844,0.000164312
messag,0,3242,2844,0.000164312
kinda,0,3242,2844,0.000164312
relevant,0,3242,2844,0.000164312
junkie,0,3242,2844,0.000164312
buri,0,3242,2844,0.000164312
ability,0,3242,2844,0.000164312
inconvenient,0,3242,2844,0.000164312
cofounder,0,3242,2844,0.000164312
stood,0,3242,2844,0.000164312
provide,1,3242,2844,0.000328623
chase,0,3242,2844,0.000164312
cream,1,3242,2844,0.000328623
sandwich,1,3242,2844,0.000328623
Yesss,0,3242,2844,0.000164312
situation,0,3242,2844,0.000164312
gulp,0,3242,2844,0.000164312
pack,5,3242,2844,0.000985869
session,4,3242,2844,0.000821558
indicator,0,3242,2844,0.000164312
management,1,3242,2844,0.000328623
entrepreneur,2,3242,2844,0.000492935
startup,1,3242,2844,0.000328623
bangla,0,3242,2844,0.000164312
bengali,0,3242,2844,0.000164312
galaxy,0,3242,2844,0.000164312
globally,0,3242,2844,0.000164312
traffic,0,3242,2844,0.000164312
gift,0,3242,2844,0.000164312
opinion,1,3242,2844,0.000328623
careful,0,3242,2844,0.000164312
chip,0,3242,2844,0.000164312
guarantee,0,3242,2844,0.000164312
failure,1,3242,2844,0.000328623
principal,0,3242,2844,0.000164312
global,3,3242,2844,0.000657246
player,2,3242,2844,0.000492935
active,0,3242,2844,0.000164312
kobo,0,3242,2844,0.000164312
underplay,0,3242,2844,0.000164312
invisible,0,3242,2844,0.000164312
hospital,0,3242,2844,0.000164312
single,0,3242,2844,0.000164312
mourn,0,3242,2844,0.000164312
dock,0,3242,2844,0.000164312
scroll,0,3242,2844,0.000164312
title,1,3242,2844,0.000328623
font,0,3242,2844,0.000164312
across,1,3242,2844,0.000328623
main,0,3242,2844,0.000164312
wayne,0,3242,2844,0.000164312
leav,1,3242,2844,0.000328623
correct,0,3242,2844,0.000164312
child,4,3242,2844,0.000821558
poorly,0,3242,2844,0.000164312
painless,0,3242,2844,0.000164312
choice,3,3242,2844,0.000657246
form,1,3242,2844,0.000328623
component,0,3242,2844,0.000164312
continue,0,3242,2844,0.000164312
bite,0,3242,2844,0.000164312
upcom,0,3242,2844,0.000164312
afro-american,0,3242,2844,0.000164312
emoticon,0,3242,2844,0.000164312
angry,0,3242,2844,0.000164312
omission,0,3242,2844,0.000164312
advanc,0,3242,2844,0.000164312
printer,0,3242,2844,0.000164312
mighty,0,3242,2844,0.000164312
alcohol,0,3242,2844,0.000164312
act,0,3242,2844,0.000164312
timeline,1,3242,2844,0.000328623
history,4,3242,2844,0.000821558
challeng,0,3242,2844,0.000164312
possibly,0,3242,2844,0.000164312
accessori,0,3242,2844,0.000164312
policy,0,3242,2844,0.000164312
intellectual,0,3242,2844,0.000164312
property,0,3242,2844,0.000164312
infringement,0,3242,2844,0.000164312
claim,1,3242,2844,0.000328623
unauthorize,0,3242,2844,0.000164312
likely,0,3242,2844,0.000164312
suit,1,3242,2844,0.000328623
accus,1,3242,2844,0.000328623
roar,0,3242,2844,0.000164312
unveil,1,3242,2844,0.000328623
placement,0,3242,2844,0.000164312
effort,0,3242,2844,0.000164312
Yield,0,3242,2844,0.000164312
stock,0,3242,2844,0.000164312
promot,0,3242,2844,0.000164312
magazine,0,3242,2844,0.000164312
add,0,3242,2844,0.000164312
escort,0,3242,2844,0.000164312
legal,0,3242,2844,0.000164312
discovery,0,3242,2844,0.000164312
public,2,3242,2844,0.000492935
leopard,0,3242,2844,0.000164312
functionality,0,3242,2844,0.000164312
identity,0,3242,2844,0.000164312
logo,0,3242,2844,0.000164312
revis,0,3242,2844,0.000164312
doubt,0,3242,2844,0.000164312
enough,1,3242,2844,0.000328623
cope,0,3242,2844,0.000164312
defraud,0,3242,2844,0.000164312
win,4,3242,2844,0.000821558
salute,0,3242,2844,0.000164312
dog,0,3242,2844,0.000164312
earlier,0,3242,2844,0.000164312
upstair,0,3242,2844,0.000164312
soho,0,3242,2844,0.000164312
sudden,0,3242,2844,0.000164312
sprung,0,3242,2844,0.000164312
attention,0,3242,2844,0.000164312
digital,5,3242,2844,0.000985869
california,0,3242,2844,0.000164312
joseph,0,3242,2844,0.000164312
patiently,0,3242,2844,0.000164312
end,0,3242,2844,0.000164312
reply,0,3242,2844,0.000164312
insist,0,3242,2844,0.000164312
favorite,0,3242,2844,0.000164312
color,1,3242,2844,0.000328623
average,0,3242,2844,0.000164312
speed,0,3242,2844,0.000164312
swallow,1,3242,2844,0.000328623
python,0,3242,2844,0.000164312
denounce,0,3242,2844,0.000164312
nuance,0,3242,2844,0.000164312
cheap,0,3242,2844,0.000164312
improvement,5,3242,2844,0.000985869
implementation,0,3242,2844,0.000164312
monitor,1,3242,2844,0.000328623
either,0,3242,2844,0.000164312
heard,0,3242,2844,0.000164312
partnership,1,3242,2844,0.000328623
governor,0,3242,2844,0.000164312
declare,0,3242,2844,0.000164312
hoe,0,3242,2844,0.000164312
nearest,0,3242,2844,0.000164312
beef,0,3242,2844,0.000164312
subscribe,0,3242,2844,0.000164312
default,0,3242,2844,0.000164312
limit,0,3242,2844,0.000164312
older,1,3242,2844,0.000328623
ethernet,0,3242,2844,0.000164312
drew,0,3242,2844,0.000164312
respond,0,3242,2844,0.000164312
everywhere,1,3242,2844,0.000328623
factori,0,3242,2844,0.000164312
concrete,0,3242,2844,0.000164312
evidence,0,3242,2844,0.000164312
blogger,0,3242,2844,0.000164312
differ,0,3242,2844,0.000164312
reli,0,3242,2844,0.000164312
wank,0,3242,2844,0.000164312
student,3,3242,2844,0.000657246
discount,0,3242,2844,0.000164312
rep,0,3242,2844,0.000164312
accent,0,3242,2844,0.000164312
speech,1,3242,2844,0.000328623
translator,0,3242,2844,0.000164312
overhaul,0,3242,2844,0.000164312
response,0,3242,2844,0.000164312
bake,0,3242,2844,0.000164312
documentary,0,3242,2844,0.000164312
brought,0,3242,2844,0.000164312
constrain,0,3242,2844,0.000164312
appear,0,3242,2844,0.000164312
inventory,0,3242,2844,0.000164312
center,3,3242,2844,0.000657246
trick,0,3242,2844,0.000164312
fully,0,3242,2844,0.000164312
controll,0,3242,2844,0.000164312
antitrust,4,3242,2844,0.000821558
homepage,0,3242,2844,0.000164312
renam,0,3242,2844,0.000164312
legacy,0,3242,2844,0.000164312
strange,0,3242,2844,0.000164312
group,1,3242,2844,0.000328623
paperboy,0,3242,2844,0.000164312
fixe,1,3242,2844,0.000328623
client,2,3242,2844,0.000492935
throne,0,3242,2844,0.000164312
silicon,0,3242,2844,0.000164312
valley,0,3242,2844,0.000164312
visit,1,3242,2844,0.000328623
final,0,3242,2844,0.000164312
portion,0,3242,2844,0.000164312
procee,0,3242,2844,0.000164312
native,0,3242,2844,0.000164312
editor,1,3242,2844,0.000328623
volume,2,3242,2844,0.000492935
switcher,0,3242,2844,0.000164312
slider,0,3242,2844,0.000164312
proof,0,3242,2844,0.000164312
woke,0,3242,2844,0.000164312
door,3,3242,2844,0.000657246
arrival,0,3242,2844,0.000164312
tuesday,1,3242,2844,0.000328623
option,0,3242,2844,0.000164312
stronger,0,3242,2844,0.000164312
deaf,0,3242,2844,0.000164312
ally,0,3242,2844,0.000164312
silver,1,3242,2844,0.000328623
importantly,0,3242,2844,0.000164312
handy,0,3242,2844,0.000164312
funny,4,3242,2844,0.000821558
configure,0,3242,2844,0.000164312
racism,0,3242,2844,0.000164312
christma,0,3242,2844,0.000164312
self,0,3242,2844,0.000164312
landscape,1,3242,2844,0.000328623
mode,1,3242,2844,0.000328623
dalla,0,3242,2844,0.000164312
strategy,0,3242,2844,0.000164312
beware,1,3242,2844,0.000328623
west,1,3242,2844,0.000328623
14th,0,3242,2844,0.000164312
fact,5,3242,2844,0.000985869
roger,0,3242,2844,0.000164312
spray,0,3242,2844,0.000164312
paint,0,3242,2844,0.000164312
macintosh,0,3242,2844,0.000164312
discontinu,0,3242,2844,0.000164312
bid,0,3242,2844,0.000164312
designer,0,3242,2844,0.000164312
buddy,0,3242,2844,0.000164312
pic,0,3242,2844,0.000164312
toggle,0,3242,2844,0.000164312
earth,0,3242,2844,0.000164312
security,1,3242,2844,0.000328623
salesperson,0,3242,2844,0.000164312
matter,1,3242,2844,0.000328623
sticky,0,3242,2844,0.000164312
pill,0,3242,2844,0.000164312
advance,0,3242,2844,0.000164312
weather,0,3242,2844,0.000164312
hopeful,0,3242,2844,0.000164312
interconnect,0,3242,2844,0.000164312
austin,0,3242,2844,0.000164312
umbrella,0,3242,2844,0.000164312
staf,0,3242,2844,0.000164312
bore,2,3242,2844,0.000492935
intrigu,0,3242,2844,0.000164312
suggestion,0,3242,2844,0.000164312
thu,0,3242,2844,0.000164312
spent,0,3242,2844,0.000164312
afford,0,3242,2844,0.000164312
mansion,0,3242,2844,0.000164312
madden,0,3242,2844,0.000164312
selection,0,3242,2844,0.000164312
stripe,0,3242,2844,0.000164312
dough,0,3242,2844,0.000164312
otherwise,0,3242,2844,0.000164312
heart,0,3242,2844,0.000164312
hectic,0,3242,2844,0.000164312
mom,0,3242,2844,0.000164312
bear,0,3242,2844,0.000164312
lincoln,0,3242,2844,0.000164312
sail,0,3242,2844,0.000164312
phoenix,0,3242,2844,0.000164312
rock,2,3242,2844,0.000492935
house,1,3242,2844,0.000328623
chill,0,3242,2844,0.000164312
bee,0,3242,2844,0.000164312
japanese,0,3242,2844,0.000164312
privacy,0,3242,2844,0.000164312
pear,0,3242,2844,0.000164312
tree,0,3242,2844,0.000164312
fall,2,3242,2844,0.000492935
type,1,3242,2844,0.000328623
perry,0,3242,2844,0.000164312
rick,0,3242,2844,0.000164312
riesl,0,3242,2844,0.000164312
lightbulb,0,3242,2844,0.000164312
ready,0,3242,2844,0.000164312
tampa,0,3242,2844,0.000164312
martin,0,3242,2844,0.000164312
town,0,3242,2844,0.000164312
buccaneer,0,3242,2844,0.000164312
teach,0,3242,2844,0.000164312
different,3,3242,2844,0.000657246
therefore,0,3242,2844,0.000164312
percent,0,3242,2844,0.000164312
clearance,0,3242,2844,0.000164312
scripture,0,3242,2844,0.000164312
patio,0,3242,2844,0.000164312
furniture,0,3242,2844,0.000164312
bag,0,3242,2844,0.000164312
angel,0,3242,2844,0.000164312
peeler,0,3242,2844,0.000164312
washer,0,3242,2844,0.000164312
board,1,3242,2844,0.000328623
cyst,0,3242,2844,0.000164312
knee,0,3242,2844,0.000164312
conveyor,0,3242,2844,0.000164312
hardy,0,3242,2844,0.000164312
mesh,0,3242,2844,0.000164312
jacket,0,3242,2844,0.000164312
motorcycle,0,3242,2844,0.000164312
vodka,0,3242,2844,0.000164312
fancy,0,3242,2844,0.000164312
hemp,0,3242,2844,0.000164312
jewelry,0,3242,2844,0.000164312
instruction,0,3242,2844,0.000164312
fuel,0,3242,2844,0.000164312
knot,0,3242,2844,0.000164312
money,2,3242,2844,0.000492935
chosen,0,3242,2844,0.000164312
trivia,0,3242,2844,0.000164312
build,10,3242,2844,0.001807427
leap,0,3242,2844,0.000164312
boost,0,3242,2844,0.000164312
manager,2,3242,2844,0.000492935
sleek,0,3242,2844,0.000164312
superb,0,3242,2844,0.000164312
desire,0,3242,2844,0.000164312
Yummy,0,3242,2844,0.000164312
refer,1,3242,2844,0.000328623
prime,1,3242,2844,0.000328623
await,0,3242,2844,0.000164312
searche,0,3242,2844,0.000164312
debt,0,3242,2844,0.000164312
fallen,0,3242,2844,0.000164312
five,0,3242,2844,0.000164312
photography,0,3242,2844,0.000164312
biggest,1,3242,2844,0.000328623
threat,0,3242,2844,0.000164312
king,2,3242,2844,0.000492935
readable,0,3242,2844,0.000164312
emphasi,0,3242,2844,0.000164312
wallet,0,3242,2844,0.000164312
effect,1,3242,2844,0.000328623
efficient,0,3242,2844,0.000164312
browse,0,3242,2844,0.000164312
infinite,0,3242,2844,0.000164312
bookcase,0,3242,2844,0.000164312
difficult,0,3242,2844,0.000164312
benefit,0,3242,2844,0.000164312
bully,0,3242,2844,0.000164312
hangout,0,3242,2844,0.000164312
icecream,0,3242,2844,0.000164312
salmonella,0,3242,2844,0.000164312
hotspot,0,3242,2844,0.000164312
orbital,0,3242,2844,0.000164312
laser,0,3242,2844,0.000164312
wooden,0,3242,2844,0.000164312
deliciou,0,3242,2844,0.000164312
ditch,0,3242,2844,0.000164312
launche,1,3242,2844,0.000328623
closely,0,3242,2844,0.000164312
collaborate,0,3242,2844,0.000164312
pleas,0,3242,2844,0.000164312
press,0,3242,2844,0.000164312
conference,5,3242,2844,0.000985869
slick,0,3242,2844,0.000164312
college,1,3242,2844,0.000328623
scream,0,3242,2844,0.000164312
changer,0,3242,2844,0.000164312
ahead,3,3242,2844,0.000657246
reveal,2,3242,2844,0.000492935
closer,2,3242,2844,0.000492935
face,0,3242,2844,0.000164312
pleasure,0,3242,2844,0.000164312
fantastic,0,3242,2844,0.000164312
globe,0,3242,2844,0.000164312
probably,0,3242,2844,0.000164312
hookup,0,3242,2844,0.000164312
teas,0,3242,2844,0.000164312
accompany,0,3242,2844,0.000164312
usual,0,3242,2844,0.000164312
neat,1,3242,2844,0.000328623
frame,0,3242,2844,0.000164312
generator,0,3242,2844,0.000164312
prettier,0,3242,2844,0.000164312
introduc,0,3242,2844,0.000164312
inside,1,3242,2844,0.000328623
beneficial,0,3242,2844,0.000164312
tool,10,3242,2844,0.001807427
doc,2,3242,2844,0.000492935
particularly,0,3242,2844,0.000164312
theme,0,3242,2844,0.000164312
sentence,0,3242,2844,0.000164312
rite,1,3242,2844,0.000328623
accord,3,3242,2844,0.000657246
beam,1,3242,2844,0.000328623
alright,0,3242,2844,0.000164312
decision,0,3242,2844,0.000164312
ugly,0,3242,2844,0.000164312
taste,2,3242,2844,0.000492935
blog,9,3242,2844,0.001643115
outdate,0,3242,2844,0.000164312
instant,0,3242,2844,0.000164312
raise,0,3242,2844,0.000164312
detection,0,3242,2844,0.000164312
essential,1,3242,2844,0.000328623
crave,0,3242,2844,0.000164312
adopt,1,3242,2844,0.000328623
philosophy,0,3242,2844,0.000164312
polish,0,3242,2844,0.000164312
port,0,3242,2844,0.000164312
catchy,0,3242,2844,0.000164312
advertisement,0,3242,2844,0.000164312
carry,0,3242,2844,0.000164312
november,2,3242,2844,0.000492935
pant,0,3242,2844,0.000164312
literally,0,3242,2844,0.000164312
blown,2,3242,2844,0.000492935
combination,0,3242,2844,0.000164312
introduction,0,3242,2844,0.000164312
party,3,3242,2844,0.000657246
regular,0,3242,2844,0.000164312
interval,0,3242,2844,0.000164312
real,0,3242,2844,0.000164312
executive,2,3242,2844,0.000492935
capabiliti,0,3242,2844,0.000164312
select,0,3242,2844,0.000164312
transfer,0,3242,2844,0.000164312
dig,0,3242,2844,0.000164312
quick,2,3242,2844,0.000492935
politely,0,3242,2844,0.000164312
goodbye,0,3242,2844,0.000164312
taught,0,3242,2844,0.000164312
decent,0,3242,2844,0.000164312
positive,0,3242,2844,0.000164312
directly,2,3242,2844,0.000492935
layout,0,3242,2844,0.000164312
aggregate,0,3242,2844,0.000164312
source,3,3242,2844,0.000657246
spiral,0,3242,2844,0.000164312
inbuilt,0,3242,2844,0.000164312
panoramic,0,3242,2844,0.000164312
panorama,1,3242,2844,0.000328623
tasty,0,3242,2844,0.000164312
toy,0,3242,2844,0.000164312
gallery,0,3242,2844,0.000164312
shutter,0,3242,2844,0.000164312
insane,0,3242,2844,0.000164312
thumb,0,3242,2844,0.000164312
edit,0,3242,2844,0.000164312
three,0,3242,2844,0.000164312
score,0,3242,2844,0.000164312
along,1,3242,2844,0.000328623
delay,0,3242,2844,0.000164312
watchdog,0,3242,2844,0.000164312
study,2,3242,2844,0.000492935
guide,0,3242,2844,0.000164312
display,1,3242,2844,0.000328623
peanut,0,3242,2844,0.000164312
neither,0,3242,2844,0.000164312
pea,0,3242,2844,0.000164312
discuss,1,3242,2844,0.000328623
retard,0,3242,2844,0.000164312
planet,1,3242,2844,0.000328623
pinch,0,3242,2844,0.000164312
zoom,0,3242,2844,0.000164312
superior,0,3242,2844,0.000164312
bookmark,0,3242,2844,0.000164312
redesign,0,3242,2844,0.000164312
conversation,0,3242,2844,0.000164312
automatically,1,3242,2844,0.000328623
doorstep,0,3242,2844,0.000164312
excellent,1,3242,2844,0.000328623
commercial,1,3242,2844,0.000328623
announcement,0,3242,2844,0.000164312
dictation,0,3242,2844,0.000164312
smooth,0,3242,2844,0.000164312
responsive,0,3242,2844,0.000164312
widget,0,3242,2844,0.000164312
navigation,0,3242,2844,0.000164312
built,0,3242,2844,0.000164312
stack,0,3242,2844,0.000164312
richer,0,3242,2844,0.000164312
wallpaper,0,3242,2844,0.000164312
curiou,0,3242,2844,0.000164312
highlight,0,3242,2844,0.000164312
mull,0,3242,2844,0.000164312
shore,0,3242,2844,0.000164312
bout,0,3242,2844,0.000164312
accessibility,1,3242,2844,0.000328623
dump,0,3242,2844,0.000164312
ton,0,3242,2844,0.000164312
spam,0,3242,2844,0.000164312
awkward,0,3242,2844,0.000164312
load,1,3242,2844,0.000328623
blackout,0,3242,2844,0.000164312
threaten,0,3242,2844,0.000164312
august,0,3242,2844,0.000164312
uphill,0,3242,2844,0.000164312
parker,0,3242,2844,0.000164312
lecture,0,3242,2844,0.000164312
economic,0,3242,2844,0.000164312
hypocritical,0,3242,2844,0.000164312
melt,0,3242,2844,0.000164312
letdown,0,3242,2844,0.000164312
introduce,2,3242,2844,0.000492935
singaporean,0,3242,2844,0.000164312
facial,0,3242,2844,0.000164312
demo,0,3242,2844,0.000164312
goof,0,3242,2844,0.000164312
interference,0,3242,2844,0.000164312
headache,0,3242,2844,0.000164312
visigoth,0,3242,2844,0.000164312
froze,0,3242,2844,0.000164312
new,7,3242,2844,0.001314492
laughable,0,3242,2844,0.000164312
encrypt,0,3242,2844,0.000164312
maximize,0,3242,2844,0.000164312
collection,0,3242,2844,0.000164312
background,0,3242,2844,0.000164312
horrible,0,3242,2844,0.000164312
stream,2,3242,2844,0.000492935
code,2,3242,2844,0.000492935
skill,0,3242,2844,0.000164312
perform,0,3242,2844,0.000164312
date,0,3242,2844,0.000164312
impact,3,3242,2844,0.000657246
illustrate,0,3242,2844,0.000164312
peril,0,3242,2844,0.000164312
demonstration,0,3242,2844,0.000164312
admirably,0,3242,2844,0.000164312
revolution,0,3242,2844,0.000164312
stalk,0,3242,2844,0.000164312
performance,2,3242,2844,0.000492935
leave,1,3242,2844,0.000328623
fold,0,3242,2844,0.000164312
beat,0,3242,2844,0.000164312
iteration,0,3242,2844,0.000164312
several,0,3242,2844,0.000164312
revamp,2,3242,2844,0.000492935
compete,0,3242,2844,0.000164312
pittsburgh,0,3242,2844,0.000164312
recruit,1,3242,2844,0.000328623
hands-on,0,3242,2844,0.000164312
latest,4,3242,2844,0.000821558
theater,0,3242,2844,0.000164312
dubai,1,3242,2844,0.000328623
unwrap,0,3242,2844,0.000164312
vagina,0,3242,2844,0.000164312
encryption,0,3242,2844,0.000164312
menu,0,3242,2844,0.000164312
butt,0,3242,2844,0.000164312
unite,0,3242,2844,0.000164312
republish,0,3242,2844,0.000164312
index,0,3242,2844,0.000164312
perk,0,3242,2844,0.000164312
empire,0,3242,2844,0.000164312
avenue,0,3242,2844,0.000164312
outbound,0,3242,2844,0.000164312
rede,0,3242,2844,0.000164312
understand,1,3242,2844,0.000328623
flight,0,3242,2844,0.000164312
travel,0,3242,2844,0.000164312
downward,0,3242,2844,0.000164312
novelty,0,3242,2844,0.000164312
important,2,3242,2844,0.000492935
density,0,3242,2844,0.000164312
real-time,0,3242,2844,0.000164312
collaboration,0,3242,2844,0.000164312
transition,0,3242,2844,0.000164312
joke,0,3242,2844,0.000164312
slogan,0,3242,2844,0.000164312
industry,1,3242,2844,0.000328623
witness,0,3242,2844,0.000164312
astound,0,3242,2844,0.000164312
seal,0,3242,2844,0.000164312
supreme,0,3242,2844,0.000164312
console,2,3242,2844,0.000492935
traditional,0,3242,2844,0.000164312
secure,3,3242,2844,0.000657246
queri,0,3242,2844,0.000164312
track,0,3242,2844,0.000164312
land,0,3242,2844,0.000164312
conversion,0,3242,2844,0.000164312
cap,0,3242,2844,0.000164312
commodity,0,3242,2844,0.000164312
advertiser,0,3242,2844,0.000164312
arrive,1,3242,2844,0.000328623
curve,0,3242,2844,0.000164312
rival,0,3242,2844,0.000164312
url,0,3242,2844,0.000164312
webmaster,0,3242,2844,0.000164312
chicago,0,3242,2844,0.000164312
recap,0,3242,2844,0.000164312
host,1,3242,2844,0.000328623
africa,1,3242,2844,0.000328623
political,0,3242,2844,0.000164312
revue,0,3242,2844,0.000164312
companion,0,3242,2844,0.000164312
controller,0,3242,2844,0.000164312
announce,3,3242,2844,0.000657246
payment,0,3242,2844,0.000164312
environment,1,3242,2844,0.000328623
solar,0,3242,2844,0.000164312
plant,0,3242,2844,0.000164312
block,0,3242,2844,0.000164312
receive,0,3242,2844,0.000164312
juice,0,3242,2844,0.000164312
run-down,0,3242,2844,0.000164312
tip,8,3242,2844,0.001478804
crawl,0,3242,2844,0.000164312
creep,0,3242,2844,0.000164312
wake,0,3242,2844,0.000164312
honeycomb,0,3242,2844,0.000164312
gingerbread,0,3242,2844,0.000164312
referral,0,3242,2844,0.000164312
hack,7,3242,2844,0.001314492
wisely,0,3242,2844,0.000164312
sheet,0,3242,2844,0.000164312
xma,0,3242,2844,0.000164312
confirm,2,3242,2844,0.000492935
enhancement,0,3242,2844,0.000164312
texa,0,3242,2844,0.000164312
instrument,0,3242,2844,0.000164312
core,0,3242,2844,0.000164312
newer,0,3242,2844,0.000164312
processor,0,3242,2844,0.000164312
competition,1,3242,2844,0.000328623
venture,0,3242,2844,0.000164312
rumor,0,3242,2844,0.000164312
asap,0,3242,2844,0.000164312
application,5,3242,2844,0.000985869
overview,1,3242,2844,0.000328623
acceleration,0,3242,2844,0.000164312
telecom,0,3242,2844,0.000164312
pure,0,3242,2844,0.000164312
society,0,3242,2844,0.000164312
empowerment,0,3242,2844,0.000164312
lightly,0,3242,2844,0.000164312
determine,0,3242,2844,0.000164312
firm,0,3242,2844,0.000164312
investment,1,3242,2844,0.000328623
solely,0,3242,2844,0.000164312
spencer,0,3242,2844,0.000164312
restrict,0,3242,2844,0.000164312
engine,1,3242,2844,0.000328623
cach,0,3242,2844,0.000164312
retailer,0,3242,2844,0.000164312
jump,1,3242,2844,0.000328623
promotion,1,3242,2844,0.000328623
fortunately,0,3242,2844,0.000164312
sadly,0,3242,2844,0.000164312
copi,0,3242,2844,0.000164312
captain,0,3242,2844,0.000164312
movie,0,3242,2844,0.000164312
intro,0,3242,2844,0.000164312
destination,0,3242,2844,0.000164312
rant,0,3242,2844,0.000164312
pathetic,0,3242,2844,0.000164312
afterthought,0,3242,2844,0.000164312
suite,1,3242,2844,0.000328623
variety,0,3242,2844,0.000164312
way,0,3242,2844,0.000164312
engineer,0,3242,2844,0.000164312
intend,0,3242,2844,0.000164312
become,1,3242,2844,0.000328623
famou,0,3242,2844,0.000164312
criticize,0,3242,2844,0.000164312
trounc,0,3242,2844,0.000164312
discover,0,3242,2844,0.000164312
critical,1,3242,2844,0.000328623
information,4,3242,2844,0.000821558
belong,1,3242,2844,0.000328623
digitally,0,3242,2844,0.000164312
underly,0,3242,2844,0.000164312
eatable,0,3242,2844,0.000164312
eclair,0,3242,2844,0.000164312
reshape,0,3242,2844,0.000164312
feat,0,3242,2844,0.000164312
freestyle,0,3242,2844,0.000164312
manhole,0,3242,2844,0.000164312
round,0,3242,2844,0.000164312
china,1,3242,2844,0.000328623
googl,0,3242,2844,0.000164312
women,0,3242,2844,0.000164312
resemble,1,3242,2844,0.000328623
momma,0,3242,2844,0.000164312
fellow,2,3242,2844,0.000492935
michigander,0,3242,2844,0.000164312
michigan,0,3242,2844,0.000164312
circle,2,3242,2844,0.000492935
hacker,0,3242,2844,0.000164312
marketer,1,3242,2844,0.000328623
division,0,3242,2844,0.000164312
development,6,3242,2844,0.001150181
spring,1,3242,2844,0.000328623
drink,0,3242,2844,0.000164312
barometer,0,3242,2844,0.000164312
bunny,0,3242,2844,0.000164312
watson,0,3242,2844,0.000164312
unlike,0,3242,2844,0.000164312
repli,0,3242,2844,0.000164312
thread,0,3242,2844,0.000164312
weaken,0,3242,2844,0.000164312
undoubtedly,0,3242,2844,0.000164312
tough,0,3242,2844,0.000164312
demon,0,3242,2844,0.000164312
cast,0,3242,2844,0.000164312
wide,0,3242,2844,0.000164312
mike,0,3242,2844,0.000164312
smile,0,3242,2844,0.000164312
shout,0,3242,2844,0.000164312
universe,0,3242,2844,0.000164312
explod,0,3242,2844,0.000164312
advantage,0,3242,2844,0.000164312
profound,0,3242,2844,0.000164312
massive,0,3242,2844,0.000164312
nexuss,0,3242,2844,0.000164312
lazy,0,3242,2844,0.000164312
short,0,3242,2844,0.000164312
supply,0,3242,2844,0.000164312
roundup,0,3242,2844,0.000164312
snippet,0,3242,2844,0.000164312
prod,0,3242,2844,0.000164312
gadget,0,3242,2844,0.000164312
uncategorize,2,3242,2844,0.000492935
availability,0,3242,2844,0.000164312
peter,0,3242,2844,0.000164312
mango,15,3242,2844,0.002628985
emb,0,3242,2844,0.000164312
redirect,0,3242,2844,0.000164312
artisan,0,3242,2844,0.000164312
experiment,0,3242,2844,0.000164312
mouth,0,3242,2844,0.000164312
relive,0,3242,2844,0.000164312
rebuttal,0,3242,2844,0.000164312
bridge,0,3242,2844,0.000164312
pretend,1,3242,2844,0.000328623
steal,0,3242,2844,0.000164312
crew,0,3242,2844,0.000164312
coverage,0,3242,2844,0.000164312
health,0,3242,2844,0.000164312
dust,0,3242,2844,0.000164312
children,0,3242,2844,0.000164312
gun,0,3242,2844,0.000164312
parisian,0,3242,2844,0.000164312
debate,0,3242,2844,0.000164312
vote,1,3242,2844,0.000328623
somebody,0,3242,2844,0.000164312
imitation,1,3242,2844,0.000328623
flattery,0,3242,2844,0.000164312
junkyard,0,3242,2844,0.000164312
examine,0,3242,2844,0.000164312
bounce,1,3242,2844,0.000328623
lover,0,3242,2844,0.000164312
beate,3,3242,2844,0.000657246
village,0,3242,2844,0.000164312
intent,0,3242,2844,0.000164312
coupon,0,3242,2844,0.000164312
reward,2,3242,2844,0.000492935
despite,0,3242,2844,0.000164312
monumental,0,3242,2844,0.000164312
conspiracy,0,3242,2844,0.000164312
threw,0,3242,2844,0.000164312
pleasant,0,3242,2844,0.000164312
indee,1,3242,2844,0.000328623
laugh,0,3242,2844,0.000164312
tap,0,3242,2844,0.000164312
private,2,3242,2844,0.000492935
brows,0,3242,2844,0.000164312
eye,1,3242,2844,0.000328623
inspiration,1,3242,2844,0.000328623
duly,0,3242,2844,0.000164312
innovator,2,3242,2844,0.000492935
recent,0,3242,2844,0.000164312
position,0,3242,2844,0.000164312
amaze,0,3242,2844,0.000164312
freshen,0,3242,2844,0.000164312
buggy,0,3242,2844,0.000164312
bookworm,0,3242,2844,0.000164312
abstract,0,3242,2844,0.000164312
limitless,0,3242,2844,0.000164312
librari,0,3242,2844,0.000164312
bill,5,3242,2844,0.000985869
gross,0,3242,2844,0.000164312
develop,4,3242,2844,0.000821558
notch,0,3242,2844,0.000164312
backdrop,0,3242,2844,0.000164312
lot,2,3242,2844,0.000492935
resolution,1,3242,2844,0.000328623
maryland,0,3242,2844,0.000164312
mica,0,3242,2844,0.000164312
catch,0,3242,2844,0.000164312
recently,2,3242,2844,0.000492935
prep,0,3242,2844,0.000164312
unifi,1,3242,2844,0.000328623
europe,0,3242,2844,0.000164312
asia,0,3242,2844,0.000164312
hugo,0,3242,2844,0.000164312
buddi,0,3242,2844,0.000164312
cent,0,3242,2844,0.000164312
capture,0,3242,2844,0.000164312
continuou,0,3242,2844,0.000164312
lapse,0,3242,2844,0.000164312
glitch,0,3242,2844,0.000164312
beirut,0,3242,2844,0.000164312
tag,0,3242,2844,0.000164312
hipster,0,3242,2844,0.000164312
filter,0,3242,2844,0.000164312
irony,0,3242,2844,0.000164312
marketplace,0,3242,2844,0.000164312
preview,10,3242,2844,0.001807427
scale,1,3242,2844,0.000328623
guest,0,3242,2844,0.000164312
mostly,0,3242,2844,0.000164312
chinese,0,3242,2844,0.000164312
show-off,0,3242,2844,0.000164312
reverse,0,3242,2844,0.000164312
crime,0,3242,2844,0.000164312
wear,0,3242,2844,0.000164312
capability,0,3242,2844,0.000164312
measure,0,3242,2844,0.000164312
campaign,2,3242,2844,0.000492935
tagger,0,3242,2844,0.000164312
sticker,0,3242,2844,0.000164312
cheque,0,3242,2844,0.000164312
echelon,0,3242,2844,0.000164312
asian,0,3242,2844,0.000164312
rise,0,3242,2844,0.000164312
democrat,0,3242,2844,0.000164312
join,9,3242,2844,0.001643115
grey,0,3242,2844,0.000164312
chairman,0,3242,2844,0.000164312
greater,0,3242,2844,0.000164312
asset,0,3242,2844,0.000164312
heavy,0,3242,2844,0.000164312
park,0,3242,2844,0.000164312
summit,6,3242,2844,0.001150181
reflect,0,3242,2844,0.000164312
culture,0,3242,2844,0.000164312
poker,0,3242,2844,0.000164312
fight,1,3242,2844,0.000328623
university,2,3242,2844,0.000492935
propose,0,3242,2844,0.000164312
eyelid,0,3242,2844,0.000164312
twitche,0,3242,2844,0.000164312
passe,0,3242,2844,0.000164312
pour,0,3242,2844,0.000164312
singapore,0,3242,2844,0.000164312
pacific,2,3242,2844,0.000492935
region,0,3242,2844,0.000164312
parkway,0,3242,2844,0.000164312
novena,0,3242,2844,0.000164312
premier,0,3242,2844,0.000164312
healthcare,0,3242,2844,0.000164312
impatient,0,3242,2844,0.000164312
arriver,0,3242,2844,0.000164312
salisbury,0,3242,2844,0.000164312
tournament,0,3242,2844,0.000164312
fire,0,3242,2844,0.000164312
fringe,0,3242,2844,0.000164312
pulse,0,3242,2844,0.000164312
para,0,3242,2844,0.000164312
ringgit,0,3242,2844,0.000164312
european,0,3242,2844,0.000164312
currenci,0,3242,2844,0.000164312
strengthen,0,3242,2844,0.000164312
outweigh,0,3242,2844,0.000164312
higher,0,3242,2844,0.000164312
ey,0,3242,2844,0.000164312
thailand,0,3242,2844,0.000164312
factor,0,3242,2844,0.000164312
agency,1,3242,2844,0.000328623
originally,0,3242,2844,0.000164312
guardian,3,3242,2844,0.000657246
shop,0,3242,2844,0.000164312
strategi,0,3242,2844,0.000164312
pace,0,3242,2844,0.000164312
spain,0,3242,2844,0.000164312
downside,0,3242,2844,0.000164312
rumour,0,3242,2844,0.000164312
dive,0,3242,2844,0.000164312
bond,0,3242,2844,0.000164312
strait,0,3242,2844,0.000164312
wheat,0,3242,2844,0.000164312
monopoly,0,3242,2844,0.000164312
swap,0,3242,2844,0.000164312
compliance,0,3242,2844,0.000164312
leas,0,3242,2844,0.000164312
programme,0,3242,2844,0.000164312
rachel,0,3242,2844,0.000164312
specify,0,3242,2844,0.000164312
license,0,3242,2844,0.000164312
surfactant,0,3242,2844,0.000164312
sauce,0,3242,2844,0.000164312
tout,1,3242,2844,0.000328623
beau,0,3242,2844,0.000164312
panda,0,3242,2844,0.000164312
affect,0,3242,2844,0.000164312
rank,0,3242,2844,0.000164312
vendor,1,3242,2844,0.000328623
degree,0,3242,2844,0.000164312
format,3,3242,2844,0.000657246
annotate,0,3242,2844,0.000164312
bibliography,0,3242,2844,0.000164312
jew,0,3242,2844,0.000164312
jesu,0,3242,2844,0.000164312
hitler,0,3242,2844,0.000164312
lab,2,3242,2844,0.000492935
harvard,0,3242,2844,0.000164312
mindfulness,0,3242,2844,0.000164312
technique,0,3242,2844,0.000164312
jewel,0,3242,2844,0.000164312
swear,1,3242,2844,0.000328623
nada,0,3242,2844,0.000164312
dealt,0,3242,2844,0.000164312
method,0,3242,2844,0.000164312
profitable,0,3242,2844,0.000164312
duke,0,3242,2844,0.000164312
homeless,0,3242,2844,0.000164312
Youth,0,3242,2844,0.000164312
domestic,0,3242,2844,0.000164312
violence,0,3242,2844,0.000164312
newbi,0,3242,2844,0.000164312
river,0,3242,2844,0.000164312
waste,0,3242,2844,0.000164312
will,0,3242,2844,0.000164312
hail,0,3242,2844,0.000164312
encounter,0,3242,2844,0.000164312
agenda,0,3242,2844,0.000164312
funniest,0,3242,2844,0.000164312
sushi,0,3242,2844,0.000164312
lawyer,0,3242,2844,0.000164312
police,0,3242,2844,0.000164312
okay,0,3242,2844,0.000164312
feedback,0,3242,2844,0.000164312
settlement,0,3242,2844,0.000164312
plaintiff,0,3242,2844,0.000164312
role,1,3242,2844,0.000328623
insolvency,0,3242,2844,0.000164312
reconnaissance,0,3242,2844,0.000164312
caution,0,3242,2844,0.000164312
cyanogen,0,3242,2844,0.000164312
deep,0,3242,2844,0.000164312
participate,1,3242,2844,0.000328623
certification,2,3242,2844,0.000492935
spanish,3,3242,2844,0.000657246
medical,2,3242,2844,0.000492935
buffalo,1,3242,2844,0.000328623
pavilion,1,3242,2844,0.000328623
claw,1,3242,2844,0.000328623
relevance,2,3242,2844,0.000492935
rich,2,3242,2844,0.000492935
excel,9,3242,2844,0.001643115
productive,1,3242,2844,0.000328623
communication,2,3242,2844,0.000492935
underrate,1,3242,2844,0.000328623
dish,1,3242,2844,0.000328623
handset,1,3242,2844,0.000328623
explorer,3,3242,2844,0.000657246
eate,1,3242,2844,0.000328623
priceless,0,3242,2844,0.000164312
vancouver,2,3242,2844,0.000492935
evangelist,2,3242,2844,0.000492935
cash,2,3242,2844,0.000492935
coast,1,3242,2844,0.000328623
portland,1,3242,2844,0.000328623
safe,2,3242,2844,0.000492935
safety,2,3242,2844,0.000492935
technologi,1,3242,2844,0.000328623
encourage,1,3242,2844,0.000328623
career,2,3242,2844,0.000492935
enjoy,0,3242,2844,0.000164312
compell,1,3242,2844,0.000328623
self-service,1,3242,2844,0.000328623
registration,2,3242,2844,0.000492935
curate,4,3242,2844,0.000821558
greenwich,4,3242,2844,0.000821558
later,2,3242,2844,0.000492935
charity,1,3242,2844,0.000328623
philanthropy,1,3242,2844,0.000328623
scientist,9,3242,2844,0.001643115
extent,1,3242,2844,0.000328623
sponsor,1,3242,2844,0.000328623
delegate,1,3242,2844,0.000328623
validate,0,3242,2844,0.000164312
target,2,3242,2844,0.000492935
touchscreen,21,3242,2844,0.003614854
campu,1,3242,2844,0.000328623
mixer,1,3242,2844,0.000328623
science,6,3242,2844,0.001150181
fiction,2,3242,2844,0.000492935
playful,3,3242,2844,0.000657246
faculty,2,3242,2844,0.000492935
pois,2,3242,2844,0.000492935
action,2,3242,2844,0.000492935
contender,1,3242,2844,0.000328623
combine,1,3242,2844,0.000328623
interface,3,3242,2844,0.000657246
became,1,3242,2844,0.000328623
citizenship,1,3242,2844,0.000328623
member,1,3242,2844,0.000328623
border,1,3242,2844,0.000328623
utiliti,1,3242,2844,0.000328623
enterprise,10,3242,2844,0.001807427
scalability,7,3242,2844,0.001314492
unfair,1,3242,2844,0.000328623
assessment,1,3242,2844,0.000328623
sage,1,3242,2844,0.000328623
dynamic,6,3242,2844,0.001150181
opportuniti,1,3242,2844,0.000328623
tour,1,3242,2844,0.000328623
helsinki,1,3242,2844,0.000328623
finland,1,3242,2844,0.000328623
sugar-coate,1,3242,2844,0.000328623
blatant,1,3242,2844,0.000328623
propaganda,1,3242,2844,0.000328623
composite,1,3242,2844,0.000328623
individual,1,3242,2844,0.000328623
technological,2,3242,2844,0.000492935
futuristic,1,3242,2844,0.000328623
desir,1,3242,2844,0.000328623
provid,2,3242,2844,0.000492935
fund,2,3242,2844,0.000492935
sweatshop,1,3242,2844,0.000328623
gate,9,3242,2844,0.001643115
foundation,1,3242,2844,0.000328623
courtesy,1,3242,2844,0.000328623
inspir,1,3242,2844,0.000328623
surface,11,3242,2844,0.001971738
vulnerability,1,3242,2844,0.000328623
framework,2,3242,2844,0.000492935
eclips,10,3242,2844,0.001807427
violate,1,3242,2844,0.000328623
u.,3,3242,2844,0.000657246
law,2,3242,2844,0.000492935
netscape,1,3242,2844,0.000328623
victim,4,3242,2844,0.000821558
racketeer,3,3242,2844,0.000657246
outlaw,2,3242,2844,0.000492935
worker,1,3242,2844,0.000328623
chief,3,3242,2844,0.000657246
mole,3,3242,2844,0.000657246
messy,1,3242,2844,0.000328623
nightmare,1,3242,2844,0.000328623
creepy,1,3242,2844,0.000328623
enrage,1,3242,2844,0.000328623
produce,1,3242,2844,0.000328623
lobby,1,3242,2844,0.000328623
politician,1,3242,2844,0.000328623
acceptable,1,3242,2844,0.000328623
sit,1,3242,2844,0.000328623
compare,4,3242,2844,0.000821558
albatross,4,3242,2844,0.000821558
neck,4,3242,2844,0.000821558
happier,1,3242,2844,0.000328623
comp,1,3242,2844,0.000328623
discussion,3,3242,2844,0.000657246
grab,2,3242,2844,0.000492935
nearly,2,3242,2844,0.000492935
dine,2,3242,2844,0.000492935
lean,3,3242,2844,0.000657246
concept,3,3242,2844,0.000657246
corporation,1,3242,2844,0.000328623
difference,1,3242,2844,0.000328623
kick,1,3242,2844,0.000328623
alongside,2,3242,2844,0.000492935
colour,2,3242,2844,0.000492935
blew,1,3242,2844,0.000328623
water,2,3242,2844,0.000492935
interoperability,1,3242,2844,0.000328623
backward,2,3242,2844,0.000492935
compatibility,1,3242,2844,0.000328623
stephen,1,3242,2844,0.000328623
cesspit,1,3242,2844,0.000328623
extreme,2,3242,2844,0.000492935
avoid,1,3242,2844,0.000328623
negative,1,3242,2844,0.000328623
comment,2,3242,2844,0.000492935
distrust,0,3242,2844,0.000164312
angst,1,3242,2844,0.000328623
fixation,1,3242,2844,0.000328623
wave,1,3242,2844,0.000328623
bye-bye,1,3242,2844,0.000328623
preach,1,3242,2844,0.000328623
value,1,3242,2844,0.000328623
excuse,1,3242,2844,0.000328623
instantly,0,3242,2844,0.000164312
manually,1,3242,2844,0.000328623
unproductive,1,3242,2844,0.000328623
forc,1,3242,2844,0.000328623
enemi,1,3242,2844,0.000328623
pray,1,3242,2844,0.000328623
licens,3,3242,2844,0.000657246
baffle,1,3242,2844,0.000328623
moron,0,3242,2844,0.000164312
arrogance,3,3242,2844,0.000657246
compliment,1,3242,2844,0.000328623
obituari,1,3242,2844,0.000328623
riskiest,1,3242,2844,0.000328623
attribut,3,3242,2844,0.000657246
undergo,1,3242,2844,0.000328623
trial,1,3242,2844,0.000328623
alleg,1,3242,2844,0.000328623
practice,3,3242,2844,0.000657246
conclud,1,3242,2844,0.000328623
march,1,3242,2844,0.000328623
ultimate,2,3242,2844,0.000492935
catastrophe,1,3242,2844,0.000328623
plot,1,3242,2844,0.000328623
loathe,1,3242,2844,0.000328623
unable,1,3242,2844,0.000328623
german,1,3242,2844,0.000328623
federal,1,3242,2844,0.000328623
trojan,1,3242,2844,0.000328623
spy,1,3242,2844,0.000328623
exception,1,3242,2844,0.000328623
slack,1,3242,2844,0.000328623
mandarin,1,3242,2844,0.000328623
studi,1,3242,2844,0.000328623
cisco,3,3242,2844,0.000657246
sledgehammer,0,3242,2844,0.000164312
sake,3,3242,2844,0.000657246
friendship,1,3242,2844,0.000328623
aggressive,1,3242,2844,0.000328623
criticise,1,3242,2844,0.000328623
face-to-face,1,3242,2844,0.000328623
corporate,1,3242,2844,0.000328623
bonobo,1,3242,2844,0.000328623
monkey,1,3242,2844,0.000328623
ass,1,3242,2844,0.000328623
linux,5,3242,2844,0.000985869
extremist,1,3242,2844,0.000328623
attack,4,3242,2844,0.000821558
freedom,1,3242,2844,0.000328623
age,1,3242,2844,0.000328623
faith,1,3242,2844,0.000328623
lift,0,3242,2844,0.000164312
clear,2,3242,2844,0.000492935
disable,1,3242,2844,0.000328623
third,1,3242,2844,0.000328623
unmindful,0,3242,2844,0.000164312
collect,2,3242,2844,0.000492935
letter,3,3242,2844,0.000657246
retire,2,3242,2844,0.000492935
techie,2,3242,2844,0.000492935
leader,3,3242,2844,0.000657246
darkness,1,3242,2844,0.000328623
bind,1,3242,2844,0.000328623
vista,2,3242,2844,0.000492935
unborn,1,3242,2844,0.000328623
prediction,1,3242,2844,0.000328623
dell,2,3242,2844,0.000492935
shitty,1,3242,2844,0.000328623
ghost,1,3242,2844,0.000328623
logic,1,3242,2844,0.000328623
enlighten,1,3242,2844,0.000328623
diaz,1,3242,2844,0.000328623
influential,1,3242,2844,0.000328623
hispanic,1,3242,2844,0.000328623
compiler,9,3242,2844,0.001643115
specialist,1,3242,2844,0.000328623
bangalore,2,3242,2844,0.000492935
spigot,7,3242,2844,0.001314492
paper,4,3242,2844,0.000821558
bogu,1,3242,2844,0.000328623
benchmark,1,3242,2844,0.000328623
testify,1,3242,2844,0.000328623
novel,1,3242,2844,0.000328623
copyright,2,3242,2844,0.000492935
advert,1,3242,2844,0.000328623
denali,2,3242,2844,0.000492935
technical,3,3242,2844,0.000657246
researcher,7,3242,2844,0.001314492
gentle,0,3242,2844,0.000164312
meekly,1,3242,2844,0.000328623
doom,1,3242,2844,0.000328623
supporter,1,3242,2844,0.000328623
quote,1,3242,2844,0.000328623
episode,1,3242,2844,0.000328623
hawaii,1,3242,2844,0.000328623
kickoff,5,3242,2844,0.000985869
ping,3,3242,2844,0.000657246
embrac,1,3242,2844,0.000328623
apache,1,3242,2844,0.000328623
azure,7,3242,2844,0.001314492
pareto,3,3242,2844,0.000657246
chart,3,3242,2844,0.000657246
procedural,1,3242,2844,0.000328623
syntax,1,3242,2844,0.000328623
talent,1,3242,2844,0.000328623
boast,1,3242,2844,0.000328623
temp,1,3242,2844,0.000328623
workforce,1,3242,2844,0.000328623
beeline,1,3242,2844,0.000328623
central,1,3242,2844,0.000328623
boxe,1,3242,2844,0.000328623
holiday,3,3242,2844,0.000657246
bundle,1,3242,2844,0.000328623
season,1,3242,2844,0.000328623
joint,1,3242,2844,0.000328623
vital,2,3242,2844,0.000492935
participation,1,3242,2844,0.000328623
weep,1,3242,2844,0.000328623
mercy,1,3242,2844,0.000328623
firmware,1,3242,2844,0.000328623
innovate,1,3242,2844,0.000328623
api,1,3242,2844,0.000328623
basic,2,3242,2844,0.000492935
broadly,1,3242,2844,0.000328623
insight,2,3242,2844,0.000492935
organization,1,3242,2844,0.000328623
interact,3,3242,2844,0.000657246
norway,1,3242,2844,0.000328623
chair,1,3242,2844,0.000328623
interview,4,3242,2844,0.000821558
minority,0,3242,2844,0.000164312
carnegie,1,3242,2844,0.000328623
mellon,1,3242,2844,0.000328623
incomparable,1,3242,2844,0.000328623
tangl,1,3242,2844,0.000328623
mess,1,3242,2844,0.000328623
desk,1,3242,2844,0.000328623
conductive,1,3242,2844,0.000328623
gesture,1,3242,2844,0.000328623
spare,1,3242,2844,0.000328623
arbitrary,2,3242,2844,0.000492935
everyday,2,3242,2844,0.000492935
booth,2,3242,2844,0.000492935
duty,1,3242,2844,0.000328623
modern,1,3242,2844,0.000328623
warfare,1,3242,2844,0.000328623
transform,3,3242,2844,0.000657246
dancer,2,3242,2844,0.000492935
nowhere,1,3242,2844,0.000328623
near,1,3242,2844,0.000328623
slash,1,3242,2844,0.000328623
quincy,1,3242,2844,0.000328623
washington,1,3242,2844,0.000328623
summary,2,3242,2844,0.000492935
,1,3242,2844,0.000328623
feet,1,3242,2844,0.000328623
supplier,2,3242,2844,0.000492935
sustainability,1,3242,2844,0.000328623
movement,1,3242,2844,0.000328623
plastic,1,3242,2844,0.000328623
approach,1,3242,2844,0.000328623
durban,1,3242,2844,0.000328623
conflict,1,3242,2844,0.000328623
guru,1,3242,2844,0.000328623
institute,1,3242,2844,0.000328623
accuracy,1,3242,2844,0.000328623
integration,1,3242,2844,0.000328623
incorrect,1,3242,2844,0.000328623
association,1,3242,2844,0.000328623
undecid,0,3242,2844,0.000164312
minu,1,3242,2844,0.000328623
celebrity,6,3242,2844,0.001150181
impersonation,1,3242,2844,0.000328623
common,2,3242,2844,0.000492935
clothe,1,3242,2844,0.000328623
initiative,1,3242,2844,0.000328623
alternate,1,3242,2844,0.000328623
row,1,3242,2844,0.000328623
shortcut,1,3242,2844,0.000328623
bargain,1,3242,2844,0.000328623
bruise,1,3242,2844,0.000328623
expectation,1,3242,2844,0.000328623
deployment,4,3242,2844,0.000821558
securiti,2,3242,2844,0.000492935
interaction,2,3242,2844,0.000492935
engag,2,3242,2844,0.000492935
diss,3,3242,2844,0.000657246
e-commerce,1,3242,2844,0.000328623
expert,4,3242,2844,0.000821558
manipulate,1,3242,2844,0.000328623
swipe,1,3242,2844,0.000328623
dawn,1,3242,2844,0.000328623
evan,1,3242,2844,0.000328623
exec,2,3242,2844,0.000492935
seri,1,3242,2844,0.000328623
operation,1,3242,2844,0.000328623
holographic,1,3242,2844,0.000328623
vision,1,3242,2844,0.000328623
governance,1,3242,2844,0.000328623
exam,4,3242,2844,0.000821558
appli,5,3242,2844,0.000985869
critic,1,3242,2844,0.000328623
friendliness,1,3242,2844,0.000328623
branch,1,3242,2844,0.000328623
appliance,1,3242,2844,0.000328623
hybrid,1,3242,2844,0.000328623
gateway,1,3242,2844,0.000328623
fanatic,1,3242,2844,0.000328623
secur,0,3242,2844,0.000164312
certificate,1,3242,2844,0.000328623
brief,1,3242,2844,0.000328623
intelligence,1,3242,2844,0.000328623
studio,2,3242,2844,0.000492935
package,1,3242,2844,0.000328623
wonderful,1,3242,2844,0.000328623
orlando,1,3242,2844,0.000328623
automation,1,3242,2844,0.000328623
disney,1,3242,2844,0.000328623
course,2,3242,2844,0.000492935
persona,1,3242,2844,0.000328623
celebriti,1,3242,2844,0.000328623
road,0,3242,2844,0.000164312
newly,2,3242,2844,0.000492935
testimonial,2,3242,2844,0.000492935
seriou,1,3242,2844,0.000328623
view,4,3242,2844,0.000821558
connectivity,1,3242,2844,0.000328623
breakfast,1,3242,2844,0.000328623
slam,6,3242,2844,0.001150181
refine,1,3242,2844,0.000328623
regard,2,3242,2844,0.000492935
sugar,1,3242,2844,0.000328623
database,2,3242,2844,0.000492935
structure,1,3242,2844,0.000328623
accelerate,3,3242,2844,0.000657246
var,2,3242,2844,0.000492935
lucky,10,3242,2844,0.001807427
19th,1,3242,2844,0.000328623
department,1,3242,2844,0.000328623
justice,1,3242,2844,0.000328623
began,1,3242,2844,0.000328623
obsolete,1,3242,2844,0.000328623
flood,1,3242,2844,0.000328623
crisi,1,3242,2844,0.000328623
bangkok,1,3242,2844,0.000328623
county,2,3242,2844,0.000492935
automate,3,3242,2844,0.000657246
optimization,3,3242,2844,0.000657246
visibility,1,3242,2844,0.000328623
publish,2,3242,2844,0.000492935
cookbook,2,3242,2844,0.000492935
disguise,1,3242,2844,0.000328623
amateur,1,3242,2844,0.000328623
obviou,1,3242,2844,0.000328623
voucher,2,3242,2844,0.000492935
quarterly,1,3242,2844,0.000328623
implement,2,3242,2844,0.000492935
prompt,1,3242,2844,0.000328623
elevate,2,3242,2844,0.000492935
silently,0,3242,2844,0.000164312
academy,1,3242,2844,0.000328623
kenya,1,3242,2844,0.000328623
east,1,3242,2844,0.000328623
southern,1,3242,2844,0.000328623
multimedia,2,3242,2844,0.000492935
stravinsky,1,3242,2844,0.000328623
cd-rom,1,3242,2844,0.000328623
notebook,1,3242,2844,0.000328623
plug,3,3242,2844,0.000657246
installation,1,3242,2844,0.000328623
trashe,1,3242,2844,0.000328623
credential,1,3242,2844,0.000328623
director,1,3242,2844,0.000328623
consult,1,3242,2844,0.000328623
oracle,2,3242,2844,0.000492935
trade,1,3242,2844,0.000328623
packag,1,3242,2844,0.000328623
david,1,3242,2844,0.000328623
seize,1,3242,2844,0.000328623
boss,2,3242,2844,0.000492935
tile,2,3242,2844,0.000492935
heaven,1,3242,2844,0.000328623
gadgeteer,1,3242,2844,0.000328623
stimulate,1,3242,2844,0.000328623
playback,1,3242,2844,0.000328623
badge,1,3242,2844,0.000328623
additional,1,3242,2844,0.000328623
internal,1,3242,2844,0.000328623
greenest,1,3242,2844,0.000328623
danger,1,3242,2844,0.000328623
anonymou,1,3242,2844,0.000328623
example,1,3242,2844,0.000328623
pitman,1,3242,2844,0.000328623
customize,1,3242,2844,0.000328623
scam,1,3242,2844,0.000328623
viru,1,3242,2844,0.000328623
potential,1,3242,2844,0.000328623
qualification,1,3242,2844,0.000328623
lay,1,3242,2844,0.000328623
toulouse,2,3242,2844,0.000492935
achiev,1,3242,2844,0.000328623
mill,1,3242,2844,0.000328623
transaction,1,3242,2844,0.000328623
garner,1,3242,2844,0.000328623
organise,1,3242,2844,0.000328623
gold,1,3242,2844,0.000328623
tumble,1,3242,2844,0.000328623
dozen,1,3242,2844,0.000328623
organize,1,3242,2844,0.000328623
emergency,1,3242,2844,0.000328623
seat,1,3242,2844,0.000328623
delaware,1,3242,2844,0.000328623
projector,1,3242,2844,0.000328623
south,1,3242,2844,0.000328623
richmond,1,3242,2844,0.000328623
backyard,1,3242,2844,0.000328623
queue,2,3242,2844,0.000492935
workspace,1,3242,2844,0.000328623
ti,1,3242,2844,0.000328623
fri,1,3242,2844,0.000328623
balance,2,3242,2844,0.000492935
surpass,1,3242,2844,0.000328623
government,1,3242,2844,0.000328623
blob,1,3242,2844,0.000328623
milky,1,3242,2844,0.000328623
film,2,3242,2844,0.000492935
busyness,1,3242,2844,0.000328623
pocket,2,3242,2844,0.000492935
handheld,1,3242,2844,0.000328623
sterl,1,3242,2844,0.000328623
resume,1,3242,2844,0.000328623
consideration,1,3242,2844,0.000328623
algeria,3,3242,2844,0.000657246
britain,1,3242,2844,0.000328623
attract,1,3242,2844,0.000328623
shot,1,3242,2844,0.000328623
custom,1,3242,2844,0.000328623
sort,1,3242,2844,0.000328623
categori,1,3242,2844,0.000328623
wire,1,3242,2844,0.000328623
comput,1,3242,2844,0.000328623
escape,1,3242,2844,0.000328623
cake,2,3242,2844,0.000492935
involv,1,3242,2844,0.000328623
balm,1,3242,2844,0.000328623
royalti,1,3242,2844,0.000328623
pastel,1,3242,2844,0.000328623
physical,1,3242,2844,0.000328623
creator,1,3242,2844,0.000328623
driver,1,3242,2844,0.000328623
administrator,1,3242,2844,0.000328623
consultant,1,3242,2844,0.000328623
trainer,2,3242,2844,0.000492935
bank,1,3242,2844,0.000328623
hype,0,3242,2844,0.000164312
workload,0,3242,2844,0.000164312
qualify,0,3242,2844,0.000164312
todd,0,3242,2844,0.000164312
eight,0,3242,2844,0.000164312
adoption,0,3242,2844,0.000164312
practical,0,3242,2844,0.000164312
apron,0,3242,2844,0.000164312
foodie,0,3242,2844,0.000164312
sesame,0,3242,2844,0.000164312
national,0,3242,2844,0.000164312
geographic,0,3242,2844,0.000164312
tango,0,3242,2844,0.000164312
apollo,0,3242,2844,0.000164312
complicate,0,3242,2844,0.000164312
rescue,0,3242,2844,0.000164312
ensemble,0,3242,2844,0.000164312
incentive,0,3242,2844,0.000164312
belle,0,3242,2844,0.000164312
bug,0,3242,2844,0.000164312
tester,0,3242,2844,0.000164312
cerulean,0,3242,2844,0.000164312
size,0,3242,2844,0.000164312
freez,0,3242,2844,0.000164312
demonstrate,0,3242,2844,0.000164312
apart,0,3242,2844,0.000164312
genuine,0,3242,2844,0.000164312
fake,0,3242,2844,0.000164312
scammer,0,3242,2844,0.000164312
lure,0,3242,2844,0.000164312
grant,0,3242,2844,0.000164312
pinball,0,3242,2844,0.000164312
table,0,3242,2844,0.000164312
strongly,0,3242,2844,0.000164312
recommend,0,3242,2844,0.000164312
contest,0,3242,2844,0.000164312
chariti,0,3242,2844,0.000164312
unfortunately,0,3242,2844,0.000164312
catchment,0,3242,2844,0.000164312
cloth,0,3242,2844,0.000164312
alchemy,0,3242,2844,0.000164312
exclude,0,3242,2844,0.000164312
scribble,0,3242,2844,0.000164312
anti,0,3242,2844,0.000164312
expos,0,3242,2844,0.000164312
kept,0,3242,2844,0.000164312
fell,0,3242,2844,0.000164312
exist,0,3242,2844,0.000164312
realisation,0,3242,2844,0.000164312
complex,0,3242,2844,0.000164312
angle,0,3242,2844,0.000164312
contrast,0,3242,2844,0.000164312
portal,0,3242,2844,0.000164312
finalise,0,3242,2844,0.000164312
dodg,0,3242,2844,0.000164312
bullet,0,3242,2844,0.000164312
acquire,0,3242,2844,0.000164312
exact,0,3242,2844,0.000164312
favor,0,3242,2844,0.000164312
fresh,0,3242,2844,0.000164312
disclos,0,3242,2844,0.000164312
nascent,0,3242,2844,0.000164312
exploit,0,3242,2844,0.000164312
pose,0,3242,2844,0.000164312
rookie,0,3242,2844,0.000164312
veteran,0,3242,2844,0.000164312
tier,0,3242,2844,0.000164312
natural,0,3242,2844,0.000164312
ergonomic,0,3242,2844,0.000164312
guard,0,3242,2844,0.000164312
creation,0,3242,2844,0.000164312
range,0,3242,2844,0.000164312
tick,0,3242,2844,0.000164312
vouch,0,3242,2844,0.000164312
programmer,0,3242,2844,0.000164312
ethical,0,3242,2844,0.000164312
interactive,0,3242,2844,0.000164312
winner,0,3242,2844,0.000164312
sweepstake,0,3242,2844,0.000164312
log-in,0,3242,2844,0.000164312
competitor,0,3242,2844,0.000164312
dryad,0,3242,2844,0.000164312
mary,0,3242,2844,0.000164312
basically,0,3242,2844,0.000164312
glorifi,0,3242,2844,0.000164312
approache,0,3242,2844,0.000164312
wild,0,3242,2844,0.000164312
follower,0,3242,2844,0.000164312
giveaway,0,3242,2844,0.000164312
mock,0,3242,2844,0.000164312
circuit,0,3242,2844,0.000164312
saint,0,3242,2844,0.000164312
doughnut,0,3242,2844,0.000164312
dinner,0,3242,2844,0.000164312
techno,0,3242,2844,0.000164312
depot,0,3242,2844,0.000164312
shopper,0,3242,2844,0.000164312
distribution,0,3242,2844,0.000164312
philip,0,3242,2844,0.000164312
nobel,0,3242,2844,0.000164312
writer,0,3242,2844,0.000164312
squar,0,3242,2844,0.000164312
corner,0,3242,2844,0.000164312
wary,0,3242,2844,0.000164312
soft,0,3242,2844,0.000164312
proxy,0,3242,2844,0.000164312
unblock,0,3242,2844,0.000164312
plush,0,3242,2844,0.000164312
turret,0,3242,2844,0.000164312
deploy,0,3242,2844,0.000164312
