Words,Features,# of words in twitter,# of unique words in all documents,Condition prob of given word in twitter
apple,0,2145,2844,0.000200441
crack,1,2145,2844,0.000400882
ad,0,2145,2844,0.000200441
carrier,0,2145,2844,0.000200441
support,0,2145,2844,0.000200441
announc,0,2145,2844,0.000200441
hilariou,0,2145,2844,0.000200441
video,0,2145,2844,0.000200441
duet,0,2145,2844,0.000200441
pretty,4,2145,2844,0.001002205
much,8,2145,2844,0.001803969
sum,0,2145,2844,0.000200441
love,12,2145,2844,0.002605733
affair,0,2145,2844,0.000200441
made,1,2145,2844,0.000400882
easy,0,2145,2844,0.000200441
switch,1,2145,2844,0.000400882
realize,1,2145,2844,0.000400882
reason,1,2145,2844,0.000400882
twitter,455,2145,2844,0.091401082
thank,8,2145,2844,0.001803969
current,1,2145,2844,0.000400882
blackberry,1,2145,2844,0.000400882
user,1,2145,2844,0.000400882
little,3,2145,2844,0.000801764
disappoint,0,2145,2844,0.000200441
move,1,2145,2844,0.000400882
android,5,2145,2844,0.001202646
strangest,0,2145,2844,0.000200441
thing,6,2145,2844,0.001403087
said,1,2145,2844,0.000400882
glad,2,2145,2844,0.000601323
gave,0,2145,2844,0.000200441
sense,1,2145,2844,0.000400882
humor,1,2145,2844,0.000400882
great,5,2145,2844,0.001202646
close,0,2145,2844,0.000200441
personal,1,2145,2844,0.000400882
event,0,2145,2844,0.000200441
tonight,3,2145,2844,0.000801764
regent,0,2145,2844,0.000200441
store,0,2145,2844,0.000200441
compani,0,2145,2844,0.000200441
experience,0,2145,2844,0.000200441
best,10,2145,2844,0.002204851
customer,0,2145,2844,0.000200441
service,0,2145,2844,0.000200441
aside,0,2145,2844,0.000200441
apply,0,2145,2844,0.000200441
hope,1,2145,2844,0.000400882
call,1,2145,2844,0.000400882
think,7,2145,2844,0.001603528
magical,0,2145,2844,0.000200441
dy,0,2145,2844,0.000200441
suggest,0,2145,2844,0.000200441
find,15,2145,2844,0.003207056
whore,1,2145,2844,0.000400882
hide,0,2145,2844,0.000200441
body,0,2145,2844,0.000200441
register,0,2145,2844,0.000200441
developer,0,2145,2844,0.000200441
actually,3,2145,2844,0.000801764
help,9,2145,2844,0.00200441
greatly,0,2145,2844,0.000200441
appreciate,1,2145,2844,0.000400882
deal,0,2145,2844,0.000200441
first,3,2145,2844,0.000801764
model,0,2145,2844,0.000200441
offer,0,2145,2844,0.000200441
refurbish,0,2145,2844,0.000200441
come,5,2145,2844,0.001202646
dark,3,2145,2844,0.000801764
side,3,2145,2844,0.000801764
send,3,2145,2844,0.000801764
free,10,2145,2844,0.002204851
publicly,0,2145,2844,0.000200441
ceremoniously,0,2145,2844,0.000200441
burn,0,2145,2844,0.000200441
version,0,2145,2844,0.000200441
locate,0,2145,2844,0.000200441
wipe,0,2145,2844,0.000200441
stolen,0,2145,2844,0.000200441
garden,0,2145,2844,0.000200441
replac,0,2145,2844,0.000200441
lunch,0,2145,2844,0.000200441
break,3,2145,2844,0.000801764
today,1,2145,2844,0.000400882
warranty,0,2145,2844,0.000200441
replace,0,2145,2844,0.000200441
bound,0,2145,2844,0.000200441
playbook,0,2145,2844,0.000200441
team,0,2145,2844,0.000200441
amaz,1,2145,2844,0.000400882
featur,0,2145,2844,0.000200441
education,1,2145,2844,0.000400882
sweet,0,2145,2844,0.000200441
want,4,2145,2844,0.001002205
done,2,2145,2844,0.000601323
right,1,2145,2844,0.000400882
useless,0,2145,2844,0.000200441
day,13,2145,2844,0.002806174
unexpect,0,2145,2844,0.000200441
workshop,0,2145,2844,0.000200441
Yesterday,0,2145,2844,0.000200441
awesome,3,2145,2844,0.000801764
amount,1,2145,2844,0.000400882
info,0,2145,2844,0.000200441
question,1,2145,2844,0.000400882
people,16,2145,2844,0.003407496
bitch,5,2145,2844,0.001202646
smartest,0,2145,2844,0.000200441
phone,9,2145,2844,0.00200441
ever,0,2145,2844,0.000200441
happy,4,2145,2844,0.001002205
point,2,2145,2844,0.000601323
mentor,0,2145,2844,0.000200441
triple,0,2145,2844,0.000200441
umber,0,2145,2844,0.000200441
well,4,2145,2844,0.001002205
mobile,0,2145,2844,0.000200441
device,0,2145,2844,0.000200441
talk,4,2145,2844,0.001002205
desktop,0,2145,2844,0.000200441
coach,0,2145,2844,0.000200441
bring,0,2145,2844,0.000200441
wish,1,2145,2844,0.000400882
sell,0,2145,2844,0.000200441
million,1,2145,2844,0.000400882
unit,0,2145,2844,0.000200441
weekend,0,2145,2844,0.000200441
job,0,2145,2844,0.000200441
brilliance,0,2145,2844,0.000200441
live,5,2145,2844,0.001202646
apologize,2,2145,2844,0.000601323
download,0,2145,2844,0.000200441
prove,0,2145,2844,0.000200441
popular,0,2145,2844,0.000200441
look,4,2145,2844,0.001002205
argument,1,2145,2844,0.000400882
incredible,0,2145,2844,0.000200441
better,9,2145,2844,0.00200441
save,2,2145,2844,0.000601323
unwant,0,2145,2844,0.000200441
seen,1,2145,2844,0.000400882
light,1,2145,2844,0.000400882
fix,1,2145,2844,0.000400882
battery,0,2145,2844,0.000200441
drain,0,2145,2844,0.000200441
problem,4,2145,2844,0.001002205
replacement,0,2145,2844,0.000200441
work,8,2145,2844,0.001803969
like,29,2145,2844,0.006013229
champ,0,2145,2844,0.000200441
currently,0,2145,2844,0.000200441
order,0,2145,2844,0.000200441
brand,1,2145,2844,0.000400882
Year,12,2145,2844,0.002605733
miss,5,2145,2844,0.001202646
time,10,2145,2844,0.002204851
bless,2,2145,2844,0.000601323
know,18,2145,2844,0.003808378
brother,0,2145,2844,0.000200441
girlfriend,1,2145,2844,0.000400882
least,2,2145,2844,0.000601323
wait,1,2145,2844,0.000400882
music,4,2145,2844,0.001002205
glass,0,2145,2844,0.000200441
debut,0,2145,2844,0.000200441
technology,3,2145,2844,0.000801764
unreal,0,2145,2844,0.000200441
update,11,2145,2844,0.002405292
another,2,2145,2844,0.000601323
mention,6,2145,2844,0.001403087
get,3,2145,2844,0.000801764
forward,1,2145,2844,0.000400882
stick,0,2145,2844,0.000200441
longer,1,2145,2844,0.000400882
pay,1,2145,2844,0.000400882
text,3,2145,2844,0.000801764
hate,2,2145,2844,0.000601323
computer,1,2145,2844,0.000400882
need,21,2145,2844,0.004409701
mack,0,2145,2844,0.000200441
flawless,0,2145,2844,0.000200441
cloud,0,2145,2844,0.000200441
totally,0,2145,2844,0.000200441
email,3,2145,2844,0.000801764
company,0,2145,2844,0.000200441
alway,2,2145,2844,0.000601323
upgrade,0,2145,2844,0.000200441
nice,2,2145,2844,0.000601323
tech,0,2145,2844,0.000200441
mall,0,2145,2844,0.000200441
faster,0,2145,2844,0.000200441
even,9,2145,2844,0.00200441
though,0,2145,2844,0.000200441
hubby,0,2145,2844,0.000200441
geek,0,2145,2844,0.000200441
make,16,2145,2844,0.003407496
thankful,0,2145,2844,0.000200441
go,5,2145,2844,0.001202646
beyond,0,2145,2844,0.000200441
sick,0,2145,2844,0.000200441
play,0,2145,2844,0.000200441
camera,0,2145,2844,0.000200441
Yeah,1,2145,2844,0.000400882
chang,3,2145,2844,0.000801764
life,7,2145,2844,0.001603528
safari,0,2145,2844,0.000200441
reader,0,2145,2844,0.000200441
own,0,2145,2844,0.000200441
worldwide,3,2145,2844,0.000801764
case,1,2145,2844,0.000400882
hand,0,2145,2844,0.000200441
walk,0,2145,2844,0.000200441
laid,0,2145,2844,0.000200441
next,0,2145,2844,0.000200441
last,1,2145,2844,0.000400882
us,4,2145,2844,0.001002205
disruption,0,2145,2844,0.000200441
lost,2,2145,2844,0.000601323
gig,0,2145,2844,0.000200441
keep,13,2145,2844,0.002806174
Yessss,0,2145,2844,0.000200441
especially,1,2145,2844,0.000400882
slide,0,2145,2844,0.000200441
screen,0,2145,2844,0.000200441
good,12,2145,2844,0.002605733
second,12,2145,2844,0.002605733
madness,0,2145,2844,0.000200441
invest,0,2145,2844,0.000200441
gear,0,2145,2844,0.000200441
sent,0,2145,2844,0.000200441
grandma,0,2145,2844,0.000200441
post,8,2145,2844,0.001803969
card,0,2145,2844,0.000200441
sorry,2,2145,2844,0.000601323
put,0,2145,2844,0.000200441
wash,0,2145,2844,0.000200441
kind,0,2145,2844,0.000200441
equivalent,0,2145,2844,0.000200441
blend,0,2145,2844,0.000200441
hear,0,2145,2844,0.000200441
still,8,2145,2844,0.001803969
alive,2,2145,2844,0.000601323
launder,0,2145,2844,0.000200441
finest,0,2145,2844,0.000200441
moment,2,2145,2844,0.000601323
dry,0,2145,2844,0.000200441
organic,0,2145,2844,0.000200441
rice,0,2145,2844,0.000200441
boot,0,2145,2844,0.000200441
system,0,2145,2844,0.000200441
smash,0,2145,2844,0.000200441
lock,3,2145,2844,0.000801764
open,0,2145,2844,0.000200441
unlock,0,2145,2844,0.000200441
word,4,2145,2844,0.001002205
sale,0,2145,2844,0.000200441
four,1,2145,2844,0.000400882
easter,0,2145,2844,0.000200441
egg,0,2145,2844,0.000200441
pull,2,2145,2844,0.000601323
middle,0,2145,2844,0.000200441
bottom,0,2145,2844,0.000200441
feature,0,2145,2844,0.000200441
simply,3,2145,2844,0.000801764
must,2,2145,2844,0.000601323
admit,0,2145,2844,0.000200441
camper,0,2145,2844,0.000200441
tone,0,2145,2844,0.000200441
ring,0,2145,2844,0.000200441
drake,0,2145,2844,0.000200441
receiv,0,2145,2844,0.000200441
ipod,0,2145,2844,0.000200441
wife,1,2145,2844,0.000400882
upgrad,0,2145,2844,0.000200441
alone,1,2145,2844,0.000400882
worth,2,2145,2844,0.000601323
continu,0,2145,2844,0.000200441
enhance,0,2145,2844,0.000200441
honor,0,2145,2844,0.000200441
truly,1,2145,2844,0.000400882
loss,0,2145,2844,0.000200441
geniu,0,2145,2844,0.000200441
notifi,1,2145,2844,0.000400882
arriv,0,2145,2844,0.000200441
local,1,2145,2844,0.000400882
office,0,2145,2844,0.000200441
deliver,0,2145,2844,0.000200441
sunday,0,2145,2844,0.000200441
magic,0,2145,2844,0.000200441
meet,0,2145,2844,0.000200441
butler,0,2145,2844,0.000200441
click,1,2145,2844,0.000400882
link,1,2145,2844,0.000400882
never,8,2145,2844,0.001803969
feel,5,2145,2844,0.001202646
worst,0,2145,2844,0.000200441
speaker,0,2145,2844,0.000200441
spoil,0,2145,2844,0.000200441
luck,0,2145,2844,0.000200441
surviv,0,2145,2844,0.000200441
addict,6,2145,2844,0.001403087
welcome,4,2145,2844,0.001002205
club,0,2145,2844,0.000200441
innovation,0,2145,2844,0.000200441
exhibit,0,2145,2844,0.000200441
instead,3,2145,2844,0.000801764
watch,4,2145,2844,0.001002205
game,2,2145,2844,0.000601323
sport,1,2145,2844,0.000400882
hiss,0,2145,2844,0.000200441
berry,0,2145,2844,0.000200441
power,1,2145,2844,0.000400882
guy,1,2145,2844,0.000400882
witchcraft,0,2145,2844,0.000200441
lead,0,2145,2844,0.000200441
notification,0,2145,2844,0.000200441
search,0,2145,2844,0.000200441
cover,0,2145,2844,0.000200441
mail,0,2145,2844,0.000200441
wifi,0,2145,2844,0.000200441
sync,0,2145,2844,0.000200441
backup,0,2145,2844,0.000200441
integrate,0,2145,2844,0.000200441
jame,0,2145,2844,0.000200441
stewart,0,2145,2844,0.000200441
story,1,2145,2844,0.000400882
importance,0,2145,2844,0.000200441
architecture,0,2145,2844,0.000200441
retail,0,2145,2844,0.000200441
success,0,2145,2844,0.000200441
world,6,2145,2844,0.001403087
impressive,1,2145,2844,0.000400882
metro,0,2145,2844,0.000200441
centre,0,2145,2844,0.000200441
cable,0,2145,2844,0.000200441
book,3,2145,2844,0.000801764
grati,0,2145,2844,0.000200441
show,7,2145,2844,0.001603528
hairline,0,2145,2844,0.000200441
happen,4,2145,2844,0.001002205
edge,0,2145,2844,0.000200441
taken,0,2145,2844,0.000200441
min,0,2145,2844,0.000200441
write,3,2145,2844,0.000801764
convert,0,2145,2844,0.000200441
grass,0,2145,2844,0.000200441
greener,0,2145,2844,0.000200441
backside,0,2145,2844,0.000200441
impress,0,2145,2844,0.000200441
space,0,2145,2844,0.000200441
creative,0,2145,2844,0.000200441
product,0,2145,2844,0.000200441
inspire,0,2145,2844,0.000200441
unbelievable,0,2145,2844,0.000200441
present,0,2145,2844,0.000200441
requir,0,2145,2844,0.000200441
finally,4,2145,2844,0.001002205
stupid,1,2145,2844,0.000400882
learn,1,2145,2844,0.000400882
lesson,0,2145,2844,0.000200441
absolutely,0,2145,2844,0.000200441
invent,0,2145,2844,0.000200441
parent,0,2145,2844,0.000200441
listen,0,2145,2844,0.000200441
create,1,2145,2844,0.000400882
folder,0,2145,2844,0.000200441
within,0,2145,2844,0.000200441
photo,1,2145,2844,0.000400882
album,0,2145,2844,0.000200441
thorn,0,2145,2844,0.000200441
workstation,0,2145,2844,0.000200441
di,0,2145,2844,0.000200441
month,2,2145,2844,0.000601323
long,3,2145,2844,0.000801764
hello,2,2145,2844,0.000601323
really,11,2145,2844,0.002405292
throw,1,2145,2844,0.000400882
trash,1,2145,2844,0.000400882
upload,1,2145,2844,0.000400882
issue,3,2145,2844,0.000801764
submit,0,2145,2844,0.000200441
idea,1,2145,2844,0.000400882
beta,0,2145,2844,0.000200441
crazy,2,2145,2844,0.000601323
crop,0,2145,2844,0.000200441
prop,1,2145,2844,0.000400882
employee,0,2145,2844,0.000200441
charge,0,2145,2844,0.000200441
back,14,2145,2844,0.003006615
plate,0,2145,2844,0.000200441
mouse,0,2145,2844,0.000200441
voice,2,2145,2844,0.000601323
recognition,0,2145,2844,0.000200441
step,2,2145,2844,0.000601323
previou,0,2145,2844,0.000200441
attempt,0,2145,2844,0.000200441
bravo,0,2145,2844,0.000200441
sprint,1,2145,2844,0.000400882
expect,0,2145,2844,0.000200441
touch,2,2145,2844,0.000601323
coolness,0,2145,2844,0.000200441
apparently,0,2145,2844,0.000200441
storage,0,2145,2844,0.000200441
tell,10,2145,2844,0.002204851
full,0,2145,2844,0.000200441
expensive,0,2145,2844,0.000200441
went,0,2145,2844,0.000200441
loyalty,0,2145,2844,0.000200441
kill,0,2145,2844,0.000200441
tune,0,2145,2844,0.000200441
lonely,0,2145,2844,0.000200441
silly,0,2145,2844,0.000200441
hurry,0,2145,2844,0.000200441
release,0,2145,2844,0.000200441
exchange,0,2145,2844,0.000200441
cord,0,2145,2844,0.000200441
airdrop,0,2145,2844,0.000200441
fail,1,2145,2844,0.000400882
immediate,0,2145,2844,0.000200441
declin,0,2145,2844,0.000200441
request,0,2145,2844,0.000200441
every,5,2145,2844,0.001202646
article,0,2145,2844,0.000200441
fuck,11,2145,2844,0.002405292
lion,0,2145,2844,0.000200441
future,1,2145,2844,0.000400882
complain,0,2145,2844,0.000200441
Yellow,0,2145,2844,0.000200441
tint,0,2145,2844,0.000200441
contact,0,2145,2844,0.000200441
picture,1,2145,2844,0.000400882
list,1,2145,2844,0.000400882
simple,0,2145,2844,0.000200441
major,0,2145,2844,0.000200441
ask,0,2145,2844,0.000200441
dream,0,2145,2844,0.000200441
electric,0,2145,2844,0.000200441
sleep,13,2145,2844,0.002806174
answer,2,2145,2844,0.000601323
opportunity,0,2145,2844,0.000200441
surprise,0,2145,2844,0.000200441
error,0,2145,2844,0.000200441
alert,0,2145,2844,0.000200441
authorize,0,2145,2844,0.000200441
button,0,2145,2844,0.000200441
evil,0,2145,2844,0.000200441
lord,1,2145,2844,0.000400882
blaze,0,2145,2844,0.000200441
inferno,0,2145,2844,0.000200441
obviously,0,2145,2844,0.000200441
noth,0,2145,2844,0.000200441
perfect,0,2145,2844,0.000200441
opposite,0,2145,2844,0.000200441
please,8,2145,2844,0.001803969
delete,1,2145,2844,0.000400882
dick,0,2145,2844,0.000200441
sign,0,2145,2844,0.000200441
seriously,2,2145,2844,0.000601323
of,0,2145,2844,0.000200441
clue,0,2145,2844,0.000200441
mean,3,2145,2844,0.000801764
authorization,0,2145,2844,0.000200441
harder,0,2145,2844,0.000200441
purchas,0,2145,2844,0.000200441
shit,14,2145,2844,0.003006615
data,0,2145,2844,0.000200441
media,4,2145,2844,0.001002205
take,10,2145,2844,0.002204851
rebuild,0,2145,2844,0.000200441
vega,0,2145,2844,0.000200441
give,9,2145,2844,0.00200441
hour,15,2145,2844,0.003207056
wonky,0,2145,2844,0.000200441
dear,2,2145,2844,0.000601323
destroy,0,2145,2844,0.000200441
productivity,0,2145,2844,0.000200441
lack,0,2145,2844,0.000200441
frustrate,0,2145,2844,0.000200441
ruin,0,2145,2844,0.000200441
turn,1,2145,2844,0.000400882
utterly,0,2145,2844,0.000200441
pile,0,2145,2844,0.000200441
sure,2,2145,2844,0.000601323
duff,0,2145,2844,0.000200441
almost,1,2145,2844,0.000400882
week,0,2145,2844,0.000200441
paid,0,2145,2844,0.000200441
match,0,2145,2844,0.000200441
remov,0,2145,2844,0.000200441
hard,2,2145,2844,0.000601323
suck,2,2145,2844,0.000601323
interest,3,2145,2844,0.000801764
note,1,2145,2844,0.000400882
removable,0,2145,2844,0.000200441
launch,0,2145,2844,0.000200441
can,0,2145,2844,0.000200441
jackass,0,2145,2844,0.000200441
shoot,0,2145,2844,0.000200441
shuffle,0,2145,2844,0.000200441
sound,0,2145,2844,0.000200441
quality,0,2145,2844,0.000200441
painfully,0,2145,2844,0.000200441
crap,0,2145,2844,0.000200441
downgrade,0,2145,2844,0.000200441
wise,0,2145,2844,0.000200441
slow,0,2145,2844,0.000200441
stuck,2,2145,2844,0.000601323
half,0,2145,2844,0.000200441
thankfully,0,2145,2844,0.000200441
damage,0,2145,2844,0.000200441
thorough,0,2145,2844,0.000200441
cost,0,2145,2844,0.000200441
mightily,0,2145,2844,0.000200441
include,2,2145,2844,0.000601323
song,1,2145,2844,0.000400882
compilation,0,2145,2844,0.000200441
artist,1,2145,2844,0.000400882
name,4,2145,2844,0.001002205
exclaim,0,2145,2844,0.000200441
whole,1,2145,2844,0.000400882
total,0,2145,2844,0.000200441
chao,0,2145,2844,0.000200441
street,5,2145,2844,0.001202646
ethiopian,0,2145,2844,0.000200441
feed,1,2145,2844,0.000400882
station,1,2145,2844,0.000400882
believe,4,2145,2844,0.001002205
cool,5,2145,2844,0.001202646
purchase,0,2145,2844,0.000200441
survey,0,2145,2844,0.000200441
correction,0,2145,2844,0.000200441
kudo,0,2145,2844,0.000200441
alamo,0,2145,2844,0.000200441
ranch,0,2145,2844,0.000200441
resolve,0,2145,2844,0.000200441
hero,0,2145,2844,0.000200441
stand,1,2145,2844,0.000400882
line,6,2145,2844,0.001403087
newest,0,2145,2844,0.000200441
sucker,0,2145,2844,0.000200441
braille,0,2145,2844,0.000200441
bump,0,2145,2844,0.000200441
crush,1,2145,2844,0.000400882
already,1,2145,2844,0.000400882
schedule,0,2145,2844,0.000200441
summer,0,2145,2844,0.000200441
thursday,0,2145,2844,0.000200441
available,0,2145,2844,0.000200441
appointment,1,2145,2844,0.000400882
allow,1,2145,2844,0.000400882
push,0,2145,2844,0.000200441
Yap,0,2145,2844,0.000200441
message,0,2145,2844,0.000200441
icon,0,2145,2844,0.000200441
includ,0,2145,2844,0.000200441
require,0,2145,2844,0.000200441
reservation,0,2145,2844,0.000200441
crappy,0,2145,2844,0.000200441
keyboard,0,2145,2844,0.000200441
around,2,2145,2844,0.000601323
progress,1,2145,2844,0.000400882
function,1,2145,2844,0.000400882
page,0,2145,2844,0.000200441
awful,0,2145,2844,0.000200441
interrupt,0,2145,2844,0.000200441
piece,0,2145,2844,0.000200441
dollar,1,2145,2844,0.000400882
charg,1,2145,2844,0.000400882
slowly,1,2145,2844,0.000400882
solve,0,2145,2844,0.000200441
pick,0,2145,2844,0.000200441
set,0,2145,2844,0.000200441
calendar,0,2145,2844,0.000200441
item,0,2145,2844,0.000200441
program,0,2145,2844,0.000200441
software,0,2145,2844,0.000200441
repair,0,2145,2844,0.000200441
proper,0,2145,2844,0.000200441
consolidation,0,2145,2844,0.000200441
stop,3,2145,2844,0.000801764
lose,3,2145,2844,0.000801764
bought,0,2145,2844,0.000200441
ship,0,2145,2844,0.000200441
enable,0,2145,2844,0.000200441
plan,1,2145,2844,0.000400882
handle,0,2145,2844,0.000200441
prevent,0,2145,2844,0.000200441
audio,0,2145,2844,0.000200441
operate,0,2145,2844,0.000200441
properly,0,2145,2844,0.000200441
hater,0,2145,2844,0.000200441
buttery,0,2145,2844,0.000200441
finish,0,2145,2844,0.000200441
fast,1,2145,2844,0.000400882
signal,0,2145,2844,0.000200441
rapidly,0,2145,2844,0.000200441
canon,0,2145,2844,0.000200441
compact,0,2145,2844,0.000200441
flash,0,2145,2844,0.000200441
goe,3,2145,2844,0.000801764
damn,8,2145,2844,0.001803969
term,0,2145,2844,0.000200441
condition,0,2145,2844,0.000200441
read,2,2145,2844,0.000601323
late,1,2145,2844,0.000400882
screw,0,2145,2844,0.000200441
alarm,0,2145,2844,0.000200441
dose,0,2145,2844,0.000200441
decide,0,2145,2844,0.000200441
freeze,0,2145,2844,0.000200441
wont,0,2145,2844,0.000200441
annoy,0,2145,2844,0.000200441
officially,0,2145,2844,0.000200441
boycot,0,2145,2844,0.000200441
curse,0,2145,2844,0.000200441
wast,0,2145,2844,0.000200441
seek,0,2145,2844,0.000200441
japan,0,2145,2844,0.000200441
australia,0,2145,2844,0.000200441
patent,0,2145,2844,0.000200441
intensifi,0,2145,2844,0.000200441
injunction,0,2145,2844,0.000200441
sought,0,2145,2844,0.000200441
dead,4,2145,2844,0.001002205
restore,0,2145,2844,0.000200441
pain,0,2145,2844,0.000200441
room,0,2145,2844,0.000200441
undo,0,2145,2844,0.000200441
garbage,1,2145,2844,0.000400882
avail,0,2145,2844,0.000200441
site,3,2145,2844,0.000801764
browser,0,2145,2844,0.000200441
trouble,1,2145,2844,0.000400882
brightness,0,2145,2844,0.000200441
remember,1,2145,2844,0.000400882
enter,0,2145,2844,0.000200441
market,3,2145,2844,0.000801764
piss,0,2145,2844,0.000200441
certain,0,2145,2844,0.000200441
worse,0,2145,2844,0.000200441
newton,0,2145,2844,0.000200441
hockey,0,2145,2844,0.000200441
puck,0,2145,2844,0.000200441
painful,0,2145,2844,0.000200441
invention,0,2145,2844,0.000200441
account,3,2145,2844,0.000801764
suddenly,0,2145,2844,0.000200441
address,0,2145,2844,0.000200441
someone,4,2145,2844,0.001002205
window,0,2145,2844,0.000200441
compatible,0,2145,2844,0.000200441
care,2,2145,2844,0.000601323
restor,0,2145,2844,0.000200441
restriction,0,2145,2844,0.000200441
none,0,2145,2844,0.000200441
seemingly,0,2145,2844,0.000200441
endless,0,2145,2844,0.000200441
loop,0,2145,2844,0.000200441
investigate,0,2145,2844,0.000200441
terrible,0,2145,2844,0.000200441
apology,0,2145,2844,0.000200441
busy,1,2145,2844,0.000400882
stylu,0,2145,2844,0.000200441
forever,0,2145,2844,0.000200441
outside,0,2145,2844,0.000200441
daughter,0,2145,2844,0.000200441
drive,0,2145,2844,0.000200441
nut,0,2145,2844,0.000200441
blame,0,2145,2844,0.000200441
honest,0,2145,2844,0.000200441
complete,0,2145,2844,0.000200441
poor,0,2145,2844,0.000200441
slip,0,2145,2844,0.000200441
except,0,2145,2844,0.000200441
cute,0,2145,2844,0.000200441
eyelash,0,2145,2844,0.000200441
bat,0,2145,2844,0.000200441
shag,0,2145,2844,0.000200441
snatch,0,2145,2844,0.000200441
dependent,0,2145,2844,0.000200441
network,2,2145,2844,0.000601323
connection,1,2145,2844,0.000400882
utter,0,2145,2844,0.000200441
frustration,0,2145,2844,0.000200441
amus,1,2145,2844,0.000400882
seem,3,2145,2844,0.000801764
render,0,2145,2844,0.000200441
machine,0,2145,2844,0.000200441
incapable,0,2145,2844,0.000200441
zero,0,2145,2844,0.000200441
useful,1,2145,2844,0.000400882
commit,0,2145,2844,0.000200441
rain,0,2145,2844,0.000200441
soon,1,2145,2844,0.000400882
share,6,2145,2844,0.001403087
reminder,1,2145,2844,0.000400882
also,2,2145,2844,0.000601323
webpage,0,2145,2844,0.000200441
modify,0,2145,2844,0.000200441
crashe,0,2145,2844,0.000200441
congratulation,0,2145,2844,0.000200441
incompatible,0,2145,2844,0.000200441
vertical,0,2145,2844,0.000200441
mission,0,2145,2844,0.000200441
control,0,2145,2844,0.000200441
horizontal,0,2145,2844,0.000200441
business,5,2145,2844,0.001202646
nauseou,0,2145,2844,0.000200441
explain,5,2145,2844,0.001202646
distribut,0,2145,2844,0.000200441
succee,0,2145,2844,0.000200441
early,1,2145,2844,0.000400882
file,0,2145,2844,0.000200441
disappear,0,2145,2844,0.000200441
hurt,2,2145,2844,0.000601323
li,1,2145,2844,0.000400882
definitely,0,2145,2844,0.000200441
check,1,2145,2844,0.000400882
usage,1,2145,2844,0.000400882
huge,0,2145,2844,0.000200441
podcast,0,2145,2844,0.000200441
drop,1,2145,2844,0.000400882
ball,0,2145,2844,0.000200441
perhap,0,2145,2844,0.000200441
star,0,2145,2844,0.000200441
war,0,2145,2844,0.000200441
brain,0,2145,2844,0.000200441
password,0,2145,2844,0.000200441
protect,0,2145,2844,0.000200441
quickly,0,2145,2844,0.000200441
see,0,2145,2844,0.000200441
bar,0,2145,2844,0.000200441
return,0,2145,2844,0.000200441
anyway,1,2145,2844,0.000400882
start,9,2145,2844,0.00200441
knew,0,2145,2844,0.000200441
pink,1,2145,2844,0.000400882
hold,0,2145,2844,0.000200441
hindi,0,2145,2844,0.000200441
cheer,0,2145,2844,0.000200441
indian,0,2145,2844,0.000200441
language,0,2145,2844,0.000200441
warn,0,2145,2844,0.000200441
spontaneously,0,2145,2844,0.000200441
loose,0,2145,2844,0.000200441
might,1,2145,2844,0.000400882
fault,0,2145,2844,0.000200441
hopefully,1,2145,2844,0.000400882
figure,0,2145,2844,0.000200441
copy,0,2145,2844,0.000200441
hell,3,2145,2844,0.000801764
unhappy,0,2145,2844,0.000200441
change,3,2145,2844,0.000801764
input,0,2145,2844,0.000200441
number,5,2145,2844,0.001202646
handl,0,2145,2844,0.000200441
blue,4,2145,2844,0.001002205
minute,15,2145,2844,0.003207056
dupe,0,2145,2844,0.000200441
disappointment,0,2145,2844,0.000200441
inventor,0,2145,2844,0.000200441
excit,1,2145,2844,0.000400882
tragic,0,2145,2844,0.000200441
impression,0,2145,2844,0.000200441
dissent,0,2145,2844,0.000200441
multiple,0,2145,2844,0.000200441
connect,1,2145,2844,0.000400882
server,1,2145,2844,0.000400882
exercise,1,2145,2844,0.000400882
rename,0,2145,2844,0.000200441
bottleneck,0,2145,2844,0.000200441
chance,1,2145,2844,0.000400882
headphone,0,2145,2844,0.000200441
blast,0,2145,2844,0.000200441
ear,0,2145,2844,0.000200441
quite,1,2145,2844,0.000400882
obnoxiou,0,2145,2844,0.000200441
cloudy,0,2145,2844,0.000200441
techy,0,2145,2844,0.000200441
process,2,2145,2844,0.000601323
command,0,2145,2844,0.000200441
design,1,2145,2844,0.000400882
appropriately,0,2145,2844,0.000200441
project,0,2145,2844,0.000200441
resource,0,2145,2844,0.000200441
reliable,1,2145,2844,0.000400882
spoke,0,2145,2844,0.000200441
blare,0,2145,2844,0.000200441
direct,1,2145,2844,0.000400882
wrong,3,2145,2844,0.000801764
suspect,0,2145,2844,0.000200441
perfectly,0,2145,2844,0.000200441
ail,0,2145,2844,0.000200441
stink,0,2145,2844,0.000200441
inform,0,2145,2844,0.000200441
migrate,1,2145,2844,0.000400882
many,4,2145,2844,0.001002205
complaint,0,2145,2844,0.000200441
image,0,2145,2844,0.000200441
rape,0,2145,2844,0.000200441
small,1,2145,2844,0.000400882
realise,0,2145,2844,0.000200441
base,0,2145,2844,0.000200441
petty,0,2145,2844,0.000200441
original,0,2145,2844,0.000200441
location,0,2145,2844,0.000200441
domain,0,2145,2844,0.000200441
empty,0,2145,2844,0.000200441
skin,0,2145,2844,0.000200441
represent,0,2145,2844,0.000200441
tear,0,2145,2844,0.000200441
thunderbolt,0,2145,2844,0.000200441
try,0,2145,2844,0.000200441
throat,0,2145,2844,0.000200441
slower,0,2145,2844,0.000200441
nexu,0,2145,2844,0.000200441
force,0,2145,2844,0.000200441
stuff,2,2145,2844,0.000601323
upset,0,2145,2844,0.000200441
inconvenienc,0,2145,2844,0.000200441
finance,0,2145,2844,0.000200441
greedy,0,2145,2844,0.000200441
bastard,0,2145,2844,0.000200441
santa,0,2145,2844,0.000200441
jolly,0,2145,2844,0.000200441
white,0,2145,2844,0.000200441
spend,0,2145,2844,0.000200441
recover,0,2145,2844,0.000200441
immobile,0,2145,2844,0.000200441
ponder,0,2145,2844,0.000200441
difficulti,0,2145,2844,0.000200441
serv,0,2145,2844,0.000200441
sydney,0,2145,2844,0.000200441
train,1,2145,2844,0.000400882
extend,0,2145,2844,0.000200441
clock,0,2145,2844,0.000200441
tire,8,2145,2844,0.001803969
figur,0,2145,2844,0.000200441
test,0,2145,2844,0.000200441
frozen,0,2145,2844,0.000200441
perpetual,0,2145,2844,0.000200441
run,0,2145,2844,0.000200441
dodgy,0,2145,2844,0.000200441
hire,0,2145,2844,0.000200441
staff,0,2145,2844,0.000200441
took,1,2145,2844,0.000400882
told,1,2145,2844,0.000400882
needless,0,2145,2844,0.000200441
hotel,0,2145,2844,0.000200441
relax,0,2145,2844,0.000200441
overall,0,2145,2844,0.000200441
however,0,2145,2844,0.000200441
home,1,2145,2844,0.000400882
online,0,2145,2844,0.000200441
surely,0,2145,2844,0.000200441
cause,4,2145,2844,0.001002205
dilation,0,2145,2844,0.000200441
suburb,0,2145,2844,0.000200441
pin,0,2145,2844,0.000200441
state,1,2145,2844,0.000400882
clarence,0,2145,2844,0.000200441
thoma,0,2145,2844,0.000200441
toss,0,2145,2844,0.000200441
decade,0,2145,2844,0.000200441
workflow,0,2145,2844,0.000200441
standard,0,2145,2844,0.000200441
receipt,0,2145,2844,0.000200441
print,0,2145,2844,0.000200441
playlist,0,2145,2844,0.000200441
bummer,0,2145,2844,0.000200441
Yahoo,0,2145,2844,0.000200441
fantasy,0,2145,2844,0.000200441
football,0,2145,2844,0.000200441
crash,1,2145,2844,0.000400882
nansen,0,2145,2844,0.000200441
clean,0,2145,2844,0.000200441
duplicate,0,2145,2844,0.000200441
magically,0,2145,2844,0.000200441
reappear,0,2145,2844,0.000200441
key,0,2145,2844,0.000200441
often,1,2145,2844,0.000400882
mine,0,2145,2844,0.000200441
gone,4,2145,2844,0.001002205
sister,0,2145,2844,0.000200441
family,1,2145,2844,0.000400882
sloppy,0,2145,2844,0.000200441
known,0,2145,2844,0.000200441
protection,0,2145,2844,0.000200441
laptop,1,2145,2844,0.000400882
cancer,0,2145,2844,0.000200441
maybe,1,2145,2844,0.000400882
wireless,0,2145,2844,0.000200441
worri,0,2145,2844,0.000200441
say,1,2145,2844,0.000400882
toledo,0,2145,2844,0.000200441
equipment,0,2145,2844,0.000200441
broke,1,2145,2844,0.000400882
guess,3,2145,2844,0.000801764
tri,1,2145,2844,0.000400882
anymore,2,2145,2844,0.000601323
durable,0,2145,2844,0.000200441
able,5,2145,2844,0.001202646
newsstand,0,2145,2844,0.000200441
serve,0,2145,2844,0.000200441
purpose,0,2145,2844,0.000200441
easier,0,2145,2844,0.000200441
fruit,0,2145,2844,0.000200441
compar,0,2145,2844,0.000200441
google,2,2145,2844,0.000601323
crowd,0,2145,2844,0.000200441
agree,0,2145,2844,0.000200441
meant,1,2145,2844,0.000400882
buy,0,2145,2844,0.000200441
internet,1,2145,2844,0.000400882
confus,0,2145,2844,0.000200441
consider,0,2145,2844,0.000200441
plu,0,2145,2844,0.000200441
stable,0,2145,2844,0.000200441
reach,1,2145,2844,0.000400882
use,2,2145,2844,0.000601323
completely,0,2145,2844,0.000200441
warm,0,2145,2844,0.000200441
sometime,0,2145,2844,0.000200441
wall,4,2145,2844,0.001002205
remind,0,2145,2844,0.000200441
rest,2,2145,2844,0.000601323
brick,0,2145,2844,0.000200441
install,5,2145,2844,0.001202646
former,0,2145,2844,0.000200441
owner,0,2145,2844,0.000200441
baby,0,2145,2844,0.000200441
delet,0,2145,2844,0.000200441
tiger,0,2145,2844,0.000200441
wood,0,2145,2844,0.000200441
impossible,0,2145,2844,0.000200441
retrieve,0,2145,2844,0.000200441
overbear,0,2145,2844,0.000200441
polici,0,2145,2844,0.000200441
disaster,0,2145,2844,0.000200441
su,0,2145,2844,0.000200441
insurance,0,2145,2844,0.000200441
manag,0,2145,2844,0.000200441
beautiful,0,2145,2844,0.000200441
one,0,2145,2844,0.000200441
arrogant,0,2145,2844,0.000200441
inept,0,2145,2844,0.000200441
combo,0,2145,2844,0.000200441
fade,0,2145,2844,0.000200441
black,0,2145,2844,0.000200441
begin,0,2145,2844,0.000200441
vibrate,0,2145,2844,0.000200441
continuously,0,2145,2844,0.000200441
reboot,0,2145,2844,0.000200441
lame,1,2145,2844,0.000400882
roll,1,2145,2844,0.000400882
equal,0,2145,2844,0.000200441
credit,0,2145,2844,0.000200441
redeem,0,2145,2844,0.000200441
fair,0,2145,2844,0.000200441
less,1,2145,2844,0.000400882
improve,0,2145,2844,0.000200441
monday,2,2145,2844,0.000601323
access,0,2145,2844,0.000200441
premise,0,2145,2844,0.000200441
outlook,0,2145,2844,0.000200441
thunderbird,0,2145,2844,0.000200441
chrome,0,2145,2844,0.000200441
visual,0,2145,2844,0.000200441
merchandis,0,2145,2844,0.000200441
elegance,0,2145,2844,0.000200441
sequence,0,2145,2844,0.000200441
terminal,0,2145,2844,0.000200441
person,0,2145,2844,0.000200441
nonstop,0,2145,2844,0.000200441
mute,1,2145,2844,0.000400882
randomly,0,2145,2844,0.000200441
activate,0,2145,2844,0.000200441
cant,5,2145,2844,0.001202646
occur,0,2145,2844,0.000200441
folk,1,2145,2844,0.000400882
cut,0,2145,2844,0.000200441
manage,0,2145,2844,0.000200441
subscription,0,2145,2844,0.000200441
solution,0,2145,2844,0.000200441
promis,0,2145,2844,0.000200441
similar,0,2145,2844,0.000200441
bell,0,2145,2844,0.000200441
monopolistic,0,2145,2844,0.000200441
forget,2,2145,2844,0.000601323
bloody,1,2145,2844,0.000400882
stump,0,2145,2844,0.000200441
catastrophically,0,2145,2844,0.000200441
canada,0,2145,2844,0.000200441
direction,0,2145,2844,0.000200441
exclusive,0,2145,2844,0.000200441
john,0,2145,2844,0.000200441
jean,0,2145,2844,0.000200441
french,0,2145,2844,0.000200441
report,0,2145,2844,0.000200441
theft,0,2145,2844,0.000200441
bode,0,2145,2844,0.000200441
night,18,2145,2844,0.003808378
charger,0,2145,2844,0.000200441
houston,0,2145,2844,0.000200441
together,2,2145,2844,0.000601323
ford,0,2145,2844,0.000200441
focu,2,2145,2844,0.000601323
movi,0,2145,2844,0.000200441
jihad,0,2145,2844,0.000200441
adobe,0,2145,2844,0.000200441
record,0,2145,2844,0.000200441
quarter,0,2145,2844,0.000200441
bunch,0,2145,2844,0.000200441
professional,0,2145,2844,0.000200441
guesser,0,2145,2844,0.000200441
analyst,0,2145,2844,0.000200441
releas,0,2145,2844,0.000200441
possible,0,2145,2844,0.000200441
latter,0,2145,2844,0.000200441
spec,0,2145,2844,0.000200441
price,0,2145,2844,0.000200441
takeaway,0,2145,2844,0.000200441
earn,0,2145,2844,0.000200441
stay,3,2145,2844,0.000801764
competitive,0,2145,2844,0.000200441
headline,0,2145,2844,0.000200441
lower,0,2145,2844,0.000200441
pamper,0,2145,2844,0.000200441
memori,0,2145,2844,0.000200441
expand,0,2145,2844,0.000200441
countri,0,2145,2844,0.000200441
december,0,2145,2844,0.000200441
coincidence,0,2145,2844,0.000200441
virtual,0,2145,2844,0.000200441
assistant,0,2145,2844,0.000200441
robot,0,2145,2844,0.000200441
result,1,2145,2844,0.000400882
depend,0,2145,2844,0.000200441
increas,0,2145,2844,0.000200441
revenue,0,2145,2844,0.000200441
recession,0,2145,2844,0.000200441
rather,0,2145,2844,0.000200441
friend,6,2145,2844,0.001403087
choose,1,2145,2844,0.000400882
profile,2,2145,2844,0.000601323
amazon,0,2145,2844,0.000200441
log,1,2145,2844,0.000400882
troublemaker,0,2145,2844,0.000200441
struggl,0,2145,2844,0.000200441
blow,2,2145,2844,0.000601323
mind,2,2145,2844,0.000601323
gizmo,0,2145,2844,0.000200441
shut,0,2145,2844,0.000200441
wednesday,0,2145,2844,0.000200441
memorial,0,2145,2844,0.000200441
cranial,0,2145,2844,0.000200441
insertion,0,2145,2844,0.000200441
implant,0,2145,2844,0.000200441
official,1,2145,2844,0.000400882
seven,1,2145,2844,0.000400882
rule,0,2145,2844,0.000200441
weekly,0,2145,2844,0.000200441
twit,1,2145,2844,0.000400882
Young,0,2145,2844,0.000200441
foolish,0,2145,2844,0.000200441
ownership,0,2145,2844,0.000200441
resilience,0,2145,2844,0.000200441
smell,0,2145,2844,0.000200441
lawsuit,0,2145,2844,0.000200441
morn,4,2145,2844,0.001002205
remote,0,2145,2844,0.000200441
keynote,0,2145,2844,0.000200441
presentation,1,2145,2844,0.000400882
nobody,0,2145,2844,0.000200441
pith,0,2145,2844,0.000200441
navigate,0,2145,2844,0.000200441
voicemail,0,2145,2844,0.000200441
sincerely,0,2145,2844,0.000200441
household,0,2145,2844,0.000200441
mini,0,2145,2844,0.000200441
airport,0,2145,2844,0.000200441
usable,0,2145,2844,0.000200441
shari,0,2145,2844,0.000200441
explor,0,2145,2844,0.000200441
speak,1,2145,2844,0.000400882
symbol,0,2145,2844,0.000200441
relate,1,2145,2844,0.000400882
nostalgia,0,2145,2844,0.000200441
contract,0,2145,2844,0.000200441
factory,0,2145,2844,0.000200441
holder,0,2145,2844,0.000200441
spot,0,2145,2844,0.000200441
setup,0,2145,2844,0.000200441
nike,0,2145,2844,0.000200441
dedicate,0,2145,2844,0.000200441
memory,0,2145,2844,0.000200441
brilliant,1,2145,2844,0.000400882
evolution,0,2145,2844,0.000200441
inanimate,0,2145,2844,0.000200441
object,0,2145,2844,0.000200441
notic,0,2145,2844,0.000200441
tweet,22,2145,2844,0.004610142
closet,0,2145,2844,0.000200441
generation,0,2145,2844,0.000200441
contend,0,2145,2844,0.000200441
utility,0,2145,2844,0.000200441
balk,0,2145,2844,0.000200441
acquisition,0,2145,2844,0.000200441
billion,0,2145,2844,0.000200441
battl,0,2145,2844,0.000200441
consumer,0,2145,2844,0.000200441
thought,2,2145,2844,0.000601323
unique,0,2145,2844,0.000200441
wonder,0,2145,2844,0.000200441
tablet,0,2145,2844,0.000200441
battle,0,2145,2844,0.000200441
community,0,2145,2844,0.000200441
unconventional,0,2145,2844,0.000200441
leadership,0,2145,2844,0.000200441
secret,0,2145,2844,0.000200441
entire,1,2145,2844,0.000400882
giant,0,2145,2844,0.000200441
attend,0,2145,2844,0.000200441
donate,0,2145,2844,0.000200441
pancreatic,0,2145,2844,0.000200441
research,0,2145,2844,0.000200441
plank,0,2145,2844,0.000200441
daily,1,2145,2844,0.000400882
tripl,0,2145,2844,0.000200441
came,0,2145,2844,0.000200441
duplication,0,2145,2844,0.000200441
import,0,2145,2844,0.000200441
categorize,0,2145,2844,0.000200441
broken,1,2145,2844,0.000400882
place,2,2145,2844,0.000601323
section,2,2145,2844,0.000601323
let,1,2145,2844,0.000400882
fine,0,2145,2844,0.000200441
straight,1,2145,2844,0.000400882
poop,0,2145,2844,0.000200441
sarcasm,0,2145,2844,0.000200441
built-in,0,2145,2844,0.000200441
helpful,0,2145,2844,0.000200441
spell,0,2145,2844,0.000200441
document,0,2145,2844,0.000200441
finger,1,2145,2844,0.000400882
cross,0,2145,2844,0.000200441
left,2,2145,2844,0.000601323
nugget,0,2145,2844,0.000200441
behind,0,2145,2844,0.000200441
october,0,2145,2844,0.000200441
weird,0,2145,2844,0.000200441
verge,0,2145,2844,0.000200441
karaoke,0,2145,2844,0.000200441
american,0,2145,2844,0.000200441
define,0,2145,2844,0.000200441
disagree,0,2145,2844,0.000200441
hungry,0,2145,2844,0.000200441
founder,0,2145,2844,0.000200441
found,0,2145,2844,0.000200441
sink,0,2145,2844,0.000200441
alto,0,2145,2844,0.000200441
downtown,0,2145,2844,0.000200441
dude,0,2145,2844,0.000200441
fattest,0,2145,2844,0.000200441
hook,1,2145,2844,0.000400882
memo,0,2145,2844,0.000200441
scrub,0,2145,2844,0.000200441
journalist,0,2145,2844,0.000200441
babi,0,2145,2844,0.000200441
poll,0,2145,2844,0.000200441
ban,0,2145,2844,0.000200441
buzz,6,2145,2844,0.001403087
trip,1,2145,2844,0.000400882
colleague,0,2145,2844,0.000200441
overboard,0,2145,2844,0.000200441
misread,0,2145,2844,0.000200441
Yelp,0,2145,2844,0.000200441
review,1,2145,2844,0.000400882
thai,0,2145,2844,0.000200441
financial,0,2145,2844,0.000200441
purely,0,2145,2844,0.000200441
shift,0,2145,2844,0.000200441
sling,0,2145,2844,0.000200441
spontaneou,0,2145,2844,0.000200441
danc,0,2145,2844,0.000200441
outfit,0,2145,2844,0.000200441
girl,5,2145,2844,0.001202646
part,0,2145,2844,0.000200441
imagine,0,2145,2844,0.000200441
map,0,2145,2844,0.000200441
graphic,0,2145,2844,0.000200441
website,2,2145,2844,0.000601323
court,0,2145,2844,0.000200441
style,0,2145,2844,0.000200441
dumb,1,2145,2844,0.000400882
mortar,0,2145,2844,0.000200441
london,0,2145,2844,0.000200441
fit,0,2145,2844,0.000200441
mirror,0,2145,2844,0.000200441
school,3,2145,2844,0.000801764
couple,1,2145,2844,0.000400882
kid,4,2145,2844,0.001002205
hardware,0,2145,2844,0.000200441
promise,3,2145,2844,0.000801764
freak,4,2145,2844,0.001002205
past,2,2145,2844,0.000601323
away,0,2145,2844,0.000200441
follow,29,2145,2844,0.006013229
growth,1,2145,2844,0.000400882
area,0,2145,2844,0.000200441
msg,0,2145,2844,0.000200441
tomorrow,5,2145,2844,0.001202646
reserve,0,2145,2844,0.000200441
imminent,2,2145,2844,0.000601323
sold,0,2145,2844,0.000200441
overwhelm,0,2145,2844,0.000200441
reaction,0,2145,2844,0.000200441
death,0,2145,2844,0.000200441
telegraph,0,2145,2844,0.000200441
insert,0,2145,2844,0.000200441
all-time,0,2145,2844,0.000200441
high,0,2145,2844,0.000200441
hang,1,2145,2844,0.000400882
tacoma,0,2145,2844,0.000200441
beatle,0,2145,2844,0.000200441
front,0,2145,2844,0.000200441
shirt,2,2145,2844,0.000601323
reunion,0,2145,2844,0.000200441
tighten,0,2145,2844,0.000200441
pro,0,2145,2844,0.000200441
jacob,0,2145,2844,0.000200441
notify,0,2145,2844,0.000200441
clown,0,2145,2844,0.000200441
spin,0,2145,2844,0.000200441
wheel,0,2145,2844,0.000200441
reinvent,0,2145,2844,0.000200441
lookup,0,2145,2844,0.000200441
easiest,0,2145,2844,0.000200441
brady,0,2145,2844,0.000200441
surpris,2,2145,2844,0.000601323
mark,1,2145,2844,0.000400882
comparison,0,2145,2844,0.000200441
segregate,0,2145,2844,0.000200441
internode,0,2145,2844,0.000200441
piracy,0,2145,2844,0.000200441
mainly,0,2145,2844,0.000200441
platform,0,2145,2844,0.000200441
obscure,0,2145,2844,0.000200441
infamou,0,2145,2844,0.000200441
hall,0,2145,2844,0.000200441
pass,0,2145,2844,0.000200441
nookie,0,2145,2844,0.000200441
joel,0,2145,2844,0.000200441
circumstance,0,2145,2844,0.000200441
suffer,0,2145,2844,0.000200441
period,1,2145,2844,0.000400882
goodwill,0,2145,2844,0.000200441
paul,0,2145,2844,0.000200441
chat,0,2145,2844,0.000200441
advisor,0,2145,2844,0.000200441
tribute,0,2145,2844,0.000200441
faulty,0,2145,2844,0.000200441
gain,10,2145,2844,0.002204851
advertis,1,2145,2844,0.000400882
balloon,0,2145,2844,0.000200441
respect,0,2145,2844,0.000200441
alternative,0,2145,2844,0.000200441
india,0,2145,2844,0.000200441
squad,0,2145,2844,0.000200441
peep,0,2145,2844,0.000200441
algorithm,2,2145,2844,0.000601323
shrewd,0,2145,2844,0.000200441
root,0,2145,2844,0.000200441
horse,0,2145,2844,0.000200441
flower,0,2145,2844,0.000200441
shower,0,2145,2844,0.000200441
beg,0,2145,2844,0.000200441
valuable,0,2145,2844,0.000200441
analysi,0,2145,2844,0.000200441
trend,6,2145,2844,0.001403087
profit,0,2145,2844,0.000200441
proud,0,2145,2844,0.000200441
predict,1,2145,2844,0.000400882
stage,0,2145,2844,0.000200441
september,0,2145,2844,0.000200441
head,0,2145,2844,0.000200441
detail,0,2145,2844,0.000200441
auto,0,2145,2844,0.000200441
renewal,0,2145,2844,0.000200441
settle,0,2145,2844,0.000200441
content,1,2145,2844,0.000400882
coffer,0,2145,2844,0.000200441
hit,0,2145,2844,0.000200441
smart,0,2145,2844,0.000200441
engage,1,2145,2844,0.000400882
partner,0,2145,2844,0.000200441
social,5,2145,2844,0.001202646
activity,0,2145,2844,0.000200441
messag,0,2145,2844,0.000200441
kinda,0,2145,2844,0.000200441
relevant,0,2145,2844,0.000200441
junkie,0,2145,2844,0.000200441
buri,0,2145,2844,0.000200441
ability,0,2145,2844,0.000200441
inconvenient,0,2145,2844,0.000200441
cofounder,0,2145,2844,0.000200441
stood,0,2145,2844,0.000200441
provide,0,2145,2844,0.000200441
chase,0,2145,2844,0.000200441
cream,0,2145,2844,0.000200441
sandwich,0,2145,2844,0.000200441
Yesss,0,2145,2844,0.000200441
situation,0,2145,2844,0.000200441
gulp,0,2145,2844,0.000200441
pack,0,2145,2844,0.000200441
session,0,2145,2844,0.000200441
indicator,0,2145,2844,0.000200441
management,0,2145,2844,0.000200441
entrepreneur,0,2145,2844,0.000200441
startup,0,2145,2844,0.000200441
bangla,0,2145,2844,0.000200441
bengali,0,2145,2844,0.000200441
galaxy,0,2145,2844,0.000200441
globally,0,2145,2844,0.000200441
traffic,1,2145,2844,0.000400882
gift,0,2145,2844,0.000200441
opinion,1,2145,2844,0.000400882
careful,0,2145,2844,0.000200441
chip,0,2145,2844,0.000200441
guarantee,0,2145,2844,0.000200441
failure,0,2145,2844,0.000200441
principal,0,2145,2844,0.000200441
global,0,2145,2844,0.000200441
player,1,2145,2844,0.000400882
active,0,2145,2844,0.000200441
kobo,0,2145,2844,0.000200441
underplay,0,2145,2844,0.000200441
invisible,0,2145,2844,0.000200441
hospital,0,2145,2844,0.000200441
single,2,2145,2844,0.000601323
mourn,0,2145,2844,0.000200441
dock,0,2145,2844,0.000200441
scroll,0,2145,2844,0.000200441
title,0,2145,2844,0.000200441
font,0,2145,2844,0.000200441
across,0,2145,2844,0.000200441
main,1,2145,2844,0.000400882
wayne,0,2145,2844,0.000200441
leav,0,2145,2844,0.000200441
correct,0,2145,2844,0.000200441
child,0,2145,2844,0.000200441
poorly,0,2145,2844,0.000200441
painless,0,2145,2844,0.000200441
choice,0,2145,2844,0.000200441
form,0,2145,2844,0.000200441
component,0,2145,2844,0.000200441
continue,0,2145,2844,0.000200441
bite,0,2145,2844,0.000200441
upcom,0,2145,2844,0.000200441
afro-american,0,2145,2844,0.000200441
emoticon,0,2145,2844,0.000200441
angry,0,2145,2844,0.000200441
omission,0,2145,2844,0.000200441
advanc,0,2145,2844,0.000200441
printer,0,2145,2844,0.000200441
mighty,0,2145,2844,0.000200441
alcohol,0,2145,2844,0.000200441
act,3,2145,2844,0.000801764
timeline,2,2145,2844,0.000601323
history,0,2145,2844,0.000200441
challeng,0,2145,2844,0.000200441
possibly,1,2145,2844,0.000400882
accessori,0,2145,2844,0.000200441
policy,0,2145,2844,0.000200441
intellectual,0,2145,2844,0.000200441
property,0,2145,2844,0.000200441
infringement,0,2145,2844,0.000200441
claim,0,2145,2844,0.000200441
unauthorize,0,2145,2844,0.000200441
likely,0,2145,2844,0.000200441
suit,0,2145,2844,0.000200441
accus,0,2145,2844,0.000200441
roar,0,2145,2844,0.000200441
unveil,0,2145,2844,0.000200441
placement,0,2145,2844,0.000200441
effort,0,2145,2844,0.000200441
Yield,0,2145,2844,0.000200441
stock,0,2145,2844,0.000200441
promot,0,2145,2844,0.000200441
magazine,0,2145,2844,0.000200441
add,0,2145,2844,0.000200441
escort,0,2145,2844,0.000200441
legal,0,2145,2844,0.000200441
discovery,0,2145,2844,0.000200441
public,2,2145,2844,0.000601323
leopard,0,2145,2844,0.000200441
functionality,0,2145,2844,0.000200441
identity,0,2145,2844,0.000200441
logo,0,2145,2844,0.000200441
revis,0,2145,2844,0.000200441
doubt,0,2145,2844,0.000200441
enough,0,2145,2844,0.000200441
cope,0,2145,2844,0.000200441
defraud,0,2145,2844,0.000200441
win,0,2145,2844,0.000200441
salute,0,2145,2844,0.000200441
dog,0,2145,2844,0.000200441
earlier,0,2145,2844,0.000200441
upstair,0,2145,2844,0.000200441
soho,0,2145,2844,0.000200441
sudden,1,2145,2844,0.000400882
sprung,0,2145,2844,0.000200441
attention,1,2145,2844,0.000400882
digital,0,2145,2844,0.000200441
california,0,2145,2844,0.000200441
joseph,0,2145,2844,0.000200441
patiently,0,2145,2844,0.000200441
end,0,2145,2844,0.000200441
reply,1,2145,2844,0.000400882
insist,0,2145,2844,0.000200441
favorite,2,2145,2844,0.000601323
color,0,2145,2844,0.000200441
average,0,2145,2844,0.000200441
speed,0,2145,2844,0.000200441
swallow,0,2145,2844,0.000200441
python,0,2145,2844,0.000200441
denounce,0,2145,2844,0.000200441
nuance,0,2145,2844,0.000200441
cheap,0,2145,2844,0.000200441
improvement,0,2145,2844,0.000200441
implementation,0,2145,2844,0.000200441
monitor,1,2145,2844,0.000400882
either,2,2145,2844,0.000601323
heard,1,2145,2844,0.000400882
partnership,0,2145,2844,0.000200441
governor,0,2145,2844,0.000200441
declare,0,2145,2844,0.000200441
hoe,1,2145,2844,0.000400882
nearest,0,2145,2844,0.000200441
beef,0,2145,2844,0.000200441
subscribe,0,2145,2844,0.000200441
default,0,2145,2844,0.000200441
limit,2,2145,2844,0.000601323
older,0,2145,2844,0.000200441
ethernet,0,2145,2844,0.000200441
drew,0,2145,2844,0.000200441
respond,0,2145,2844,0.000200441
everywhere,0,2145,2844,0.000200441
factori,0,2145,2844,0.000200441
concrete,0,2145,2844,0.000200441
evidence,0,2145,2844,0.000200441
blogger,0,2145,2844,0.000200441
differ,0,2145,2844,0.000200441
reli,0,2145,2844,0.000200441
wank,0,2145,2844,0.000200441
student,0,2145,2844,0.000200441
discount,0,2145,2844,0.000200441
rep,1,2145,2844,0.000400882
accent,0,2145,2844,0.000200441
speech,0,2145,2844,0.000200441
translator,0,2145,2844,0.000200441
overhaul,0,2145,2844,0.000200441
response,1,2145,2844,0.000400882
bake,0,2145,2844,0.000200441
documentary,0,2145,2844,0.000200441
brought,0,2145,2844,0.000200441
constrain,0,2145,2844,0.000200441
appear,2,2145,2844,0.000601323
inventory,0,2145,2844,0.000200441
center,0,2145,2844,0.000200441
trick,0,2145,2844,0.000200441
fully,0,2145,2844,0.000200441
controll,0,2145,2844,0.000200441
antitrust,0,2145,2844,0.000200441
homepage,0,2145,2844,0.000200441
renam,0,2145,2844,0.000200441
legacy,0,2145,2844,0.000200441
strange,0,2145,2844,0.000200441
group,0,2145,2844,0.000200441
paperboy,0,2145,2844,0.000200441
fixe,0,2145,2844,0.000200441
client,0,2145,2844,0.000200441
throne,0,2145,2844,0.000200441
silicon,0,2145,2844,0.000200441
valley,0,2145,2844,0.000200441
visit,0,2145,2844,0.000200441
final,0,2145,2844,0.000200441
portion,0,2145,2844,0.000200441
procee,0,2145,2844,0.000200441
native,0,2145,2844,0.000200441
editor,0,2145,2844,0.000200441
volume,0,2145,2844,0.000200441
switcher,0,2145,2844,0.000200441
slider,0,2145,2844,0.000200441
proof,0,2145,2844,0.000200441
woke,0,2145,2844,0.000200441
door,0,2145,2844,0.000200441
arrival,0,2145,2844,0.000200441
tuesday,0,2145,2844,0.000200441
option,0,2145,2844,0.000200441
stronger,0,2145,2844,0.000200441
deaf,0,2145,2844,0.000200441
ally,0,2145,2844,0.000200441
silver,0,2145,2844,0.000200441
importantly,0,2145,2844,0.000200441
handy,0,2145,2844,0.000200441
funny,3,2145,2844,0.000801764
configure,0,2145,2844,0.000200441
racism,0,2145,2844,0.000200441
christma,0,2145,2844,0.000200441
self,0,2145,2844,0.000200441
landscape,0,2145,2844,0.000200441
mode,0,2145,2844,0.000200441
dalla,0,2145,2844,0.000200441
strategy,0,2145,2844,0.000200441
beware,0,2145,2844,0.000200441
west,0,2145,2844,0.000200441
14th,0,2145,2844,0.000200441
fact,1,2145,2844,0.000400882
roger,0,2145,2844,0.000200441
spray,0,2145,2844,0.000200441
paint,0,2145,2844,0.000200441
macintosh,0,2145,2844,0.000200441
discontinu,0,2145,2844,0.000200441
bid,0,2145,2844,0.000200441
designer,0,2145,2844,0.000200441
buddy,0,2145,2844,0.000200441
pic,0,2145,2844,0.000200441
toggle,0,2145,2844,0.000200441
earth,0,2145,2844,0.000200441
security,0,2145,2844,0.000200441
salesperson,0,2145,2844,0.000200441
matter,0,2145,2844,0.000200441
sticky,0,2145,2844,0.000200441
pill,0,2145,2844,0.000200441
advance,0,2145,2844,0.000200441
weather,0,2145,2844,0.000200441
hopeful,0,2145,2844,0.000200441
interconnect,0,2145,2844,0.000200441
austin,0,2145,2844,0.000200441
umbrella,0,2145,2844,0.000200441
staf,0,2145,2844,0.000200441
bore,3,2145,2844,0.000801764
intrigu,0,2145,2844,0.000200441
suggestion,0,2145,2844,0.000200441
thu,0,2145,2844,0.000200441
spent,0,2145,2844,0.000200441
afford,0,2145,2844,0.000200441
mansion,0,2145,2844,0.000200441
madden,0,2145,2844,0.000200441
selection,0,2145,2844,0.000200441
stripe,0,2145,2844,0.000200441
dough,0,2145,2844,0.000200441
otherwise,0,2145,2844,0.000200441
heart,1,2145,2844,0.000400882
hectic,0,2145,2844,0.000200441
mom,0,2145,2844,0.000200441
bear,0,2145,2844,0.000200441
lincoln,0,2145,2844,0.000200441
sail,0,2145,2844,0.000200441
phoenix,0,2145,2844,0.000200441
rock,3,2145,2844,0.000801764
house,1,2145,2844,0.000400882
chill,0,2145,2844,0.000200441
bee,0,2145,2844,0.000200441
japanese,0,2145,2844,0.000200441
privacy,1,2145,2844,0.000400882
pear,0,2145,2844,0.000200441
tree,0,2145,2844,0.000200441
fall,0,2145,2844,0.000200441
type,0,2145,2844,0.000200441
perry,0,2145,2844,0.000200441
rick,0,2145,2844,0.000200441
riesl,0,2145,2844,0.000200441
lightbulb,0,2145,2844,0.000200441
ready,1,2145,2844,0.000400882
tampa,0,2145,2844,0.000200441
martin,0,2145,2844,0.000200441
town,0,2145,2844,0.000200441
buccaneer,0,2145,2844,0.000200441
teach,0,2145,2844,0.000200441
different,0,2145,2844,0.000200441
therefore,0,2145,2844,0.000200441
percent,0,2145,2844,0.000200441
clearance,0,2145,2844,0.000200441
scripture,0,2145,2844,0.000200441
patio,0,2145,2844,0.000200441
furniture,0,2145,2844,0.000200441
bag,0,2145,2844,0.000200441
angel,0,2145,2844,0.000200441
peeler,0,2145,2844,0.000200441
washer,0,2145,2844,0.000200441
board,1,2145,2844,0.000400882
cyst,0,2145,2844,0.000200441
knee,0,2145,2844,0.000200441
conveyor,0,2145,2844,0.000200441
hardy,0,2145,2844,0.000200441
mesh,0,2145,2844,0.000200441
jacket,0,2145,2844,0.000200441
motorcycle,0,2145,2844,0.000200441
vodka,0,2145,2844,0.000200441
fancy,0,2145,2844,0.000200441
hemp,0,2145,2844,0.000200441
jewelry,0,2145,2844,0.000200441
instruction,0,2145,2844,0.000200441
fuel,0,2145,2844,0.000200441
knot,0,2145,2844,0.000200441
money,0,2145,2844,0.000200441
chosen,0,2145,2844,0.000200441
trivia,0,2145,2844,0.000200441
build,7,2145,2844,0.001603528
leap,0,2145,2844,0.000200441
boost,0,2145,2844,0.000200441
manager,0,2145,2844,0.000200441
sleek,0,2145,2844,0.000200441
superb,0,2145,2844,0.000200441
desire,0,2145,2844,0.000200441
Yummy,0,2145,2844,0.000200441
refer,0,2145,2844,0.000200441
prime,0,2145,2844,0.000200441
await,1,2145,2844,0.000400882
searche,0,2145,2844,0.000200441
debt,0,2145,2844,0.000200441
fallen,0,2145,2844,0.000200441
five,0,2145,2844,0.000200441
photography,0,2145,2844,0.000200441
biggest,1,2145,2844,0.000400882
threat,0,2145,2844,0.000200441
king,0,2145,2844,0.000200441
readable,0,2145,2844,0.000200441
emphasi,0,2145,2844,0.000200441
wallet,0,2145,2844,0.000200441
effect,0,2145,2844,0.000200441
efficient,0,2145,2844,0.000200441
browse,0,2145,2844,0.000200441
infinite,0,2145,2844,0.000200441
bookcase,0,2145,2844,0.000200441
difficult,1,2145,2844,0.000400882
benefit,0,2145,2844,0.000200441
bully,0,2145,2844,0.000200441
hangout,0,2145,2844,0.000200441
icecream,0,2145,2844,0.000200441
salmonella,0,2145,2844,0.000200441
hotspot,0,2145,2844,0.000200441
orbital,0,2145,2844,0.000200441
laser,0,2145,2844,0.000200441
wooden,0,2145,2844,0.000200441
deliciou,0,2145,2844,0.000200441
ditch,1,2145,2844,0.000400882
launche,0,2145,2844,0.000200441
closely,0,2145,2844,0.000200441
collaborate,0,2145,2844,0.000200441
pleas,0,2145,2844,0.000200441
press,0,2145,2844,0.000200441
conference,0,2145,2844,0.000200441
slick,0,2145,2844,0.000200441
college,0,2145,2844,0.000200441
scream,0,2145,2844,0.000200441
changer,0,2145,2844,0.000200441
ahead,0,2145,2844,0.000200441
reveal,1,2145,2844,0.000400882
closer,0,2145,2844,0.000200441
face,0,2145,2844,0.000200441
pleasure,1,2145,2844,0.000400882
fantastic,0,2145,2844,0.000200441
globe,0,2145,2844,0.000200441
probably,0,2145,2844,0.000200441
hookup,0,2145,2844,0.000200441
teas,0,2145,2844,0.000200441
accompany,0,2145,2844,0.000200441
usual,1,2145,2844,0.000400882
neat,0,2145,2844,0.000200441
frame,0,2145,2844,0.000200441
generator,0,2145,2844,0.000200441
prettier,0,2145,2844,0.000200441
introduc,1,2145,2844,0.000400882
inside,0,2145,2844,0.000200441
beneficial,0,2145,2844,0.000200441
tool,1,2145,2844,0.000400882
doc,0,2145,2844,0.000200441
particularly,0,2145,2844,0.000200441
theme,1,2145,2844,0.000400882
sentence,1,2145,2844,0.000400882
rite,0,2145,2844,0.000200441
accord,0,2145,2844,0.000200441
beam,0,2145,2844,0.000200441
alright,0,2145,2844,0.000200441
decision,0,2145,2844,0.000200441
ugly,0,2145,2844,0.000200441
taste,0,2145,2844,0.000200441
blog,3,2145,2844,0.000801764
outdate,0,2145,2844,0.000200441
instant,0,2145,2844,0.000200441
raise,0,2145,2844,0.000200441
detection,0,2145,2844,0.000200441
essential,0,2145,2844,0.000200441
crave,0,2145,2844,0.000200441
adopt,0,2145,2844,0.000200441
philosophy,0,2145,2844,0.000200441
polish,0,2145,2844,0.000200441
port,0,2145,2844,0.000200441
catchy,0,2145,2844,0.000200441
advertisement,1,2145,2844,0.000400882
carry,0,2145,2844,0.000200441
november,1,2145,2844,0.000400882
pant,0,2145,2844,0.000200441
literally,1,2145,2844,0.000400882
blown,0,2145,2844,0.000200441
combination,0,2145,2844,0.000200441
introduction,0,2145,2844,0.000200441
party,0,2145,2844,0.000200441
regular,0,2145,2844,0.000200441
interval,0,2145,2844,0.000200441
real,7,2145,2844,0.001603528
executive,0,2145,2844,0.000200441
capabiliti,0,2145,2844,0.000200441
select,0,2145,2844,0.000200441
transfer,0,2145,2844,0.000200441
dig,0,2145,2844,0.000200441
quick,0,2145,2844,0.000200441
politely,0,2145,2844,0.000200441
goodbye,0,2145,2844,0.000200441
taught,0,2145,2844,0.000200441
decent,0,2145,2844,0.000200441
positive,1,2145,2844,0.000400882
directly,1,2145,2844,0.000400882
layout,0,2145,2844,0.000200441
aggregate,0,2145,2844,0.000200441
source,0,2145,2844,0.000200441
spiral,0,2145,2844,0.000200441
inbuilt,0,2145,2844,0.000200441
panoramic,0,2145,2844,0.000200441
panorama,0,2145,2844,0.000200441
tasty,0,2145,2844,0.000200441
toy,0,2145,2844,0.000200441
gallery,0,2145,2844,0.000200441
shutter,0,2145,2844,0.000200441
insane,0,2145,2844,0.000200441
thumb,0,2145,2844,0.000200441
edit,0,2145,2844,0.000200441
three,1,2145,2844,0.000400882
score,0,2145,2844,0.000200441
along,0,2145,2844,0.000200441
delay,0,2145,2844,0.000200441
watchdog,0,2145,2844,0.000200441
study,2,2145,2844,0.000601323
guide,0,2145,2844,0.000200441
display,0,2145,2844,0.000200441
peanut,0,2145,2844,0.000200441
neither,0,2145,2844,0.000200441
pea,0,2145,2844,0.000200441
discuss,0,2145,2844,0.000200441
retard,0,2145,2844,0.000200441
planet,0,2145,2844,0.000200441
pinch,0,2145,2844,0.000200441
zoom,0,2145,2844,0.000200441
superior,0,2145,2844,0.000200441
bookmark,0,2145,2844,0.000200441
redesign,0,2145,2844,0.000200441
conversation,1,2145,2844,0.000400882
automatically,0,2145,2844,0.000200441
doorstep,0,2145,2844,0.000200441
excellent,0,2145,2844,0.000200441
commercial,0,2145,2844,0.000200441
announcement,0,2145,2844,0.000200441
dictation,0,2145,2844,0.000200441
smooth,0,2145,2844,0.000200441
responsive,0,2145,2844,0.000200441
widget,0,2145,2844,0.000200441
navigation,0,2145,2844,0.000200441
built,0,2145,2844,0.000200441
stack,0,2145,2844,0.000200441
richer,0,2145,2844,0.000200441
wallpaper,0,2145,2844,0.000200441
curiou,0,2145,2844,0.000200441
highlight,0,2145,2844,0.000200441
mull,0,2145,2844,0.000200441
shore,0,2145,2844,0.000200441
bout,2,2145,2844,0.000601323
accessibility,0,2145,2844,0.000200441
dump,0,2145,2844,0.000200441
ton,0,2145,2844,0.000200441
spam,2,2145,2844,0.000601323
awkward,0,2145,2844,0.000200441
load,1,2145,2844,0.000400882
blackout,0,2145,2844,0.000200441
threaten,0,2145,2844,0.000200441
august,0,2145,2844,0.000200441
uphill,0,2145,2844,0.000200441
parker,0,2145,2844,0.000200441
lecture,0,2145,2844,0.000200441
economic,0,2145,2844,0.000200441
hypocritical,0,2145,2844,0.000200441
melt,0,2145,2844,0.000200441
letdown,0,2145,2844,0.000200441
introduce,1,2145,2844,0.000400882
singaporean,0,2145,2844,0.000200441
facial,0,2145,2844,0.000200441
demo,0,2145,2844,0.000200441
goof,0,2145,2844,0.000200441
interference,0,2145,2844,0.000200441
headache,0,2145,2844,0.000200441
visigoth,0,2145,2844,0.000200441
froze,0,2145,2844,0.000200441
new,6,2145,2844,0.001403087
laughable,0,2145,2844,0.000200441
encrypt,0,2145,2844,0.000200441
maximize,0,2145,2844,0.000200441
collection,0,2145,2844,0.000200441
background,1,2145,2844,0.000400882
horrible,0,2145,2844,0.000200441
stream,1,2145,2844,0.000400882
code,0,2145,2844,0.000200441
skill,0,2145,2844,0.000200441
perform,0,2145,2844,0.000200441
date,1,2145,2844,0.000400882
impact,0,2145,2844,0.000200441
illustrate,0,2145,2844,0.000200441
peril,0,2145,2844,0.000200441
demonstration,0,2145,2844,0.000200441
admirably,0,2145,2844,0.000200441
revolution,0,2145,2844,0.000200441
stalk,0,2145,2844,0.000200441
performance,0,2145,2844,0.000200441
leave,1,2145,2844,0.000400882
fold,0,2145,2844,0.000200441
beat,4,2145,2844,0.001002205
iteration,0,2145,2844,0.000200441
several,0,2145,2844,0.000200441
revamp,0,2145,2844,0.000200441
compete,0,2145,2844,0.000200441
pittsburgh,5,2145,2844,0.001202646
recruit,1,2145,2844,0.000400882
hands-on,0,2145,2844,0.000200441
latest,1,2145,2844,0.000400882
theater,0,2145,2844,0.000200441
dubai,0,2145,2844,0.000200441
unwrap,0,2145,2844,0.000200441
vagina,0,2145,2844,0.000200441
encryption,0,2145,2844,0.000200441
menu,0,2145,2844,0.000200441
butt,0,2145,2844,0.000200441
unite,0,2145,2844,0.000200441
republish,0,2145,2844,0.000200441
index,0,2145,2844,0.000200441
perk,0,2145,2844,0.000200441
empire,0,2145,2844,0.000200441
avenue,0,2145,2844,0.000200441
outbound,0,2145,2844,0.000200441
rede,0,2145,2844,0.000200441
understand,0,2145,2844,0.000200441
flight,0,2145,2844,0.000200441
travel,0,2145,2844,0.000200441
downward,0,2145,2844,0.000200441
novelty,0,2145,2844,0.000200441
important,3,2145,2844,0.000801764
density,0,2145,2844,0.000200441
real-time,0,2145,2844,0.000200441
collaboration,0,2145,2844,0.000200441
transition,0,2145,2844,0.000200441
joke,0,2145,2844,0.000200441
slogan,0,2145,2844,0.000200441
industry,0,2145,2844,0.000200441
witness,0,2145,2844,0.000200441
astound,0,2145,2844,0.000200441
seal,0,2145,2844,0.000200441
supreme,0,2145,2844,0.000200441
console,0,2145,2844,0.000200441
traditional,0,2145,2844,0.000200441
secure,0,2145,2844,0.000200441
queri,0,2145,2844,0.000200441
track,0,2145,2844,0.000200441
land,1,2145,2844,0.000400882
conversion,0,2145,2844,0.000200441
cap,0,2145,2844,0.000200441
commodity,0,2145,2844,0.000200441
advertiser,0,2145,2844,0.000200441
arrive,0,2145,2844,0.000200441
curve,0,2145,2844,0.000200441
rival,0,2145,2844,0.000200441
url,0,2145,2844,0.000200441
webmaster,0,2145,2844,0.000200441
chicago,0,2145,2844,0.000200441
recap,0,2145,2844,0.000200441
host,0,2145,2844,0.000200441
africa,0,2145,2844,0.000200441
political,0,2145,2844,0.000200441
revue,0,2145,2844,0.000200441
companion,0,2145,2844,0.000200441
controller,0,2145,2844,0.000200441
announce,0,2145,2844,0.000200441
payment,0,2145,2844,0.000200441
environment,0,2145,2844,0.000200441
solar,0,2145,2844,0.000200441
plant,0,2145,2844,0.000200441
block,1,2145,2844,0.000400882
receive,0,2145,2844,0.000200441
juice,1,2145,2844,0.000400882
run-down,0,2145,2844,0.000200441
tip,0,2145,2844,0.000200441
crawl,0,2145,2844,0.000200441
creep,0,2145,2844,0.000200441
wake,1,2145,2844,0.000400882
honeycomb,0,2145,2844,0.000200441
gingerbread,0,2145,2844,0.000200441
referral,0,2145,2844,0.000200441
hack,1,2145,2844,0.000400882
wisely,0,2145,2844,0.000200441
sheet,1,2145,2844,0.000400882
xma,0,2145,2844,0.000200441
confirm,0,2145,2844,0.000200441
enhancement,0,2145,2844,0.000200441
texa,0,2145,2844,0.000200441
instrument,0,2145,2844,0.000200441
core,0,2145,2844,0.000200441
newer,0,2145,2844,0.000200441
processor,0,2145,2844,0.000200441
competition,1,2145,2844,0.000400882
venture,0,2145,2844,0.000200441
rumor,0,2145,2844,0.000200441
asap,0,2145,2844,0.000200441
application,0,2145,2844,0.000200441
overview,0,2145,2844,0.000200441
acceleration,0,2145,2844,0.000200441
telecom,0,2145,2844,0.000200441
pure,0,2145,2844,0.000200441
society,0,2145,2844,0.000200441
empowerment,0,2145,2844,0.000200441
lightly,0,2145,2844,0.000200441
determine,0,2145,2844,0.000200441
firm,0,2145,2844,0.000200441
investment,0,2145,2844,0.000200441
solely,0,2145,2844,0.000200441
spencer,0,2145,2844,0.000200441
restrict,0,2145,2844,0.000200441
engine,0,2145,2844,0.000200441
cach,0,2145,2844,0.000200441
retailer,0,2145,2844,0.000200441
jump,0,2145,2844,0.000200441
promotion,0,2145,2844,0.000200441
fortunately,0,2145,2844,0.000200441
sadly,0,2145,2844,0.000200441
copi,0,2145,2844,0.000200441
captain,0,2145,2844,0.000200441
movie,0,2145,2844,0.000200441
intro,0,2145,2844,0.000200441
destination,0,2145,2844,0.000200441
rant,0,2145,2844,0.000200441
pathetic,0,2145,2844,0.000200441
afterthought,0,2145,2844,0.000200441
suite,0,2145,2844,0.000200441
variety,0,2145,2844,0.000200441
way,3,2145,2844,0.000801764
engineer,0,2145,2844,0.000200441
intend,0,2145,2844,0.000200441
become,0,2145,2844,0.000200441
famou,1,2145,2844,0.000400882
criticize,0,2145,2844,0.000200441
trounc,0,2145,2844,0.000200441
discover,0,2145,2844,0.000200441
critical,0,2145,2844,0.000200441
information,0,2145,2844,0.000200441
belong,0,2145,2844,0.000200441
digitally,0,2145,2844,0.000200441
underly,0,2145,2844,0.000200441
eatable,0,2145,2844,0.000200441
eclair,0,2145,2844,0.000200441
reshape,0,2145,2844,0.000200441
feat,0,2145,2844,0.000200441
freestyle,0,2145,2844,0.000200441
manhole,0,2145,2844,0.000200441
round,1,2145,2844,0.000400882
china,0,2145,2844,0.000200441
googl,0,2145,2844,0.000200441
women,0,2145,2844,0.000200441
resemble,0,2145,2844,0.000200441
momma,0,2145,2844,0.000200441
fellow,0,2145,2844,0.000200441
michigander,0,2145,2844,0.000200441
michigan,0,2145,2844,0.000200441
circle,1,2145,2844,0.000400882
hacker,0,2145,2844,0.000200441
marketer,0,2145,2844,0.000200441
division,0,2145,2844,0.000200441
development,0,2145,2844,0.000200441
spring,0,2145,2844,0.000200441
drink,0,2145,2844,0.000200441
barometer,0,2145,2844,0.000200441
bunny,0,2145,2844,0.000200441
watson,0,2145,2844,0.000200441
unlike,1,2145,2844,0.000400882
repli,2,2145,2844,0.000601323
thread,0,2145,2844,0.000200441
weaken,0,2145,2844,0.000200441
undoubtedly,0,2145,2844,0.000200441
tough,0,2145,2844,0.000200441
demon,0,2145,2844,0.000200441
cast,0,2145,2844,0.000200441
wide,0,2145,2844,0.000200441
mike,0,2145,2844,0.000200441
smile,1,2145,2844,0.000400882
shout,1,2145,2844,0.000400882
universe,0,2145,2844,0.000200441
explod,0,2145,2844,0.000200441
advantage,0,2145,2844,0.000200441
profound,0,2145,2844,0.000200441
massive,0,2145,2844,0.000200441
nexuss,0,2145,2844,0.000200441
lazy,0,2145,2844,0.000200441
short,0,2145,2844,0.000200441
supply,0,2145,2844,0.000200441
roundup,0,2145,2844,0.000200441
snippet,0,2145,2844,0.000200441
prod,0,2145,2844,0.000200441
gadget,0,2145,2844,0.000200441
uncategorize,0,2145,2844,0.000200441
availability,0,2145,2844,0.000200441
peter,0,2145,2844,0.000200441
mango,0,2145,2844,0.000200441
emb,0,2145,2844,0.000200441
redirect,0,2145,2844,0.000200441
artisan,0,2145,2844,0.000200441
experiment,0,2145,2844,0.000200441
mouth,0,2145,2844,0.000200441
relive,0,2145,2844,0.000200441
rebuttal,0,2145,2844,0.000200441
bridge,0,2145,2844,0.000200441
pretend,0,2145,2844,0.000200441
steal,0,2145,2844,0.000200441
crew,0,2145,2844,0.000200441
coverage,1,2145,2844,0.000400882
health,0,2145,2844,0.000200441
dust,0,2145,2844,0.000200441
children,0,2145,2844,0.000200441
gun,0,2145,2844,0.000200441
parisian,0,2145,2844,0.000200441
debate,0,2145,2844,0.000200441
vote,0,2145,2844,0.000200441
somebody,4,2145,2844,0.001002205
imitation,0,2145,2844,0.000200441
flattery,0,2145,2844,0.000200441
junkyard,0,2145,2844,0.000200441
examine,0,2145,2844,0.000200441
bounce,0,2145,2844,0.000200441
lover,0,2145,2844,0.000200441
beate,0,2145,2844,0.000200441
village,0,2145,2844,0.000200441
intent,0,2145,2844,0.000200441
coupon,0,2145,2844,0.000200441
reward,0,2145,2844,0.000200441
despite,0,2145,2844,0.000200441
monumental,0,2145,2844,0.000200441
conspiracy,0,2145,2844,0.000200441
threw,0,2145,2844,0.000200441
pleasant,0,2145,2844,0.000200441
indee,0,2145,2844,0.000200441
laugh,0,2145,2844,0.000200441
tap,0,2145,2844,0.000200441
private,0,2145,2844,0.000200441
brows,0,2145,2844,0.000200441
eye,0,2145,2844,0.000200441
inspiration,0,2145,2844,0.000200441
duly,0,2145,2844,0.000200441
innovator,0,2145,2844,0.000200441
recent,1,2145,2844,0.000400882
position,0,2145,2844,0.000200441
amaze,0,2145,2844,0.000200441
freshen,0,2145,2844,0.000200441
buggy,0,2145,2844,0.000200441
bookworm,0,2145,2844,0.000200441
abstract,0,2145,2844,0.000200441
limitless,0,2145,2844,0.000200441
librari,0,2145,2844,0.000200441
bill,0,2145,2844,0.000200441
gross,0,2145,2844,0.000200441
develop,0,2145,2844,0.000200441
notch,0,2145,2844,0.000200441
backdrop,0,2145,2844,0.000200441
lot,0,2145,2844,0.000200441
resolution,0,2145,2844,0.000200441
maryland,0,2145,2844,0.000200441
mica,0,2145,2844,0.000200441
catch,1,2145,2844,0.000400882
recently,0,2145,2844,0.000200441
prep,0,2145,2844,0.000200441
unifi,0,2145,2844,0.000200441
europe,0,2145,2844,0.000200441
asia,0,2145,2844,0.000200441
hugo,0,2145,2844,0.000200441
buddi,0,2145,2844,0.000200441
cent,0,2145,2844,0.000200441
capture,0,2145,2844,0.000200441
continuou,0,2145,2844,0.000200441
lapse,0,2145,2844,0.000200441
glitch,0,2145,2844,0.000200441
beirut,0,2145,2844,0.000200441
tag,1,2145,2844,0.000400882
hipster,0,2145,2844,0.000200441
filter,0,2145,2844,0.000200441
irony,0,2145,2844,0.000200441
marketplace,0,2145,2844,0.000200441
preview,0,2145,2844,0.000200441
scale,0,2145,2844,0.000200441
guest,0,2145,2844,0.000200441
mostly,0,2145,2844,0.000200441
chinese,0,2145,2844,0.000200441
show-off,0,2145,2844,0.000200441
reverse,0,2145,2844,0.000200441
crime,0,2145,2844,0.000200441
wear,0,2145,2844,0.000200441
capability,0,2145,2844,0.000200441
measure,0,2145,2844,0.000200441
campaign,0,2145,2844,0.000200441
tagger,0,2145,2844,0.000200441
sticker,0,2145,2844,0.000200441
cheque,0,2145,2844,0.000200441
echelon,0,2145,2844,0.000200441
asian,0,2145,2844,0.000200441
rise,0,2145,2844,0.000200441
democrat,0,2145,2844,0.000200441
join,3,2145,2844,0.000801764
grey,0,2145,2844,0.000200441
chairman,0,2145,2844,0.000200441
greater,1,2145,2844,0.000400882
asset,0,2145,2844,0.000200441
heavy,0,2145,2844,0.000200441
park,0,2145,2844,0.000200441
summit,0,2145,2844,0.000200441
reflect,0,2145,2844,0.000200441
culture,0,2145,2844,0.000200441
poker,0,2145,2844,0.000200441
fight,0,2145,2844,0.000200441
university,1,2145,2844,0.000400882
propose,0,2145,2844,0.000200441
eyelid,0,2145,2844,0.000200441
twitche,0,2145,2844,0.000200441
passe,0,2145,2844,0.000200441
pour,0,2145,2844,0.000200441
singapore,0,2145,2844,0.000200441
pacific,0,2145,2844,0.000200441
region,0,2145,2844,0.000200441
parkway,0,2145,2844,0.000200441
novena,0,2145,2844,0.000200441
premier,0,2145,2844,0.000200441
healthcare,0,2145,2844,0.000200441
impatient,0,2145,2844,0.000200441
arriver,0,2145,2844,0.000200441
salisbury,0,2145,2844,0.000200441
tournament,0,2145,2844,0.000200441
fire,0,2145,2844,0.000200441
fringe,0,2145,2844,0.000200441
pulse,0,2145,2844,0.000200441
para,0,2145,2844,0.000200441
ringgit,0,2145,2844,0.000200441
european,0,2145,2844,0.000200441
currenci,0,2145,2844,0.000200441
strengthen,0,2145,2844,0.000200441
outweigh,0,2145,2844,0.000200441
higher,0,2145,2844,0.000200441
ey,0,2145,2844,0.000200441
thailand,0,2145,2844,0.000200441
factor,0,2145,2844,0.000200441
agency,0,2145,2844,0.000200441
originally,0,2145,2844,0.000200441
guardian,0,2145,2844,0.000200441
shop,0,2145,2844,0.000200441
strategi,0,2145,2844,0.000200441
pace,0,2145,2844,0.000200441
spain,0,2145,2844,0.000200441
downside,0,2145,2844,0.000200441
rumour,0,2145,2844,0.000200441
dive,0,2145,2844,0.000200441
bond,0,2145,2844,0.000200441
strait,0,2145,2844,0.000200441
wheat,0,2145,2844,0.000200441
monopoly,0,2145,2844,0.000200441
swap,0,2145,2844,0.000200441
compliance,0,2145,2844,0.000200441
leas,0,2145,2844,0.000200441
programme,0,2145,2844,0.000200441
rachel,0,2145,2844,0.000200441
specify,0,2145,2844,0.000200441
license,0,2145,2844,0.000200441
surfactant,0,2145,2844,0.000200441
sauce,0,2145,2844,0.000200441
tout,0,2145,2844,0.000200441
beau,0,2145,2844,0.000200441
panda,0,2145,2844,0.000200441
affect,2,2145,2844,0.000601323
rank,0,2145,2844,0.000200441
vendor,0,2145,2844,0.000200441
degree,0,2145,2844,0.000200441
format,0,2145,2844,0.000200441
annotate,0,2145,2844,0.000200441
bibliography,0,2145,2844,0.000200441
jew,0,2145,2844,0.000200441
jesu,2,2145,2844,0.000601323
hitler,0,2145,2844,0.000200441
lab,0,2145,2844,0.000200441
harvard,0,2145,2844,0.000200441
mindfulness,0,2145,2844,0.000200441
technique,0,2145,2844,0.000200441
jewel,0,2145,2844,0.000200441
swear,0,2145,2844,0.000200441
nada,0,2145,2844,0.000200441
dealt,0,2145,2844,0.000200441
method,0,2145,2844,0.000200441
profitable,0,2145,2844,0.000200441
duke,0,2145,2844,0.000200441
homeless,0,2145,2844,0.000200441
Youth,0,2145,2844,0.000200441
domestic,0,2145,2844,0.000200441
violence,0,2145,2844,0.000200441
newbi,0,2145,2844,0.000200441
river,0,2145,2844,0.000200441
waste,0,2145,2844,0.000200441
will,0,2145,2844,0.000200441
hail,0,2145,2844,0.000200441
encounter,0,2145,2844,0.000200441
agenda,1,2145,2844,0.000400882
funniest,0,2145,2844,0.000200441
sushi,0,2145,2844,0.000200441
lawyer,0,2145,2844,0.000200441
police,0,2145,2844,0.000200441
okay,1,2145,2844,0.000400882
feedback,0,2145,2844,0.000200441
settlement,0,2145,2844,0.000200441
plaintiff,0,2145,2844,0.000200441
role,0,2145,2844,0.000200441
insolvency,0,2145,2844,0.000200441
reconnaissance,0,2145,2844,0.000200441
caution,0,2145,2844,0.000200441
cyanogen,0,2145,2844,0.000200441
deep,0,2145,2844,0.000200441
participate,0,2145,2844,0.000200441
certification,0,2145,2844,0.000200441
spanish,0,2145,2844,0.000200441
medical,0,2145,2844,0.000200441
buffalo,0,2145,2844,0.000200441
pavilion,0,2145,2844,0.000200441
claw,0,2145,2844,0.000200441
relevance,0,2145,2844,0.000200441
rich,0,2145,2844,0.000200441
excel,0,2145,2844,0.000200441
productive,0,2145,2844,0.000200441
communication,0,2145,2844,0.000200441
underrate,0,2145,2844,0.000200441
dish,0,2145,2844,0.000200441
handset,0,2145,2844,0.000200441
explorer,0,2145,2844,0.000200441
eate,0,2145,2844,0.000200441
priceless,0,2145,2844,0.000200441
vancouver,0,2145,2844,0.000200441
evangelist,0,2145,2844,0.000200441
cash,0,2145,2844,0.000200441
coast,0,2145,2844,0.000200441
portland,0,2145,2844,0.000200441
safe,0,2145,2844,0.000200441
safety,0,2145,2844,0.000200441
technologi,0,2145,2844,0.000200441
encourage,0,2145,2844,0.000200441
career,0,2145,2844,0.000200441
enjoy,1,2145,2844,0.000400882
compell,0,2145,2844,0.000200441
self-service,0,2145,2844,0.000200441
registration,0,2145,2844,0.000200441
curate,0,2145,2844,0.000200441
greenwich,0,2145,2844,0.000200441
later,1,2145,2844,0.000400882
charity,0,2145,2844,0.000200441
philanthropy,0,2145,2844,0.000200441
scientist,0,2145,2844,0.000200441
extent,0,2145,2844,0.000200441
sponsor,0,2145,2844,0.000200441
delegate,0,2145,2844,0.000200441
validate,0,2145,2844,0.000200441
target,0,2145,2844,0.000200441
touchscreen,0,2145,2844,0.000200441
campu,0,2145,2844,0.000200441
mixer,0,2145,2844,0.000200441
science,0,2145,2844,0.000200441
fiction,0,2145,2844,0.000200441
playful,0,2145,2844,0.000200441
faculty,0,2145,2844,0.000200441
pois,0,2145,2844,0.000200441
action,0,2145,2844,0.000200441
contender,0,2145,2844,0.000200441
combine,0,2145,2844,0.000200441
interface,0,2145,2844,0.000200441
became,0,2145,2844,0.000200441
citizenship,0,2145,2844,0.000200441
member,0,2145,2844,0.000200441
border,0,2145,2844,0.000200441
utiliti,0,2145,2844,0.000200441
enterprise,0,2145,2844,0.000200441
scalability,0,2145,2844,0.000200441
unfair,0,2145,2844,0.000200441
assessment,0,2145,2844,0.000200441
sage,0,2145,2844,0.000200441
dynamic,0,2145,2844,0.000200441
opportuniti,0,2145,2844,0.000200441
tour,0,2145,2844,0.000200441
helsinki,0,2145,2844,0.000200441
finland,0,2145,2844,0.000200441
sugar-coate,0,2145,2844,0.000200441
blatant,0,2145,2844,0.000200441
propaganda,0,2145,2844,0.000200441
composite,0,2145,2844,0.000200441
individual,0,2145,2844,0.000200441
technological,0,2145,2844,0.000200441
futuristic,0,2145,2844,0.000200441
desir,0,2145,2844,0.000200441
provid,1,2145,2844,0.000400882
fund,0,2145,2844,0.000200441
sweatshop,0,2145,2844,0.000200441
gate,0,2145,2844,0.000200441
foundation,2,2145,2844,0.000601323
courtesy,0,2145,2844,0.000200441
inspir,0,2145,2844,0.000200441
surface,0,2145,2844,0.000200441
vulnerability,0,2145,2844,0.000200441
framework,0,2145,2844,0.000200441
eclips,0,2145,2844,0.000200441
violate,0,2145,2844,0.000200441
u.,0,2145,2844,0.000200441
law,0,2145,2844,0.000200441
netscape,0,2145,2844,0.000200441
victim,0,2145,2844,0.000200441
racketeer,0,2145,2844,0.000200441
outlaw,0,2145,2844,0.000200441
worker,0,2145,2844,0.000200441
chief,0,2145,2844,0.000200441
mole,0,2145,2844,0.000200441
messy,0,2145,2844,0.000200441
nightmare,0,2145,2844,0.000200441
creepy,0,2145,2844,0.000200441
enrage,0,2145,2844,0.000200441
produce,0,2145,2844,0.000200441
lobby,0,2145,2844,0.000200441
politician,0,2145,2844,0.000200441
acceptable,0,2145,2844,0.000200441
sit,0,2145,2844,0.000200441
compare,0,2145,2844,0.000200441
albatross,0,2145,2844,0.000200441
neck,0,2145,2844,0.000200441
happier,0,2145,2844,0.000200441
comp,0,2145,2844,0.000200441
discussion,0,2145,2844,0.000200441
grab,1,2145,2844,0.000400882
nearly,0,2145,2844,0.000200441
dine,0,2145,2844,0.000200441
lean,0,2145,2844,0.000200441
concept,0,2145,2844,0.000200441
corporation,0,2145,2844,0.000200441
difference,1,2145,2844,0.000400882
kick,0,2145,2844,0.000200441
alongside,0,2145,2844,0.000200441
colour,0,2145,2844,0.000200441
blew,0,2145,2844,0.000200441
water,0,2145,2844,0.000200441
interoperability,0,2145,2844,0.000200441
backward,0,2145,2844,0.000200441
compatibility,0,2145,2844,0.000200441
stephen,0,2145,2844,0.000200441
cesspit,0,2145,2844,0.000200441
extreme,0,2145,2844,0.000200441
avoid,0,2145,2844,0.000200441
negative,1,2145,2844,0.000400882
comment,0,2145,2844,0.000200441
distrust,0,2145,2844,0.000200441
angst,0,2145,2844,0.000200441
fixation,0,2145,2844,0.000200441
wave,0,2145,2844,0.000200441
bye-bye,0,2145,2844,0.000200441
preach,0,2145,2844,0.000200441
value,0,2145,2844,0.000200441
excuse,0,2145,2844,0.000200441
instantly,0,2145,2844,0.000200441
manually,0,2145,2844,0.000200441
unproductive,0,2145,2844,0.000200441
forc,0,2145,2844,0.000200441
enemi,0,2145,2844,0.000200441
pray,1,2145,2844,0.000400882
licens,0,2145,2844,0.000200441
baffle,0,2145,2844,0.000200441
moron,0,2145,2844,0.000200441
arrogance,0,2145,2844,0.000200441
compliment,0,2145,2844,0.000200441
obituari,0,2145,2844,0.000200441
riskiest,0,2145,2844,0.000200441
attribut,0,2145,2844,0.000200441
undergo,0,2145,2844,0.000200441
trial,0,2145,2844,0.000200441
alleg,0,2145,2844,0.000200441
practice,1,2145,2844,0.000400882
conclud,0,2145,2844,0.000200441
march,0,2145,2844,0.000200441
ultimate,1,2145,2844,0.000400882
catastrophe,0,2145,2844,0.000200441
plot,0,2145,2844,0.000200441
loathe,0,2145,2844,0.000200441
unable,2,2145,2844,0.000601323
german,0,2145,2844,0.000200441
federal,0,2145,2844,0.000200441
trojan,0,2145,2844,0.000200441
spy,0,2145,2844,0.000200441
exception,0,2145,2844,0.000200441
slack,0,2145,2844,0.000200441
mandarin,0,2145,2844,0.000200441
studi,0,2145,2844,0.000200441
cisco,0,2145,2844,0.000200441
sledgehammer,0,2145,2844,0.000200441
sake,0,2145,2844,0.000200441
friendship,0,2145,2844,0.000200441
aggressive,0,2145,2844,0.000200441
criticise,0,2145,2844,0.000200441
face-to-face,0,2145,2844,0.000200441
corporate,0,2145,2844,0.000200441
bonobo,0,2145,2844,0.000200441
monkey,0,2145,2844,0.000200441
ass,0,2145,2844,0.000200441
linux,0,2145,2844,0.000200441
extremist,0,2145,2844,0.000200441
attack,0,2145,2844,0.000200441
freedom,0,2145,2844,0.000200441
age,0,2145,2844,0.000200441
faith,1,2145,2844,0.000400882
lift,0,2145,2844,0.000200441
clear,1,2145,2844,0.000400882
disable,0,2145,2844,0.000200441
third,1,2145,2844,0.000400882
unmindful,0,2145,2844,0.000200441
collect,0,2145,2844,0.000200441
letter,0,2145,2844,0.000200441
retire,0,2145,2844,0.000200441
techie,0,2145,2844,0.000200441
leader,0,2145,2844,0.000200441
darkness,0,2145,2844,0.000200441
bind,0,2145,2844,0.000200441
vista,0,2145,2844,0.000200441
unborn,0,2145,2844,0.000200441
prediction,0,2145,2844,0.000200441
dell,0,2145,2844,0.000200441
shitty,0,2145,2844,0.000200441
ghost,0,2145,2844,0.000200441
logic,0,2145,2844,0.000200441
enlighten,0,2145,2844,0.000200441
diaz,0,2145,2844,0.000200441
influential,0,2145,2844,0.000200441
hispanic,0,2145,2844,0.000200441
compiler,0,2145,2844,0.000200441
specialist,0,2145,2844,0.000200441
bangalore,0,2145,2844,0.000200441
spigot,0,2145,2844,0.000200441
paper,0,2145,2844,0.000200441
bogu,0,2145,2844,0.000200441
benchmark,0,2145,2844,0.000200441
testify,0,2145,2844,0.000200441
novel,0,2145,2844,0.000200441
copyright,0,2145,2844,0.000200441
advert,0,2145,2844,0.000200441
denali,0,2145,2844,0.000200441
technical,1,2145,2844,0.000400882
researcher,0,2145,2844,0.000200441
gentle,0,2145,2844,0.000200441
meekly,0,2145,2844,0.000200441
doom,0,2145,2844,0.000200441
supporter,0,2145,2844,0.000200441
quote,2,2145,2844,0.000601323
episode,0,2145,2844,0.000200441
hawaii,0,2145,2844,0.000200441
kickoff,0,2145,2844,0.000200441
ping,0,2145,2844,0.000200441
embrac,0,2145,2844,0.000200441
apache,0,2145,2844,0.000200441
azure,0,2145,2844,0.000200441
pareto,0,2145,2844,0.000200441
chart,6,2145,2844,0.001403087
procedural,0,2145,2844,0.000200441
syntax,0,2145,2844,0.000200441
talent,0,2145,2844,0.000200441
boast,0,2145,2844,0.000200441
temp,0,2145,2844,0.000200441
workforce,0,2145,2844,0.000200441
beeline,0,2145,2844,0.000200441
central,0,2145,2844,0.000200441
boxe,0,2145,2844,0.000200441
holiday,0,2145,2844,0.000200441
bundle,0,2145,2844,0.000200441
season,0,2145,2844,0.000200441
joint,0,2145,2844,0.000200441
vital,0,2145,2844,0.000200441
participation,0,2145,2844,0.000200441
weep,0,2145,2844,0.000200441
mercy,0,2145,2844,0.000200441
firmware,0,2145,2844,0.000200441
innovate,0,2145,2844,0.000200441
api,0,2145,2844,0.000200441
basic,0,2145,2844,0.000200441
broadly,0,2145,2844,0.000200441
insight,0,2145,2844,0.000200441
organization,0,2145,2844,0.000200441
interact,2,2145,2844,0.000601323
norway,0,2145,2844,0.000200441
chair,0,2145,2844,0.000200441
interview,1,2145,2844,0.000400882
minority,0,2145,2844,0.000200441
carnegie,0,2145,2844,0.000200441
mellon,0,2145,2844,0.000200441
incomparable,0,2145,2844,0.000200441
tangl,0,2145,2844,0.000200441
mess,3,2145,2844,0.000801764
desk,0,2145,2844,0.000200441
conductive,0,2145,2844,0.000200441
gesture,0,2145,2844,0.000200441
spare,1,2145,2844,0.000400882
arbitrary,0,2145,2844,0.000200441
everyday,0,2145,2844,0.000200441
booth,0,2145,2844,0.000200441
duty,0,2145,2844,0.000200441
modern,0,2145,2844,0.000200441
warfare,0,2145,2844,0.000200441
transform,0,2145,2844,0.000200441
dancer,0,2145,2844,0.000200441
nowhere,0,2145,2844,0.000200441
near,0,2145,2844,0.000200441
slash,0,2145,2844,0.000200441
quincy,0,2145,2844,0.000200441
washington,0,2145,2844,0.000200441
summary,0,2145,2844,0.000200441
,1,2145,2844,0.000400882
feet,0,2145,2844,0.000200441
supplier,0,2145,2844,0.000200441
sustainability,0,2145,2844,0.000200441
movement,6,2145,2844,0.001403087
plastic,0,2145,2844,0.000200441
approach,0,2145,2844,0.000200441
durban,0,2145,2844,0.000200441
conflict,0,2145,2844,0.000200441
guru,0,2145,2844,0.000200441
institute,0,2145,2844,0.000200441
accuracy,0,2145,2844,0.000200441
integration,0,2145,2844,0.000200441
incorrect,0,2145,2844,0.000200441
association,0,2145,2844,0.000200441
undecid,0,2145,2844,0.000200441
minu,0,2145,2844,0.000200441
celebrity,0,2145,2844,0.000200441
impersonation,0,2145,2844,0.000200441
common,0,2145,2844,0.000200441
clothe,0,2145,2844,0.000200441
initiative,0,2145,2844,0.000200441
alternate,0,2145,2844,0.000200441
row,1,2145,2844,0.000400882
shortcut,0,2145,2844,0.000200441
bargain,0,2145,2844,0.000200441
bruise,0,2145,2844,0.000200441
expectation,0,2145,2844,0.000200441
deployment,0,2145,2844,0.000200441
securiti,0,2145,2844,0.000200441
interaction,0,2145,2844,0.000200441
engag,1,2145,2844,0.000400882
diss,0,2145,2844,0.000200441
e-commerce,0,2145,2844,0.000200441
expert,1,2145,2844,0.000400882
manipulate,0,2145,2844,0.000200441
swipe,0,2145,2844,0.000200441
dawn,0,2145,2844,0.000200441
evan,0,2145,2844,0.000200441
exec,0,2145,2844,0.000200441
seri,0,2145,2844,0.000200441
operation,0,2145,2844,0.000200441
holographic,0,2145,2844,0.000200441
vision,0,2145,2844,0.000200441
governance,0,2145,2844,0.000200441
exam,1,2145,2844,0.000400882
appli,0,2145,2844,0.000200441
critic,0,2145,2844,0.000200441
friendliness,0,2145,2844,0.000200441
branch,0,2145,2844,0.000200441
appliance,0,2145,2844,0.000200441
hybrid,0,2145,2844,0.000200441
gateway,0,2145,2844,0.000200441
fanatic,0,2145,2844,0.000200441
secur,0,2145,2844,0.000200441
certificate,0,2145,2844,0.000200441
brief,0,2145,2844,0.000200441
intelligence,0,2145,2844,0.000200441
studio,0,2145,2844,0.000200441
package,0,2145,2844,0.000200441
wonderful,0,2145,2844,0.000200441
orlando,0,2145,2844,0.000200441
automation,0,2145,2844,0.000200441
disney,0,2145,2844,0.000200441
course,0,2145,2844,0.000200441
persona,0,2145,2844,0.000200441
celebriti,0,2145,2844,0.000200441
road,1,2145,2844,0.000400882
newly,0,2145,2844,0.000200441
testimonial,0,2145,2844,0.000200441
seriou,0,2145,2844,0.000200441
view,1,2145,2844,0.000400882
connectivity,0,2145,2844,0.000200441
breakfast,0,2145,2844,0.000200441
slam,0,2145,2844,0.000200441
refine,0,2145,2844,0.000200441
regard,0,2145,2844,0.000200441
sugar,0,2145,2844,0.000200441
database,0,2145,2844,0.000200441
structure,0,2145,2844,0.000200441
accelerate,0,2145,2844,0.000200441
var,0,2145,2844,0.000200441
lucky,0,2145,2844,0.000200441
19th,0,2145,2844,0.000200441
department,0,2145,2844,0.000200441
justice,0,2145,2844,0.000200441
began,0,2145,2844,0.000200441
obsolete,0,2145,2844,0.000200441
flood,0,2145,2844,0.000200441
crisi,0,2145,2844,0.000200441
bangkok,0,2145,2844,0.000200441
county,0,2145,2844,0.000200441
automate,0,2145,2844,0.000200441
optimization,0,2145,2844,0.000200441
visibility,0,2145,2844,0.000200441
publish,0,2145,2844,0.000200441
cookbook,0,2145,2844,0.000200441
disguise,0,2145,2844,0.000200441
amateur,0,2145,2844,0.000200441
obviou,0,2145,2844,0.000200441
voucher,0,2145,2844,0.000200441
quarterly,0,2145,2844,0.000200441
implement,0,2145,2844,0.000200441
prompt,0,2145,2844,0.000200441
elevate,0,2145,2844,0.000200441
silently,0,2145,2844,0.000200441
academy,0,2145,2844,0.000200441
kenya,0,2145,2844,0.000200441
east,0,2145,2844,0.000200441
southern,0,2145,2844,0.000200441
multimedia,0,2145,2844,0.000200441
stravinsky,0,2145,2844,0.000200441
cd-rom,0,2145,2844,0.000200441
notebook,0,2145,2844,0.000200441
plug,0,2145,2844,0.000200441
installation,0,2145,2844,0.000200441
trashe,0,2145,2844,0.000200441
credential,0,2145,2844,0.000200441
director,0,2145,2844,0.000200441
consult,0,2145,2844,0.000200441
oracle,0,2145,2844,0.000200441
trade,0,2145,2844,0.000200441
packag,0,2145,2844,0.000200441
david,0,2145,2844,0.000200441
seize,0,2145,2844,0.000200441
boss,0,2145,2844,0.000200441
tile,0,2145,2844,0.000200441
heaven,0,2145,2844,0.000200441
gadgeteer,0,2145,2844,0.000200441
stimulate,0,2145,2844,0.000200441
playback,0,2145,2844,0.000200441
badge,0,2145,2844,0.000200441
additional,0,2145,2844,0.000200441
internal,0,2145,2844,0.000200441
greenest,0,2145,2844,0.000200441
danger,0,2145,2844,0.000200441
anonymou,0,2145,2844,0.000200441
example,0,2145,2844,0.000200441
pitman,0,2145,2844,0.000200441
customize,0,2145,2844,0.000200441
scam,0,2145,2844,0.000200441
viru,0,2145,2844,0.000200441
potential,0,2145,2844,0.000200441
qualification,0,2145,2844,0.000200441
lay,0,2145,2844,0.000200441
toulouse,0,2145,2844,0.000200441
achiev,0,2145,2844,0.000200441
mill,0,2145,2844,0.000200441
transaction,0,2145,2844,0.000200441
garner,0,2145,2844,0.000200441
organise,0,2145,2844,0.000200441
gold,0,2145,2844,0.000200441
tumble,0,2145,2844,0.000200441
dozen,0,2145,2844,0.000200441
organize,0,2145,2844,0.000200441
emergency,0,2145,2844,0.000200441
seat,0,2145,2844,0.000200441
delaware,0,2145,2844,0.000200441
projector,0,2145,2844,0.000200441
south,0,2145,2844,0.000200441
richmond,0,2145,2844,0.000200441
backyard,0,2145,2844,0.000200441
queue,0,2145,2844,0.000200441
workspace,0,2145,2844,0.000200441
ti,0,2145,2844,0.000200441
fri,0,2145,2844,0.000200441
balance,0,2145,2844,0.000200441
surpass,0,2145,2844,0.000200441
government,0,2145,2844,0.000200441
blob,0,2145,2844,0.000200441
milky,0,2145,2844,0.000200441
film,0,2145,2844,0.000200441
busyness,0,2145,2844,0.000200441
pocket,0,2145,2844,0.000200441
handheld,0,2145,2844,0.000200441
sterl,0,2145,2844,0.000200441
resume,0,2145,2844,0.000200441
consideration,0,2145,2844,0.000200441
algeria,0,2145,2844,0.000200441
britain,0,2145,2844,0.000200441
attract,0,2145,2844,0.000200441
shot,0,2145,2844,0.000200441
custom,0,2145,2844,0.000200441
sort,0,2145,2844,0.000200441
categori,0,2145,2844,0.000200441
wire,0,2145,2844,0.000200441
comput,0,2145,2844,0.000200441
escape,0,2145,2844,0.000200441
cake,0,2145,2844,0.000200441
involv,0,2145,2844,0.000200441
balm,0,2145,2844,0.000200441
royalti,0,2145,2844,0.000200441
pastel,0,2145,2844,0.000200441
physical,0,2145,2844,0.000200441
creator,0,2145,2844,0.000200441
driver,0,2145,2844,0.000200441
administrator,0,2145,2844,0.000200441
consultant,0,2145,2844,0.000200441
trainer,0,2145,2844,0.000200441
bank,0,2145,2844,0.000200441
hype,0,2145,2844,0.000200441
workload,0,2145,2844,0.000200441
qualify,0,2145,2844,0.000200441
todd,0,2145,2844,0.000200441
eight,0,2145,2844,0.000200441
adoption,0,2145,2844,0.000200441
practical,0,2145,2844,0.000200441
apron,0,2145,2844,0.000200441
foodie,0,2145,2844,0.000200441
sesame,0,2145,2844,0.000200441
national,0,2145,2844,0.000200441
geographic,0,2145,2844,0.000200441
tango,0,2145,2844,0.000200441
apollo,0,2145,2844,0.000200441
complicate,0,2145,2844,0.000200441
rescue,0,2145,2844,0.000200441
ensemble,0,2145,2844,0.000200441
incentive,0,2145,2844,0.000200441
belle,0,2145,2844,0.000200441
bug,0,2145,2844,0.000200441
tester,0,2145,2844,0.000200441
cerulean,0,2145,2844,0.000200441
size,0,2145,2844,0.000200441
freez,0,2145,2844,0.000200441
demonstrate,0,2145,2844,0.000200441
apart,0,2145,2844,0.000200441
genuine,0,2145,2844,0.000200441
fake,1,2145,2844,0.000400882
scammer,0,2145,2844,0.000200441
lure,0,2145,2844,0.000200441
grant,0,2145,2844,0.000200441
pinball,0,2145,2844,0.000200441
table,0,2145,2844,0.000200441
strongly,1,2145,2844,0.000400882
recommend,0,2145,2844,0.000200441
contest,0,2145,2844,0.000200441
chariti,0,2145,2844,0.000200441
unfortunately,0,2145,2844,0.000200441
catchment,0,2145,2844,0.000200441
cloth,1,2145,2844,0.000400882
alchemy,0,2145,2844,0.000200441
exclude,0,2145,2844,0.000200441
scribble,0,2145,2844,0.000200441
anti,0,2145,2844,0.000200441
expos,0,2145,2844,0.000200441
kept,0,2145,2844,0.000200441
fell,0,2145,2844,0.000200441
exist,0,2145,2844,0.000200441
realisation,0,2145,2844,0.000200441
complex,0,2145,2844,0.000200441
angle,0,2145,2844,0.000200441
contrast,0,2145,2844,0.000200441
portal,0,2145,2844,0.000200441
finalise,0,2145,2844,0.000200441
dodg,0,2145,2844,0.000200441
bullet,0,2145,2844,0.000200441
acquire,0,2145,2844,0.000200441
exact,0,2145,2844,0.000200441
favor,0,2145,2844,0.000200441
fresh,1,2145,2844,0.000400882
disclos,0,2145,2844,0.000200441
nascent,0,2145,2844,0.000200441
exploit,0,2145,2844,0.000200441
pose,0,2145,2844,0.000200441
rookie,0,2145,2844,0.000200441
veteran,0,2145,2844,0.000200441
tier,0,2145,2844,0.000200441
natural,0,2145,2844,0.000200441
ergonomic,0,2145,2844,0.000200441
guard,0,2145,2844,0.000200441
creation,0,2145,2844,0.000200441
range,0,2145,2844,0.000200441
tick,0,2145,2844,0.000200441
vouch,0,2145,2844,0.000200441
programmer,0,2145,2844,0.000200441
ethical,0,2145,2844,0.000200441
interactive,0,2145,2844,0.000200441
winner,0,2145,2844,0.000200441
sweepstake,0,2145,2844,0.000200441
log-in,0,2145,2844,0.000200441
competitor,0,2145,2844,0.000200441
dryad,0,2145,2844,0.000200441
mary,0,2145,2844,0.000200441
basically,0,2145,2844,0.000200441
glorifi,0,2145,2844,0.000200441
approache,0,2145,2844,0.000200441
wild,0,2145,2844,0.000200441
follower,29,2145,2844,0.006013229
giveaway,0,2145,2844,0.000200441
mock,0,2145,2844,0.000200441
circuit,0,2145,2844,0.000200441
saint,0,2145,2844,0.000200441
doughnut,0,2145,2844,0.000200441
dinner,1,2145,2844,0.000400882
techno,0,2145,2844,0.000200441
depot,0,2145,2844,0.000200441
shopper,0,2145,2844,0.000200441
distribution,0,2145,2844,0.000200441
philip,0,2145,2844,0.000200441
nobel,0,2145,2844,0.000200441
writer,0,2145,2844,0.000200441
squar,0,2145,2844,0.000200441
corner,0,2145,2844,0.000200441
wary,0,2145,2844,0.000200441
soft,0,2145,2844,0.000200441
proxy,0,2145,2844,0.000200441
unblock,0,2145,2844,0.000200441
plush,0,2145,2844,0.000200441
turret,0,2145,2844,0.000200441
deploy,0,2145,2844,0.000200441
